id,creation_time,property1,property2,property3,property4,property5,failed,time_of_death,details,assignment_id,event_type
1,2018-12-14 15:32:04.934348,,,,,,f,,{},3UWN2HHPUZY1RKXDWKJ5OLVAHHANSS,AssignmentAccepted
2,2018-12-14 15:32:04.962808,,,,,,f,,{},3R8YZBNQ9IB0BJQDO9DBXOUJZEKQ7V,AssignmentAccepted
3,2018-12-14 15:32:04.98923,,,,,,f,,{},3N4BPTXIO9LGYR4EOCMPBUWU8JQKU0,AssignmentAccepted
4,2018-12-14 15:32:06.773961,,,,,,f,,{},3DZQRBDBSM8UNG43E1ZQF7X4C0JS3H,AssignmentAccepted
5,2018-12-14 15:32:06.813074,,,,,,f,,{},39GXDJN2OU7WG5RDKDZRHBPMRQ5V8H,AssignmentAccepted
6,2018-12-14 15:32:06.845122,,,,,,f,,{},3WOKGM4L729J8WDDOX0YT4PWCZWO0L,AssignmentAccepted
7,2018-12-14 15:32:06.934044,,,,,,f,,{},3W92K5RLWVADTN8BMFSO5RFVP04V5F,AssignmentAccepted
8,2018-12-14 15:32:06.955498,,,,,,f,,{},3TXD01ZLD5AVKPFB3KZ94D7YBX14UV,AssignmentAccepted
9,2018-12-14 15:32:06.976704,,,,,,f,,{},3WMOAN2SRCQHJCEHQFOAZ8FHGL4NVX,AssignmentAccepted
10,2018-12-14 15:32:06.997384,,,,,,f,,{},3STRJBFXOXK1YEPPO7WF6YASP5JKT9,AssignmentAccepted
11,2018-12-14 15:32:07.49326,,,,,,f,,{},34S9DKFK74IYN69MVQBU67JBY26NY6,AssignmentAccepted
12,2018-12-14 15:32:07.524246,,,,,,f,,{},34HJIJKLP6PVX44B8A9E0Z9HP49V4A,AssignmentAccepted
13,2018-12-14 15:32:07.55737,,,,,,f,,{},3W2LOLRXLC8OIZCXKIRK6J9A1KMKRW,AssignmentAccepted
14,2018-12-14 15:32:07.583871,,,,,,f,,{},3Z2R0DQ0JI74SF32961G7GOX5VB2EG,AssignmentAccepted
15,2018-12-14 15:32:07.611437,,,,,,f,,{},3FQ5JJ512MH331K5RBA3XZ400NXKN8,AssignmentAccepted
16,2018-12-14 15:32:07.641458,,,,,,f,,{},3IUZPWIU1P0TQVTJJC1QTIHRTZ1KWZ,AssignmentAccepted
17,2018-12-14 15:32:07.672787,,,,,,f,,{},32N49TQG3HBAZTKSHBJ5D2VHHE5VAL,AssignmentAccepted
18,2018-12-14 15:32:07.699742,,,,,,f,,{},3IAS3U3I0G96LCRIZFZQ68IC2YY2BG,AssignmentAccepted
19,2018-12-14 15:32:07.724555,,,,,,f,,{},3PM8NZGV8Z9UQYW46MH9RN7717ZXQX,AssignmentAccepted
20,2018-12-14 15:32:07.749884,,,,,,f,,{},3ON104KXQLP8CT4GYKEAM1SVWDC4WU,AssignmentAccepted
21,2018-12-14 15:32:08.477436,,,,,,f,,{},3ZR9AIQJUC2F433V5DLPF6JRV8X04O,AssignmentAccepted
22,2018-12-14 15:32:08.509578,,,,,,f,,{},3TU5ZICBREU4BXVWYE5HBOQEAYQQ8I,AssignmentAccepted
23,2018-12-14 15:32:08.570888,,,,,,f,,{},3TVRFO09GL8JZ1GREH9DA18DR1CXL8,AssignmentAccepted
24,2018-12-14 15:32:08.599925,,,,,,f,,{},3VNXK88KKDBWUAANP555H7KXBWNV96,AssignmentAccepted
25,2018-12-14 15:32:08.634936,,,,,,f,,{},3COPXFW7XC536MWI7QNV1O9V02YKP4,AssignmentAccepted
26,2018-12-14 15:32:08.666855,,,,,,f,,{},33M4IA01QHUU2ZB4J169WDHCXT1XRY,AssignmentAccepted
27,2018-12-14 15:32:08.699569,,,,,,f,,{},3CN4LGXD5YHC1YZGDLWY7YDB7LC4YT,AssignmentAccepted
28,2018-12-14 15:32:09.155294,,,,,,f,,{},32UTUBMZ7HPFI3PKNPJ18DFNZWQVBG,AssignmentAccepted
29,2018-12-14 15:32:09.185392,,,,,,f,,{},3M81GAB8A1CNDVT31QPR2QGFI4BQBH,AssignmentAccepted
30,2018-12-14 15:32:31.704527,,,,,,f,,{},3GS6S824SRQUY1EMGPT6LAYVNU6NW7,AssignmentAccepted
31,2018-12-14 15:32:31.737076,,,,,,f,,{},324G5B4FB41CNQLE7BJWII31MAN078,AssignmentAccepted
32,2018-12-14 15:32:31.811217,,,,,,f,,{},3WYGZ5XF3X80JECAZ7RPWTE6NM5KSK,AssignmentAccepted
33,2018-12-14 15:32:36.480275,,,,,,f,,{},345LHZDEDYLA2TW736UQU8FSXX33U7,AssignmentSubmitted
34,2018-12-14 15:32:37.469461,,,,,,f,,{},3ON104KXQLP8CT4GYKEAM1SVWDC4WU,AssignmentReturned
35,2018-12-14 15:33:12.188258,,,,,,f,,{},3TDXMTX3CCN4QLOPSR3AI831DTK6IA,AssignmentAccepted
36,2018-12-14 15:33:17.327377,,,,,,f,,{},3RXCAC0YISIDY81IVI05HAMC4BGG8C,AssignmentSubmitted
37,2018-12-14 15:33:40.989272,,,,,,f,,{},3FPRZHYEPZ0AF8L78W4VQUHBB4C3VW,AssignmentSubmitted
38,2018-12-14 15:34:13.670386,,,,,,f,,{},3K5TEWLKGW4P5B3QTZBIU0J0UM9IVB,AssignmentSubmitted
39,2018-12-14 15:35:15.665112,,,,,,f,,{},3S06PH7KSSXSBO76U7QIWFW7DDV1D4,AssignmentSubmitted
40,2018-12-14 15:36:50.156744,,,,,,f,,{},3STRJBFXOXK1YEPPO7WF6YASP5JKT9,AssignmentReturned
41,2018-12-14 15:36:52.928259,,,,,,f,,{},324G5B4FB41CNQLE7BJWII31MAN078,AssignmentReturned
42,2018-12-14 15:36:57.748743,,,,,,f,,{},3W2LOLRXLC8OIZCXKIRK6J9A1KMKRW,AssignmentSubmitted
43,2018-12-14 15:36:57.839893,,,,,,f,,{},3IUZPWIU1P0TQVTJJC1QTIHRTZ1KWZ,AssignmentSubmitted
44,2018-12-14 15:37:08.76912,,,,,,f,,{},3VNXK88KKDBWUAANP555H7KXBWNV96,AssignmentReturned
45,2018-12-14 15:37:09.998479,,,,,,f,,{},3VNXK88KKDBWUAANP555H7KXBWNV96,AssignmentAccepted
46,2018-12-14 15:37:10.10531,,,,,,f,,{},3STRJBFXOXK1YEPPO7WF6YASP5JKT9,AssignmentAccepted
47,2018-12-14 15:37:14.032451,,,,,,f,,{},3TU5ZICBREU4BXVWYE5HBOQEAYQQ8I,AssignmentSubmitted
48,2018-12-14 15:37:14.092452,,,,,,f,,{},32N49TQG3HBAZTKSHBJ5D2VHHE5VAL,AssignmentSubmitted
49,2018-12-14 15:37:31.198296,,,,,,f,,{},3PM8NZGV8Z9UQYW46MH9RN7717ZXQX,AssignmentSubmitted
50,2018-12-14 15:37:49.345889,,,,,,f,,{},324G5B4FB41CNQLE7BJWII31MAN078,AssignmentAccepted
51,2018-12-14 15:37:50.156474,,,,,,f,,{},3KYQYYSHYW0D7GE709OT8B9F6O4DO2,AssignmentSubmitted
52,2018-12-14 15:38:20.716105,,,,,,f,,{},34S9DKFK74IYN69MVQBU67JBY26NY6,AssignmentSubmitted
53,2018-12-14 15:39:09.81252,,,,,,f,,{},3IAS3U3I0G96LCRIZFZQ68IC2YY2BG,AssignmentSubmitted
54,2018-12-14 15:39:20.622071,,,,,,f,,{},3R8YZBNQ9IB0BJQDO9DBXOUJZEKQ7V,AssignmentSubmitted
55,2018-12-14 15:39:38.63773,,,,,,f,,{},3BV8HQ2ZZXUPK35RG3BX1AFI0LD6A4,AssignmentSubmitted
56,2018-12-14 15:39:38.672234,,,,,,f,,{},3NLZY2D53QIZQ4FFS3ELGTCKUYOLQY,AssignmentSubmitted
57,2018-12-14 15:39:38.707371,,,,,,f,,{},3MYYFCXHJ40CF7EGJFAS0Y672PKG45,AssignmentSubmitted
58,2018-12-14 15:39:53.587568,,,,,,f,,{},3RRCEFRB7N5GOQ653TIEZNFAMCSB4J,AssignmentSubmitted
59,2018-12-14 15:39:53.620646,,,,,,f,,{},3WI0P0II62LG4T6NS15X26EKHBODRB,AssignmentSubmitted
60,2018-12-14 15:39:53.661334,,,,,,f,,{},3OS4RQUCRA8QM63UNAEXQRC1B21BF7,AssignmentSubmitted
61,2018-12-14 15:39:53.804032,,,,,,f,,{},39U1BHVTDMKV2GHI314GPCTQEJW3TG,AssignmentSubmitted
62,2018-12-14 15:48:27.518588,,,,,,f,,{},3W92K5RLWVADTN8BMFSO5RFVP04V5F,AssignmentReturned
63,2018-12-14 15:48:37.083491,,,,,,f,,{},3Z2R0DQ0JI74SF32961G7GOX5VB2EG,AssignmentReturned
64,2018-12-14 15:48:50.975539,,,,,,f,,{},3W92K5RLWVADTN8BMFSO5RFVP04V5F,AssignmentAccepted
65,2018-12-14 15:48:55.550125,,,,,,f,,{},3Z2R0DQ0JI74SF32961G7GOX5VB2EG,AssignmentAccepted
66,2018-12-14 15:58:27.67159,,,,,,f,,{},3GS6S824SRQUY1EMGPT6LAYVNU6NW7,AssignmentReturned
67,2018-12-14 15:59:49.229987,,,,,,f,,{},3FQ5JJ512MH331K5RBA3XZ400NXKN8,AssignmentReturned
68,2018-12-14 15:59:57.15546,,,,,,f,,{},3FQ5JJ512MH331K5RBA3XZ400NXKN8,AssignmentAccepted
69,2018-12-14 16:00:03.427134,,,,,,f,,{},3COPXFW7XC536MWI7QNV1O9V02YKP4,AssignmentReturned
70,2018-12-14 16:02:09.731751,,,,,,f,,{},3WOKGM4L729J8WDDOX0YT4PWCZWO0L,AssignmentAbandoned
71,2018-12-14 16:02:17.687162,,,,,,f,,{},3WYGZ5XF3X80JECAZ7RPWTE6NM5KSK,AssignmentAbandoned
72,2018-12-14 16:02:24.852472,,,,,,f,,{},3M81GAB8A1CNDVT31QPR2QGFI4BQBH,AssignmentAbandoned
73,2018-12-14 16:02:37.404836,,,,,,f,,{},3M81GAB8A1CNDVT31QPR2QGFI4BQBH,AssignmentAccepted
74,2018-12-14 16:04:05.440718,,,,,,f,,{},3Z2R0DQ0JI74SF32961G7GOX5VB2EG,AssignmentReturned
75,2018-12-14 16:07:22.609775,,,,,,f,,{},3VNXK88KKDBWUAANP555H7KXBWNV96,AssignmentAbandoned
