id,creation_time,property1,property2,property3,property4,property5,failed,time_of_death,details,type,fingerprint_hash,recruiter_id,worker_id,assignment_id,unique_id,hit_id,mode,end_time,base_pay,bonus,status
24,2018-12-14 15:38:52.975418,,,,,,f,,{},participant,undefined,mturk,24,3IAS3U3I0G96LCRIZFZQ68IC2YY2BG,24:3IAS3U3I0G96LCRIZFZQ68IC2YY2BG,371DNNCG44VEGTPUPGUAS95EDNN8TD,undefined,2018-12-14 15:39:09.818036,1,0,approved
11,2018-12-14 15:34:24.802949,,,,,,f,,{},participant,undefined,mturk,11,324G5B4FB41CNQLE7BJWII31MAN078,11:324G5B4FB41CNQLE7BJWII31MAN078,371DNNCG44VEGTPUPGUAS95EDNN8TD,undefined,2018-12-14 15:36:52.933602,,,returned
17,2018-12-14 15:36:19.555714,,,,,,f,,{},participant,undefined,mturk,17,3IUZPWIU1P0TQVTJJC1QTIHRTZ1KWZ,17:3IUZPWIU1P0TQVTJJC1QTIHRTZ1KWZ,371DNNCG44VEGTPUPGUAS95EDNN8TD,undefined,2018-12-14 15:36:57.846354,1,0,approved
20,2018-12-14 15:36:49.220802,,,,,,f,,{},participant,undefined,mturk,20,3TU5ZICBREU4BXVWYE5HBOQEAYQQ8I,20:3TU5ZICBREU4BXVWYE5HBOQEAYQQ8I,371DNNCG44VEGTPUPGUAS95EDNN8TD,undefined,2018-12-14 15:37:14.038096,1,0,approved
18,2018-12-14 15:36:33.660172,,,,,,f,,{},participant,undefined,mturk,18,3W2LOLRXLC8OIZCXKIRK6J9A1KMKRW,18:3W2LOLRXLC8OIZCXKIRK6J9A1KMKRW,371DNNCG44VEGTPUPGUAS95EDNN8TD,undefined,2018-12-14 15:36:57.754191,1,0,approved
12,2018-12-14 15:34:27.379255,,,,,,f,,{},participant,undefined,mturk,12,3VNXK88KKDBWUAANP555H7KXBWNV96,12:3VNXK88KKDBWUAANP555H7KXBWNV96,371DNNCG44VEGTPUPGUAS95EDNN8TD,undefined,2018-12-14 15:37:08.774596,,,returned
22,2018-12-14 15:37:51.870623,,,,,,f,,{},participant,undefined,mturk,22,34S9DKFK74IYN69MVQBU67JBY26NY6,22:34S9DKFK74IYN69MVQBU67JBY26NY6,371DNNCG44VEGTPUPGUAS95EDNN8TD,undefined,2018-12-14 15:38:20.721471,1,0,approved
19,2018-12-14 15:36:48.327216,,,,,,f,,{},participant,undefined,mturk,19,32N49TQG3HBAZTKSHBJ5D2VHHE5VAL,19:32N49TQG3HBAZTKSHBJ5D2VHHE5VAL,371DNNCG44VEGTPUPGUAS95EDNN8TD,undefined,2018-12-14 15:37:14.098072,1,0,approved
21,2018-12-14 15:37:21.108218,,,,,,f,,{},participant,undefined,mturk,21,3PM8NZGV8Z9UQYW46MH9RN7717ZXQX,21:3PM8NZGV8Z9UQYW46MH9RN7717ZXQX,371DNNCG44VEGTPUPGUAS95EDNN8TD,undefined,2018-12-14 15:37:31.203627,1,0,approved
7,2018-12-14 15:33:55.361333,,,,,,f,,{},participant,undefined,mturk,7,39GXDJN2OU7WG5RDKDZRHBPMRQ5V8H,7:39GXDJN2OU7WG5RDKDZRHBPMRQ5V8H,371DNNCG44VEGTPUPGUAS95EDNN8TD,undefined,2018-12-14 15:46:11.379658,,,approved
26,2018-12-14 15:42:12.927269,,,,,,f,,{},participant,undefined,mturk,26,3ZR9AIQJUC2F433V5DLPF6JRV8X04O,26:3ZR9AIQJUC2F433V5DLPF6JRV8X04O,371DNNCG44VEGTPUPGUAS95EDNN8TD,undefined,2018-12-14 15:42:19.169623,,,overrecruited
23,2018-12-14 15:38:49.949193,,,,,,f,,{},participant,undefined,mturk,23,3R8YZBNQ9IB0BJQDO9DBXOUJZEKQ7V,23:3R8YZBNQ9IB0BJQDO9DBXOUJZEKQ7V,371DNNCG44VEGTPUPGUAS95EDNN8TD,undefined,2018-12-14 15:39:20.627481,1,0,approved
25,2018-12-14 15:40:27.262858,,,,,,f,,{},participant,undefined,mturk,25,3DZQRBDBSM8UNG43E1ZQF7X4C0JS3H,25:3DZQRBDBSM8UNG43E1ZQF7X4C0JS3H,371DNNCG44VEGTPUPGUAS95EDNN8TD,undefined,2018-12-14 15:40:28.410464,,,overrecruited
4,2018-12-14 15:33:41.644798,,,,,,f,,{},participant,undefined,mturk,4,3UWN2HHPUZY1RKXDWKJ5OLVAHHANSS,4:3UWN2HHPUZY1RKXDWKJ5OLVAHHANSS,371DNNCG44VEGTPUPGUAS95EDNN8TD,undefined,2018-12-14 15:47:18.742242,,,approved
14,2018-12-14 15:34:41.046228,,,,,,f,,{},participant,undefined,mturk,14,3TVRFO09GL8JZ1GREH9DA18DR1CXL8,14:3TVRFO09GL8JZ1GREH9DA18DR1CXL8,371DNNCG44VEGTPUPGUAS95EDNN8TD,undefined,2018-12-14 15:46:26.154264,,,approved
13,2018-12-14 15:34:36.189699,,,,,,f,,{},participant,undefined,mturk,13,32UTUBMZ7HPFI3PKNPJ18DFNZWQVBG,13:32UTUBMZ7HPFI3PKNPJ18DFNZWQVBG,371DNNCG44VEGTPUPGUAS95EDNN8TD,undefined,2018-12-14 15:50:39.491724,,,approved
15,2018-12-14 15:34:55.754482,,,,,,f,,{},participant,undefined,mturk,15,3TXD01ZLD5AVKPFB3KZ94D7YBX14UV,15:3TXD01ZLD5AVKPFB3KZ94D7YBX14UV,371DNNCG44VEGTPUPGUAS95EDNN8TD,undefined,2018-12-14 15:46:22.136324,,,approved
6,2018-12-14 15:33:45.531854,,,,,,f,,{},participant,undefined,mturk,6,3N4BPTXIO9LGYR4EOCMPBUWU8JQKU0,6:3N4BPTXIO9LGYR4EOCMPBUWU8JQKU0,371DNNCG44VEGTPUPGUAS95EDNN8TD,undefined,2018-12-14 15:49:00.949983,,,approved
2,2018-12-14 15:33:13.354764,,,,,,f,,{},participant,undefined,mturk,2,3CN4LGXD5YHC1YZGDLWY7YDB7LC4YT,2:3CN4LGXD5YHC1YZGDLWY7YDB7LC4YT,371DNNCG44VEGTPUPGUAS95EDNN8TD,undefined,2018-12-14 15:48:12.944719,,,approved
3,2018-12-14 15:33:36.222347,,,,,,f,,{},participant,undefined,mturk,3,3WMOAN2SRCQHJCEHQFOAZ8FHGL4NVX,3:3WMOAN2SRCQHJCEHQFOAZ8FHGL4NVX,371DNNCG44VEGTPUPGUAS95EDNN8TD,undefined,2018-12-14 15:41:55.511587,,,approved
16,2018-12-14 15:35:49.752054,,,,,,f,,{},participant,undefined,mturk,16,3W92K5RLWVADTN8BMFSO5RFVP04V5F,16:3W92K5RLWVADTN8BMFSO5RFVP04V5F,371DNNCG44VEGTPUPGUAS95EDNN8TD,undefined,2018-12-14 15:48:27.524218,,,returned
10,2018-12-14 15:34:11.611413,,,,,,f,,{},participant,undefined,mturk,10,3Z2R0DQ0JI74SF32961G7GOX5VB2EG,10:3Z2R0DQ0JI74SF32961G7GOX5VB2EG,371DNNCG44VEGTPUPGUAS95EDNN8TD,undefined,2018-12-14 15:48:37.08902,,,returned
27,2018-12-14 15:48:52.300324,,,,,,f,,{},participant,undefined,mturk,27,34HJIJKLP6PVX44B8A9E0Z9HP49V4A,27:34HJIJKLP6PVX44B8A9E0Z9HP49V4A,371DNNCG44VEGTPUPGUAS95EDNN8TD,undefined,2018-12-14 15:48:54.763239,,,overrecruited
8,2018-12-14 15:34:05.671507,,,,,,f,,{},participant,undefined,mturk,8,3TDXMTX3CCN4QLOPSR3AI831DTK6IA,8:3TDXMTX3CCN4QLOPSR3AI831DTK6IA,371DNNCG44VEGTPUPGUAS95EDNN8TD,undefined,2018-12-14 15:46:45.082626,,,approved
28,2018-12-14 15:49:54.948956,,,,,,f,,{},participant,undefined,mturk,28,3W92K5RLWVADTN8BMFSO5RFVP04V5F,28:3W92K5RLWVADTN8BMFSO5RFVP04V5F,371DNNCG44VEGTPUPGUAS95EDNN8TD,undefined,2018-12-14 15:49:57.968751,,,overrecruited
29,2018-12-14 15:50:09.932971,,,,,,f,,{},participant,undefined,mturk,29,3STRJBFXOXK1YEPPO7WF6YASP5JKT9,29:3STRJBFXOXK1YEPPO7WF6YASP5JKT9,371DNNCG44VEGTPUPGUAS95EDNN8TD,undefined,2018-12-14 15:50:11.364322,,,overrecruited
30,2018-12-14 15:59:49.407152,,,,,,f,,{},participant,undefined,mturk,30,324G5B4FB41CNQLE7BJWII31MAN078,30:324G5B4FB41CNQLE7BJWII31MAN078,371DNNCG44VEGTPUPGUAS95EDNN8TD,undefined,2018-12-14 15:59:54.718073,,,overrecruited
9,2018-12-14 15:34:09.800325,,,,,,f,,{},participant,undefined,mturk,9,3COPXFW7XC536MWI7QNV1O9V02YKP4,9:3COPXFW7XC536MWI7QNV1O9V02YKP4,371DNNCG44VEGTPUPGUAS95EDNN8TD,undefined,2018-12-14 16:00:03.432858,,,returned
31,2018-12-14 16:00:56.530693,,,,,,f,,{},participant,undefined,mturk,31,3LBXNTKX0SOOYZFIPK6N5SHIR71X9H,31:3LBXNTKX0SOOYZFIPK6N5SHIR71X9H,371DNNCG44VEGTPUPGUAS95EDNN8TD,undefined,2018-12-14 16:00:58.18187,,,overrecruited
5,2018-12-14 15:33:42.735638,,,,,,f,,{},participant,undefined,mturk,5,3WOKGM4L729J8WDDOX0YT4PWCZWO0L,5:3WOKGM4L729J8WDDOX0YT4PWCZWO0L,371DNNCG44VEGTPUPGUAS95EDNN8TD,undefined,2018-12-14 16:02:09.801986,,,abandoned
32,2018-12-14 16:03:49.214031,,,,,,f,,{},participant,undefined,mturk,32,3M81GAB8A1CNDVT31QPR2QGFI4BQBH,32:3M81GAB8A1CNDVT31QPR2QGFI4BQBH,371DNNCG44VEGTPUPGUAS95EDNN8TD,undefined,2018-12-14 16:04:14.451928,,,overrecruited
1,2018-12-14 15:32:50.155728,,,,,,f,,{},participant,undefined,mturk,1,33M4IA01QHUU2ZB4J169WDHCXT1XRY,1:33M4IA01QHUU2ZB4J169WDHCXT1XRY,371DNNCG44VEGTPUPGUAS95EDNN8TD,undefined,2018-12-14 15:47:52.201469,,,approved
33,2018-12-14 16:04:38.646582,,,,,,f,,{},participant,undefined,mturk,33,35H6S234SBTSEXTAL7KGTZZW87J564,33:35H6S234SBTSEXTAL7KGTZZW87J564,371DNNCG44VEGTPUPGUAS95EDNN8TD,undefined,2018-12-14 16:04:49.744529,,,overrecruited
34,2018-12-14 16:08:41.461502,,,,,,f,,{},participant,undefined,mturk,34,33LKR6A5KFDZSD33GXQX1JETGZQ1TU,34:33LKR6A5KFDZSD33GXQX1JETGZQ1TU,371DNNCG44VEGTPUPGUAS95EDNN8TD,undefined,2018-12-14 16:08:44.603263,,,overrecruited
35,2018-12-14 16:13:52.850667,,,,,,f,,{},participant,undefined,mturk,35,3KKG4CDWKJRX0XR8594I8HKKYCX94F,35:3KKG4CDWKJRX0XR8594I8HKKYCX94F,371DNNCG44VEGTPUPGUAS95EDNN8TD,undefined,2018-12-14 16:13:57.628544,,,overrecruited
36,2018-12-14 16:18:59.502699,,,,,,f,,{},participant,undefined,mturk,36,3FQ5JJ512MH331K5RBA3XZ400NXKN8,36:3FQ5JJ512MH331K5RBA3XZ400NXKN8,371DNNCG44VEGTPUPGUAS95EDNN8TD,undefined,2018-12-14 16:19:11.58792,,,overrecruited
37,2018-12-14 16:19:36.897191,,,,,,f,,{},participant,undefined,mturk,37,3WRFBPLXRBHX73CY65I4GDNYP1L3NQ,37:3WRFBPLXRBHX73CY65I4GDNYP1L3NQ,371DNNCG44VEGTPUPGUAS95EDNN8TD,undefined,2018-12-14 16:19:43.906441,,,overrecruited
38,2018-12-14 16:24:18.680558,,,,,,f,,{},participant,undefined,mturk,38,30LB5CDZND3V70RKQ6BF92W0W370Z7,38:30LB5CDZND3V70RKQ6BF92W0W370Z7,371DNNCG44VEGTPUPGUAS95EDNN8TD,undefined,2018-12-14 16:24:24.262495,,,overrecruited
