id,creation_time,property1,property2,property3,property4,property5,failed,time_of_death,details,type,participant_id,number,question,response
1,2018-12-14 15:41:55.425661,,,,,,f,,{},question,3,1,questionnaire,"{""engagement"":""3"",""difficulty"":""7""}"
2,2018-12-14 15:46:22.079405,,,,,,f,,{},question,15,1,questionnaire,"{""engagement"":""3"",""difficulty"":""7""}"
3,2018-12-14 15:46:25.992745,,,,,,f,,{},question,14,1,questionnaire,"{""engagement"":""7"",""difficulty"":""7""}"
4,2018-12-14 15:46:44.806289,,,,,,f,,{},question,8,1,questionnaire,"{""engagement"":""7"",""difficulty"":""7""}"
5,2018-12-14 15:47:17.69481,,,,,,f,,{},question,4,1,questionnaire,"{""engagement"":""6"",""difficulty"":""5""}"
6,2018-12-14 15:47:52.094625,,,,,,f,,{},question,1,1,questionnaire,"{""engagement"":""7"",""difficulty"":""1""}"
7,2018-12-14 15:48:12.794837,,,,,,f,,{},question,2,1,questionnaire,"{""engagement"":""6"",""difficulty"":""7""}"
8,2018-12-14 15:49:00.801325,,,,,,f,,{},question,6,1,questionnaire,"{""engagement"":""7"",""difficulty"":""2""}"
9,2018-12-14 15:50:39.35651,,,,,,f,,{},question,13,1,questionnaire,"{""engagement"":""7"",""difficulty"":""3""}"
