id,creation_time,property1,property2,property3,property4,property5,failed,time_of_death,details,assignment_id,event_type
1,2018-12-14 17:33:26.955385,,,,,,f,,{},3WS1NTTKEZ5P2J0KPUH86AGIKYQF0B,AssignmentAccepted
2,2018-12-14 17:33:27.011686,,,,,,f,,{},3YMU66OBIO16RJ2BYMUBUNFB7USHGE,AssignmentAccepted
3,2018-12-14 17:33:27.048751,,,,,,f,,{},3TXWC2NHN0JG2ITJVA006K0QCSES9J,AssignmentAccepted
4,2018-12-14 17:33:27.079619,,,,,,f,,{},3YT88D1N09RWZXRV9SQOOL6UV6RK3D,AssignmentAccepted
5,2018-12-14 17:33:27.108669,,,,,,f,,{},37TD41K0AI2I0G0M7UAR8A1YIDHSC0,AssignmentAccepted
6,2018-12-14 17:33:27.336709,,,,,,f,,{},3QY7M81QH8FE0GSIB4TE12IA08DK7I,AssignmentAccepted
7,2018-12-14 17:33:27.394525,,,,,,f,,{},3GNCZX450JGXU9NWVZA67A6ZVQPPAF,AssignmentAccepted
8,2018-12-14 17:33:27.479001,,,,,,f,,{},3HQUKB7LNG7KRFXMISCTFNRCMU5HHD,AssignmentAccepted
9,2018-12-14 17:33:27.50329,,,,,,f,,{},3E4GGUZ1T9K7EFVC5SCJ5B12PSRK22,AssignmentAccepted
10,2018-12-14 17:33:27.527455,,,,,,f,,{},3SNLUL3WO5GRIXMW9CYQQU99XJGULY,AssignmentAccepted
11,2018-12-14 17:33:27.550677,,,,,,f,,{},39N5ACM9HFGJPQDR3TW6BFVFP87P90,AssignmentAccepted
12,2018-12-14 17:33:29.174661,,,,,,f,,{},3SKRO2GZ72K0PUDGMOC50SRXXMDK1L,AssignmentAccepted
13,2018-12-14 17:33:30.277997,,,,,,f,,{},3R2PKQ87NX16FO9HF7AR740N3TJMIK,AssignmentAccepted
14,2018-12-14 17:33:30.303501,,,,,,f,,{},39DD6S19JQ4UYQ6EYDAUURY4Q4UEZK,AssignmentAccepted
15,2018-12-14 17:33:30.353091,,,,,,f,,{},39ASUFLU6Y05TV6ZXVM9X6ITI4WEXN,AssignmentAccepted
16,2018-12-14 17:33:30.383651,,,,,,f,,{},3SEPORI8WOSR8DP2I888Y88D5PWZAA,AssignmentAccepted
17,2018-12-14 17:34:26.798093,,,,,,f,,{},35BLDD71I7QB01S0T3Z4UVMQQZRZV5,AssignmentSubmitted
18,2018-12-14 17:36:29.879793,,,,,,f,,{},38SKSKU7R2QM96RWFV9C7RLY3OPILA,AssignmentSubmitted
19,2018-12-14 17:36:58.245136,,,,,,f,,{},3QY7M81QH8FE0GSIB4TE12IA08DK7I,AssignmentSubmitted
20,2018-12-14 17:37:00.353255,,,,,,f,,{},39LNWE0K4VPPSWEQO91DYEHHGFNIU9,AssignmentAccepted
21,2018-12-14 17:37:53.270483,,,,,,f,,{},39LNWE0K4VPPSWEQO91DYEHHGFNIU9,AssignmentSubmitted
22,2018-12-14 17:38:02.778664,,,,,,f,,{},3HQUKB7LNG7KRFXMISCTFNRCMU5HHD,AssignmentSubmitted
23,2018-12-14 17:41:11.347623,,,,,,f,,{},3YMU66OBIO16RJ2BYMUBUNFB7USHGE,AssignmentReturned
24,2018-12-14 17:53:26.559006,,,,,,f,,{},39N5ACM9HFGJPQDR3TW6BFVFP87P90,AssignmentReturned
25,2018-12-14 17:53:26.644892,,,,,,f,,{},39N5ACM9HFGJPQDR3TW6BFVFP87P90,AssignmentAccepted
26,2018-12-14 18:03:45.599787,,,,,,f,,{},3SKRO2GZ72K0PUDGMOC50SRXXMDK1L,AssignmentAbandoned
27,2018-12-14 18:03:48.195082,,,,,,f,,{},3YT88D1N09RWZXRV9SQOOL6UV6RK3D,AssignmentAbandoned
28,2018-12-14 18:03:48.22566,,,,,,f,,{},3YT88D1N09RWZXRV9SQOOL6UV6RK3D,AssignmentAccepted
