id,creation_time,property1,property2,property3,property4,property5,failed,time_of_death,details,type,fingerprint_hash,recruiter_id,worker_id,assignment_id,unique_id,hit_id,mode,end_time,base_pay,bonus,status
14,2018-12-14 17:54:52.730549,,,,,,f,,{},participant,undefined,mturk,14,39N5ACM9HFGJPQDR3TW6BFVFP87P90,14:39N5ACM9HFGJPQDR3TW6BFVFP87P90,3D06DR5225COMMSPDHDC2MGH932AMT,undefined,2018-12-14 17:54:54.686404,,,overrecruited
9,2018-12-14 17:36:37.847671,,,,,,f,,{},participant,undefined,mturk,9,3QY7M81QH8FE0GSIB4TE12IA08DK7I,9:3QY7M81QH8FE0GSIB4TE12IA08DK7I,3D06DR5225COMMSPDHDC2MGH932AMT,undefined,2018-12-14 17:36:58.250184,1,0,approved
15,2018-12-14 17:55:43.19006,,,,,,f,,{},participant,undefined,mturk,15,3R2PKQ87NX16FO9HF7AR740N3TJMIK,15:3R2PKQ87NX16FO9HF7AR740N3TJMIK,3D06DR5225COMMSPDHDC2MGH932AMT,undefined,2018-12-14 17:55:46.034239,,,overrecruited
10,2018-12-14 17:37:32.884338,,,,,,f,,{},participant,undefined,mturk,10,3HQUKB7LNG7KRFXMISCTFNRCMU5HHD,10:3HQUKB7LNG7KRFXMISCTFNRCMU5HHD,3D06DR5225COMMSPDHDC2MGH932AMT,undefined,2018-12-14 17:38:02.784254,1,0,approved
4,2018-12-14 17:34:32.921163,,,,,,f,,{},participant,undefined,mturk,4,3YMU66OBIO16RJ2BYMUBUNFB7USHGE,4:3YMU66OBIO16RJ2BYMUBUNFB7USHGE,3D06DR5225COMMSPDHDC2MGH932AMT,undefined,2018-12-14 17:41:11.353014,,,returned
11,2018-12-14 17:41:12.87939,,,,,,f,,{},participant,undefined,mturk,11,37TD41K0AI2I0G0M7UAR8A1YIDHSC0,11:37TD41K0AI2I0G0M7UAR8A1YIDHSC0,3D06DR5225COMMSPDHDC2MGH932AMT,undefined,2018-12-14 17:41:18.089535,,,overrecruited
12,2018-12-14 17:46:36.809925,,,,,,f,,{},participant,undefined,mturk,12,3TXWC2NHN0JG2ITJVA006K0QCSES9J,12:3TXWC2NHN0JG2ITJVA006K0QCSES9J,3D06DR5225COMMSPDHDC2MGH932AMT,undefined,2018-12-14 17:46:43.865332,,,overrecruited
13,2018-12-14 17:47:02.248373,,,,,,f,,{},participant,undefined,mturk,13,3LQ8PUHQFMLKNA86OAUEFZSRM7MIH9,13:3LQ8PUHQFMLKNA86OAUEFZSRM7MIH9,3D06DR5225COMMSPDHDC2MGH932AMT,undefined,2018-12-14 17:47:03.879596,,,overrecruited
1,2018-12-14 17:33:38.598286,,,,,,f,,{},participant,undefined,mturk,1,3E4GGUZ1T9K7EFVC5SCJ5B12PSRK22,1:3E4GGUZ1T9K7EFVC5SCJ5B12PSRK22,3D06DR5225COMMSPDHDC2MGH932AMT,undefined,2018-12-14 17:46:11.908415,,,approved
16,2018-12-14 18:05:50.592294,,,,,,f,,{},participant,undefined,mturk,16,34S9DKFK74IYN69MVQBU67JBY3WNYY,16:34S9DKFK74IYN69MVQBU67JBY3WNYY,3D06DR5225COMMSPDHDC2MGH932AMT,undefined,2018-12-14 18:06:00.739495,,,overrecruited
2,2018-12-14 17:34:08.592144,,,,,,f,,{},participant,undefined,mturk,2,3SEPORI8WOSR8DP2I888Y88D5PWZAA,2:3SEPORI8WOSR8DP2I888Y88D5PWZAA,3D06DR5225COMMSPDHDC2MGH932AMT,undefined,2018-12-14 17:46:15.6367,,,approved
5,2018-12-14 17:34:41.320717,,,,,,f,,{},participant,undefined,mturk,5,3WS1NTTKEZ5P2J0KPUH86AGIKYQF0B,5:3WS1NTTKEZ5P2J0KPUH86AGIKYQF0B,3D06DR5225COMMSPDHDC2MGH932AMT,undefined,2018-12-14 17:46:12.994864,,,approved
3,2018-12-14 17:34:15.30032,,,,,,f,,{},participant,undefined,mturk,3,3SNLUL3WO5GRIXMW9CYQQU99XJGULY,3:3SNLUL3WO5GRIXMW9CYQQU99XJGULY,3D06DR5225COMMSPDHDC2MGH932AMT,undefined,2018-12-14 17:46:25.088883,,,approved
6,2018-12-14 17:35:09.517361,,,,,,f,,{},participant,undefined,mturk,6,39DD6S19JQ4UYQ6EYDAUURY4Q4UEZK,6:39DD6S19JQ4UYQ6EYDAUURY4Q4UEZK,3D06DR5225COMMSPDHDC2MGH932AMT,undefined,2018-12-14 17:46:28.90306,,,approved
7,2018-12-14 17:35:37.922635,,,,,,f,,{},participant,undefined,mturk,7,39ASUFLU6Y05TV6ZXVM9X6ITI4WEXN,7:39ASUFLU6Y05TV6ZXVM9X6ITI4WEXN,3D06DR5225COMMSPDHDC2MGH932AMT,undefined,2018-12-14 17:46:17.6502,,,approved
8,2018-12-14 17:36:04.770168,,,,,,f,,{},participant,undefined,mturk,8,3GNCZX450JGXU9NWVZA67A6ZVQPPAF,8:3GNCZX450JGXU9NWVZA67A6ZVQPPAF,3D06DR5225COMMSPDHDC2MGH932AMT,undefined,2018-12-14 17:46:12.754679,,,approved
17,2018-12-14 18:16:57.854197,,,,,,f,,{},participant,undefined,mturk,17,3YT88D1N09RWZXRV9SQOOL6UV6RK3D,17:3YT88D1N09RWZXRV9SQOOL6UV6RK3D,3D06DR5225COMMSPDHDC2MGH932AMT,undefined,2018-12-14 18:17:06.415368,,,overrecruited
