id,creation_time,property1,property2,property3,property4,property5,failed,time_of_death,details,type,participant_id,number,question,response
1,2018-12-14 17:46:11.761023,,,,,,f,,{},question,1,1,questionnaire,"{""engagement"":""6"",""difficulty"":""5""}"
2,2018-12-14 17:46:12.575787,,,,,,f,,{},question,8,1,questionnaire,"{""engagement"":""7"",""difficulty"":""1""}"
3,2018-12-14 17:46:12.866993,,,,,,f,,{},question,5,1,questionnaire,"{""engagement"":""7"",""difficulty"":""6""}"
4,2018-12-14 17:46:15.520224,,,,,,f,,{},question,2,1,questionnaire,"{""engagement"":""7"",""difficulty"":""1""}"
5,2018-12-14 17:46:17.552664,,,,,,f,,{},question,7,1,questionnaire,"{""engagement"":""7"",""difficulty"":""4""}"
6,2018-12-14 17:46:24.955517,,,,,,f,,{},question,3,1,questionnaire,"{""engagement"":""7"",""difficulty"":""7""}"
7,2018-12-14 17:46:28.753705,,,,,,f,,{},question,6,1,questionnaire,"{""engagement"":""7"",""difficulty"":""5""}"
