id,creation_time,property1,property2,property3,property4,property5,failed,time_of_death,details,assignment_id,event_type
1,2018-12-16 23:58:38.495379,,,,,,f,,{},3JW0YLFXRU9KLVN08QKTHTBMGHGWWZ,AssignmentAccepted
2,2018-12-16 23:58:38.518098,,,,,,f,,{},3KMS4QQVK3JRF97OTNRQPUVRY7HFKO,AssignmentAccepted
3,2018-12-16 23:58:38.545255,,,,,,f,,{},3ZGVPD4G6UAWN9OBO8ZPTDY5TP2TZW,AssignmentAccepted
4,2018-12-16 23:58:39.374007,,,,,,f,,{},33OOO72IVIEJFGD1WUFHIFXKK7GCTG,AssignmentAccepted
5,2018-12-17 00:00:17.225078,,,,,,f,,{},3DH6GAKTYZIS4VN5YEMO1UQK8RJZYQ,AssignmentSubmitted
6,2018-12-17 00:17:45.842184,,,,,,f,,{},3KMS4QQVK3JRF97OTNRQPUVRY7HFKO,AssignmentReturned
7,2018-12-17 00:17:56.023228,,,,,,f,,{},3KMS4QQVK3JRF97OTNRQPUVRY7HFKO,AssignmentAccepted
8,2018-12-17 00:27:48.601236,,,,,,f,,{},3JW0YLFXRU9KLVN08QKTHTBMGHGWWZ,AssignmentReturned
9,2018-12-17 00:48:08.656574,,,,,,f,,{},3KMS4QQVK3JRF97OTNRQPUVRY7HFKO,AssignmentAbandoned
