id,creation_time,property1,property2,property3,property4,property5,failed,time_of_death,details,type,fingerprint_hash,recruiter_id,worker_id,assignment_id,unique_id,hit_id,mode,end_time,base_pay,bonus,status
3,2018-12-17 00:09:34.288662,,,,,,f,,{},participant,undefined,mturk,3,3ZGVPD4G6UAWN9OBO8ZPTDY5TP2TZW,3:3ZGVPD4G6UAWN9OBO8ZPTDY5TP2TZW,3JMQI2OLFZYS2BG19SJE52DN05SNDA,undefined,2018-12-17 00:09:37.40061,,,overrecruited
4,2018-12-17 00:17:25.562972,,,,,,f,,{},participant,undefined,mturk,4,3KMS4QQVK3JRF97OTNRQPUVRY7HFKO,4:3KMS4QQVK3JRF97OTNRQPUVRY7HFKO,3JMQI2OLFZYS2BG19SJE52DN05SNDA,undefined,2018-12-17 00:17:28.087235,,,overrecruited
1,2018-12-16 23:59:23.770556,,,,,,f,,{},participant,undefined,mturk,1,3JW0YLFXRU9KLVN08QKTHTBMGHGWWZ,1:3JW0YLFXRU9KLVN08QKTHTBMGHGWWZ,3JMQI2OLFZYS2BG19SJE52DN05SNDA,undefined,2018-12-17 00:27:48.687828,,,returned
2,2018-12-17 00:07:24.462741,,,,,,f,,{},participant,undefined,mturk,2,33OOO72IVIEJFGD1WUFHIFXKK7GCTG,2:33OOO72IVIEJFGD1WUFHIFXKK7GCTG,3JMQI2OLFZYS2BG19SJE52DN05SNDA,undefined,2018-12-17 00:17:37.04474,,,approved
5,2018-12-17 01:20:25.46115,,,,,,f,,{},participant,undefined,mturk,5,384PI804XTUY6O56VEH7D9ZX9Z8S0H,5:384PI804XTUY6O56VEH7D9ZX9Z8S0H,3JMQI2OLFZYS2BG19SJE52DN05SNDA,undefined,2018-12-17 01:20:33.629208,,,overrecruited
6,2018-12-17 02:05:59.688697,,,,,,f,,{},participant,undefined,mturk,6,3NLZY2D53QIZQ4FFS3ELGTCKU93QL4,6:3NLZY2D53QIZQ4FFS3ELGTCKU93QL4,3JMQI2OLFZYS2BG19SJE52DN05SNDA,undefined,2018-12-17 02:06:01.208822,,,overrecruited
