id,creation_time,property1,property2,property3,property4,property5,failed,time_of_death,details,assignment_id,event_type
1,2018-12-14 03:03:50.064248,,,,,,f,,{},3RGU30DZTB12AZTNXPVRJ5FNG27JMG,AssignmentAccepted
2,2018-12-14 03:03:51.529803,,,,,,f,,{},3X1FV8S5JYKB9KXV3BBF9O6KF32GVQ,AssignmentAccepted
3,2018-12-14 03:03:51.564704,,,,,,f,,{},386PBUZZXGQI4HB2XDUCJS0YGXHJLE,AssignmentAccepted
4,2018-12-14 03:03:51.60854,,,,,,f,,{},3EWIJTFFVP0XW50OUJX2OSVI8RAE0F,AssignmentAccepted
5,2018-12-14 03:03:51.645798,,,,,,f,,{},3H7XDTSHKDKOO9X0TLGBVQPYMC4GW0,AssignmentAccepted
6,2018-12-14 03:03:52.723542,,,,,,f,,{},37TRT2X24RK6R8PQ605I5P4T433BJJ,AssignmentAccepted
7,2018-12-14 03:03:52.783685,,,,,,f,,{},3K3R2QNK8CWWHVLNKFV0LLIEXJY9U3,AssignmentAccepted
8,2018-12-14 03:03:52.897247,,,,,,f,,{},3570Y55XZQCSDES08MYZGNAEXK4GYZ,AssignmentAccepted
9,2018-12-14 03:03:57.380372,,,,,,f,,{},3BF51CHDTW39GFRQKK589VSV072H0Y,AssignmentAccepted
10,2018-12-14 03:03:57.407104,,,,,,f,,{},3ZSY5X72NY478QXCIAJDD0QJLJGORS,AssignmentAccepted
11,2018-12-14 03:03:57.451152,,,,,,f,,{},3TXWC2NHN0JG2ITJVA006K0QCMD9SN,AssignmentAccepted
12,2018-12-14 03:03:57.481887,,,,,,f,,{},3ZOTGHDK5J4J95XPXZJI3AVF7LZOSG,AssignmentAccepted
13,2018-12-14 03:03:57.507225,,,,,,f,,{},3ERMJ6L4DZL9Q4SLWG6UGFAEP77M7C,AssignmentAccepted
14,2018-12-14 03:03:57.537668,,,,,,f,,{},3N8OEVH1FSJ4BD5WQI29J5LEAWWOOJ,AssignmentAccepted
15,2018-12-14 03:03:57.563379,,,,,,f,,{},3GDTJDAPVV4DQIX46LY0UF690RDM8Z,AssignmentAccepted
16,2018-12-14 03:03:57.593262,,,,,,f,,{},36DSNE9QZ6RQA2EZA5A4B94SB2MJOV,AssignmentAccepted
17,2018-12-14 03:03:57.620518,,,,,,f,,{},3M81GAB8A1CNDVT31QPR2QGFIYVBQA,AssignmentAccepted
18,2018-12-14 03:03:57.65076,,,,,,f,,{},3VNXK88KKDBWUAANP555H7KXBQ79VS,AssignmentAccepted
19,2018-12-14 03:03:57.678118,,,,,,f,,{},3IGI0VL648DMTS5KP32W4GL9KMRON4,AssignmentAccepted
20,2018-12-14 03:03:57.707646,,,,,,f,,{},3P1L2B7AD2IW5S2ZDQMHROHKFRROL2,AssignmentAccepted
21,2018-12-14 03:03:57.734842,,,,,,f,,{},3NPFYT4IZDX3D92Q3QCXX935VEAGXT,AssignmentAccepted
22,2018-12-14 03:03:57.764416,,,,,,f,,{},3YDTZAI2WY9FBSOD1WPPTB210UM412,AssignmentAccepted
23,2018-12-14 03:03:57.789744,,,,,,f,,{},3OONKJ5DKDCKSJGNMDXNDLLF3XDBO2,AssignmentAccepted
24,2018-12-14 03:03:58.384536,,,,,,f,,{},3EG49X351V51GGDKRD3BLIQG1076XH,AssignmentAccepted
25,2018-12-14 03:03:58.417928,,,,,,f,,{},3WYP994K18KQGL3UW9PD4WXP3616YN,AssignmentAccepted
26,2018-12-14 03:04:01.725145,,,,,,f,,{},3A1PQ49WVIA9N4C8G398N0B55Z8H11,AssignmentAccepted
27,2018-12-14 03:04:03.243436,,,,,,f,,{},3SUWZRL0MZ6SAGM3W8DJXT59LUWE6G,AssignmentAccepted
28,2018-12-14 03:04:03.276967,,,,,,f,,{},304SM51WA4XZQB8GTUEWXQVG0MGBSZ,AssignmentAccepted
29,2018-12-14 03:04:03.30552,,,,,,f,,{},3GGAI1SQEWRF2LNHNXE5W12SQIYMC5,AssignmentAccepted
30,2018-12-14 03:04:03.337193,,,,,,f,,{},3EJPLAJKEN9QLBDZSVRWI36R9056ZE,AssignmentAccepted
31,2018-12-14 03:04:16.343281,,,,,,f,,{},308XBLVESJXNPW83E5ER7GQKEKXBRB,AssignmentAccepted
32,2018-12-14 03:04:16.372658,,,,,,f,,{},308XBLVESJXNPW83E5ER7GQKEKXBRB,AssignmentReturned
33,2018-12-14 03:04:16.42948,,,,,,f,,{},3KXIR214I59M0D69K0P3YUC6S0042J,AssignmentAccepted
34,2018-12-14 03:04:25.757303,,,,,,f,,{},3YDGXNSEO0NXMS8Y0HY48LP9E0S48M,AssignmentAccepted
35,2018-12-14 03:05:13.402784,,,,,,f,,{},3NG53N1RLWCJBLUHY1QSBJ045WOP8Y,AssignmentAccepted
36,2018-12-14 03:06:53.522886,,,,,,f,,{},3ZSY5X72NY478QXCIAJDD0QJLJGORS,AssignmentReturned
37,2018-12-14 03:07:04.716867,,,,,,f,,{},3ZSY5X72NY478QXCIAJDD0QJLJGORS,AssignmentAccepted
38,2018-12-14 03:07:06.73094,,,,,,f,,{},3ZPBJO59KQU3FZSKWWT3O2CEUWADHM,AssignmentSubmitted
39,2018-12-14 03:07:06.766527,,,,,,f,,{},3VJ40NV2QJGKO5A4MZO8DFR194BTO8,AssignmentSubmitted
40,2018-12-14 03:09:23.912915,,,,,,f,,{},3BF51CHDTW39GFRQKK589VSV072H0Y,AssignmentSubmitted
41,2018-12-14 03:09:23.990756,,,,,,f,,{},3NG53N1RLWCJBLUHY1QSBJ045WN8PG,AssignmentSubmitted
42,2018-12-14 03:09:24.029356,,,,,,f,,{},3A1PQ49WVIA9N4C8G398N0B55Z8H11,AssignmentSubmitted
43,2018-12-14 03:11:21.91045,,,,,,f,,{},3570Y55XZQCSDES08MYZGNAEXK4GYZ,AssignmentSubmitted
44,2018-12-14 03:11:30.432113,,,,,,f,,{},3U4J9857OF4D7DOO5RGL2ZZKD82B7B,AssignmentSubmitted
45,2018-12-14 03:11:30.465519,,,,,,f,,{},3TU5ZICBREU4BXVWYE5HBOQEAS98Q7,AssignmentSubmitted
46,2018-12-14 03:11:34.033462,,,,,,f,,{},39L1G8WVWRKUTW591IK6J6AVMUP13D,AssignmentSubmitted
47,2018-12-14 03:11:34.070544,,,,,,f,,{},3RSDURM96BFUT0W92R8BGKP2K4NYEY,AssignmentSubmitted
48,2018-12-14 03:11:51.737679,,,,,,f,,{},3K4J6M3CXFMRHWUXSGKJD1S7UT0GAO,AssignmentSubmitted
49,2018-12-14 03:11:51.767888,,,,,,f,,{},31N2WW6R9SJLJBZH8HZR88EPN483FG,AssignmentSubmitted
50,2018-12-14 03:11:51.793795,,,,,,f,,{},3YDTZAI2WY9FBSOD1WPPTB210UL14Y,AssignmentSubmitted
51,2018-12-14 03:11:51.824017,,,,,,f,,{},3ZSY5X72NY478QXCIAJDD0QJLJGORS,AssignmentSubmitted
52,2018-12-14 03:12:19.754195,,,,,,f,,{},3KXIR214I59M0D69K0P3YUC6S0042J,AssignmentSubmitted
53,2018-12-14 03:12:25.716442,,,,,,f,,{},36W0OB37HX76I0XGOEI0FUVHIEJHZO,AssignmentSubmitted
54,2018-12-14 03:12:28.990792,,,,,,f,,{},33PPO7FECW83BU342EBOOEDTU9PDIF,AssignmentSubmitted
55,2018-12-14 03:12:40.752192,,,,,,f,,{},3P1L2B7AD2IW5S2ZDQMHROHKFRROL2,AssignmentSubmitted
56,2018-12-14 03:12:40.812075,,,,,,f,,{},304SM51WA4XZQB8GTUEWXQVG0MGBSZ,AssignmentSubmitted
57,2018-12-14 03:12:48.294788,,,,,,f,,{},3N8OEVH1FSJ4BD5WQI29J5LEAWWOOJ,AssignmentSubmitted
58,2018-12-14 03:13:24.625964,,,,,,f,,{},36DSNE9QZ6RQA2EZA5A4B94SB2MJOV,AssignmentReturned
59,2018-12-14 03:13:29.74305,,,,,,f,,{},3K3R2QNK8CWWHVLNKFV0LLIEXJY9U3,AssignmentSubmitted
60,2018-12-14 03:13:37.75364,,,,,,f,,{},36DSNE9QZ6RQA2EZA5A4B94SB2MJOV,AssignmentAccepted
61,2018-12-14 03:13:54.571531,,,,,,f,,{},3ERMJ6L4DZL9Q4SLWG6UGFAEP77M7C,AssignmentSubmitted
62,2018-12-14 03:14:12.452839,,,,,,f,,{},3OONKJ5DKDCKSJGNMDXNDLLF3XDBO2,AssignmentSubmitted
63,2018-12-14 03:14:12.5156,,,,,,f,,{},3IGI0VL648DMTS5KP32W4GL9KMRON4,AssignmentSubmitted
64,2018-12-14 03:20:22.87655,,,,,,f,,"{""feedback"": """", ""error_text"": ""There has been an error and so you are unable to\r\n        continue, sorry!"", ""error_type"": ""already_started_exp_mturk"", ""request_data"": {""hit_id"": null, ""worker_id"": null, ""participant_id"": null}}",unknown,ExperimentError
65,2018-12-14 03:20:31.355227,,,,,,f,,{},3EG49X351V51GGDKRD3BLIQG1076XH,AssignmentReturned
66,2018-12-14 03:20:44.21841,,,,,,f,,"{""feedback"": ""NO OTHER PLAYERS AFTER 16 MINUTES"", ""error_text"": ""There has been an error and so you are unable to\r\n        continue, sorry!"", ""error_type"": ""already_started_exp_mturk"", ""request_data"": {""hit_id"": null, ""worker_id"": null, ""participant_id"": null}}",unknown,ExperimentError
67,2018-12-14 03:20:45.935699,,,,,,f,,{},3EG49X351V51GGDKRD3BLIQG1076XH,AssignmentAccepted
69,2018-12-14 03:22:40.253621,,,,,,f,,{},3EJPLAJKEN9QLBDZSVRWI36R9056ZE,AssignmentReturned
70,2018-12-14 03:22:54.11348,,,,,,f,,{},3EJPLAJKEN9QLBDZSVRWI36R9056ZE,AssignmentAccepted
68,2018-12-14 03:21:23.601615,,,,,,f,,"{""feedback"": ""After the game ended it did not advance. "", ""error_text"": ""There has been an error and so you are unable to\r\n        continue, sorry!"", ""error_type"": ""already_started_exp_mturk"", ""request_data"": {""hit_id"": null, ""worker_id"": null, ""participant_id"": null}}",unknown,ExperimentError
71,2018-12-14 03:23:59.834864,,,,,,f,,{},3M81GAB8A1CNDVT31QPR2QGFIYVBQA,AssignmentReturned
73,2018-12-14 03:27:21.297481,,,,,,f,,{},3EJPLAJKEN9QLBDZSVRWI36R9056ZE,AssignmentAccepted
75,2018-12-14 03:35:31.371099,,,,,,f,,{},3EJPLAJKEN9QLBDZSVRWI36R9056ZE,AssignmentReturned
72,2018-12-14 03:27:10.853719,,,,,,f,,{},3EJPLAJKEN9QLBDZSVRWI36R9056ZE,AssignmentReturned
74,2018-12-14 03:35:04.767038,,,,,,f,,{},3NG53N1RLWCJBLUHY1QSBJ045WOP8Y,AssignmentAbandoned
76,2018-12-14 03:36:05.726069,,,,,,f,,{},3EJPLAJKEN9QLBDZSVRWI36R9056ZE,AssignmentAccepted
