id,creation_time,property1,property2,property3,property4,property5,failed,time_of_death,details,type,fingerprint_hash,recruiter_id,worker_id,assignment_id,unique_id,hit_id,mode,end_time,base_pay,bonus,status
20,2018-12-14 03:11:00.88692,,,,,,f,,{},participant,undefined,mturk,20,3570Y55XZQCSDES08MYZGNAEXK4GYZ,20:3570Y55XZQCSDES08MYZGNAEXK4GYZ,3B9J25CZ256FDW2SHS5PKQ5B1SFSCT,undefined,2018-12-14 03:11:21.916259,1,0,approved
18,2018-12-14 03:09:11.777521,,,,,,f,,{},participant,undefined,mturk,18,3A1PQ49WVIA9N4C8G398N0B55Z8H11,18:3A1PQ49WVIA9N4C8G398N0B55Z8H11,3B9J25CZ256FDW2SHS5PKQ5B1SFSCT,undefined,2018-12-14 03:09:24.034379,1,0,approved
19,2018-12-14 03:10:55.274561,,,,,,f,,{},participant,undefined,mturk,19,3ZSY5X72NY478QXCIAJDD0QJLJGORS,19:3ZSY5X72NY478QXCIAJDD0QJLJGORS,3B9J25CZ256FDW2SHS5PKQ5B1SFSCT,undefined,2018-12-14 03:11:51.829357,1,0,approved
17,2018-12-14 03:08:59.960987,,,,,,f,,{},participant,undefined,mturk,17,3BF51CHDTW39GFRQKK589VSV072H0Y,17:3BF51CHDTW39GFRQKK589VSV072H0Y,3B9J25CZ256FDW2SHS5PKQ5B1SFSCT,undefined,2018-12-14 03:09:23.917966,1,0,approved
25,2018-12-14 03:13:13.593397,,,,,,f,,{},participant,undefined,mturk,25,3K3R2QNK8CWWHVLNKFV0LLIEXJY9U3,25:3K3R2QNK8CWWHVLNKFV0LLIEXJY9U3,3B9J25CZ256FDW2SHS5PKQ5B1SFSCT,undefined,2018-12-14 03:13:29.749696,1,0,approved
21,2018-12-14 03:11:57.373659,,,,,,f,,{},participant,undefined,mturk,21,3KXIR214I59M0D69K0P3YUC6S0042J,21:3KXIR214I59M0D69K0P3YUC6S0042J,3B9J25CZ256FDW2SHS5PKQ5B1SFSCT,undefined,2018-12-14 03:12:19.759452,1,0,approved
24,2018-12-14 03:12:29.138764,,,,,,f,,{},participant,undefined,mturk,24,3N8OEVH1FSJ4BD5WQI29J5LEAWWOOJ,24:3N8OEVH1FSJ4BD5WQI29J5LEAWWOOJ,3B9J25CZ256FDW2SHS5PKQ5B1SFSCT,undefined,2018-12-14 03:12:48.299913,1,0,approved
23,2018-12-14 03:12:28.133252,,,,,,f,,{},participant,undefined,mturk,23,304SM51WA4XZQB8GTUEWXQVG0MGBSZ,23:304SM51WA4XZQB8GTUEWXQVG0MGBSZ,3B9J25CZ256FDW2SHS5PKQ5B1SFSCT,undefined,2018-12-14 03:12:40.817346,1,0,approved
22,2018-12-14 03:12:15.430249,,,,,,f,,{},participant,undefined,mturk,22,3P1L2B7AD2IW5S2ZDQMHROHKFRROL2,22:3P1L2B7AD2IW5S2ZDQMHROHKFRROL2,3B9J25CZ256FDW2SHS5PKQ5B1SFSCT,undefined,2018-12-14 03:12:40.75785,1,0,approved
28,2018-12-14 03:13:49.480313,,,,,,f,,{},participant,undefined,mturk,28,3OONKJ5DKDCKSJGNMDXNDLLF3XDBO2,28:3OONKJ5DKDCKSJGNMDXNDLLF3XDBO2,3B9J25CZ256FDW2SHS5PKQ5B1SFSCT,undefined,2018-12-14 03:14:12.45824,1,0,approved
29,2018-12-14 03:16:40.61713,,,,,,f,,{},participant,undefined,mturk,29,3WYP994K18KQGL3UW9PD4WXP3616YN,29:3WYP994K18KQGL3UW9PD4WXP3616YN,3B9J25CZ256FDW2SHS5PKQ5B1SFSCT,undefined,2018-12-14 03:16:45.865966,,,overrecruited
26,2018-12-14 03:13:34.412673,,,,,,f,,{},participant,undefined,mturk,26,3ERMJ6L4DZL9Q4SLWG6UGFAEP77M7C,26:3ERMJ6L4DZL9Q4SLWG6UGFAEP77M7C,3B9J25CZ256FDW2SHS5PKQ5B1SFSCT,undefined,2018-12-14 03:13:54.57717,1,0,approved
27,2018-12-14 03:13:39.181774,,,,,,f,,{},participant,undefined,mturk,27,3IGI0VL648DMTS5KP32W4GL9KMRON4,27:3IGI0VL648DMTS5KP32W4GL9KMRON4,3B9J25CZ256FDW2SHS5PKQ5B1SFSCT,undefined,2018-12-14 03:14:12.520545,1,0,approved
30,2018-12-14 03:17:29.123351,,,,,,f,,{},participant,undefined,mturk,30,36DSNE9QZ6RQA2EZA5A4B94SB2MJOV,30:36DSNE9QZ6RQA2EZA5A4B94SB2MJOV,3B9J25CZ256FDW2SHS5PKQ5B1SFSCT,undefined,2018-12-14 03:17:36.091456,,,overrecruited
31,2018-12-14 03:17:36.975714,,,,,,f,,{},participant,undefined,mturk,31,3VNXK88KKDBWUAANP555H7KXBQ79VS,31:3VNXK88KKDBWUAANP555H7KXBQ79VS,3B9J25CZ256FDW2SHS5PKQ5B1SFSCT,undefined,2018-12-14 03:17:38.800112,,,overrecruited
32,2018-12-14 03:18:29.684511,,,,,,f,,{},participant,undefined,mturk,32,3EWIJTFFVP0XW50OUJX2OSVI8RAE0F,32:3EWIJTFFVP0XW50OUJX2OSVI8RAE0F,3B9J25CZ256FDW2SHS5PKQ5B1SFSCT,undefined,2018-12-14 03:18:59.272965,,,overrecruited
1,2018-12-14 03:04:21.864513,,,,,,f,,{},participant,undefined,mturk,1,37TRT2X24RK6R8PQ605I5P4T433BJJ,1:37TRT2X24RK6R8PQ605I5P4T433BJJ,3B9J25CZ256FDW2SHS5PKQ5B1SFSCT,undefined,2018-12-14 03:19:57.449018,,,approved
11,2018-12-14 03:07:37.289388,,,,,,f,,{},participant,undefined,mturk,11,3GGAI1SQEWRF2LNHNXE5W12SQIYMC5,11:3GGAI1SQEWRF2LNHNXE5W12SQIYMC5,3B9J25CZ256FDW2SHS5PKQ5B1SFSCT,undefined,2018-12-14 03:22:48.544046,,,approved
8,2018-12-14 03:05:31.615582,,,,,,f,,{},participant,undefined,mturk,8,3X1FV8S5JYKB9KXV3BBF9O6KF32GVQ,8:3X1FV8S5JYKB9KXV3BBF9O6KF32GVQ,3B9J25CZ256FDW2SHS5PKQ5B1SFSCT,undefined,2018-12-14 03:22:29.982642,,,approved
2,2018-12-14 03:04:32.124265,,,,,,f,,{},participant,undefined,mturk,2,3SUWZRL0MZ6SAGM3W8DJXT59LUWE6G,2:3SUWZRL0MZ6SAGM3W8DJXT59LUWE6G,3B9J25CZ256FDW2SHS5PKQ5B1SFSCT,undefined,2018-12-14 03:20:20.122605,,,approved
5,2018-12-14 03:04:33.592488,,,,,,f,,{},participant,undefined,mturk,5,3RGU30DZTB12AZTNXPVRJ5FNG27JMG,5:3RGU30DZTB12AZTNXPVRJ5FNG27JMG,3B9J25CZ256FDW2SHS5PKQ5B1SFSCT,undefined,2018-12-14 03:21:24.373588,,,approved
10,2018-12-14 03:06:34.914195,,,,,,f,,{},participant,undefined,mturk,10,3NPFYT4IZDX3D92Q3QCXX935VEAGXT,10:3NPFYT4IZDX3D92Q3QCXX935VEAGXT,3B9J25CZ256FDW2SHS5PKQ5B1SFSCT,undefined,2018-12-14 03:19:47.858474,,,approved
12,2018-12-14 03:07:56.935591,,,,,,f,,{},participant,undefined,mturk,12,3EG49X351V51GGDKRD3BLIQG1076XH,12:3EG49X351V51GGDKRD3BLIQG1076XH,3B9J25CZ256FDW2SHS5PKQ5B1SFSCT,undefined,2018-12-14 03:20:31.360546,,,returned
3,2018-12-14 03:04:32.78655,,,,,,f,,{},participant,undefined,mturk,3,386PBUZZXGQI4HB2XDUCJS0YGXHJLE,3:386PBUZZXGQI4HB2XDUCJS0YGXHJLE,3B9J25CZ256FDW2SHS5PKQ5B1SFSCT,undefined,2018-12-14 03:21:40.761192,,,approved
6,2018-12-14 03:04:51.707306,,,,,,f,,{},participant,undefined,mturk,6,3H7XDTSHKDKOO9X0TLGBVQPYMC4GW0,6:3H7XDTSHKDKOO9X0TLGBVQPYMC4GW0,3B9J25CZ256FDW2SHS5PKQ5B1SFSCT,undefined,2018-12-14 03:19:55.110625,,,approved
9,2018-12-14 03:05:58.004416,,,,,,f,,{},participant,undefined,mturk,9,3ZOTGHDK5J4J95XPXZJI3AVF7LZOSG,9:3ZOTGHDK5J4J95XPXZJI3AVF7LZOSG,3B9J25CZ256FDW2SHS5PKQ5B1SFSCT,undefined,2018-12-14 03:20:24.435383,,,approved
15,2018-12-14 03:08:53.85651,,,,,,f,,{},participant,undefined,mturk,15,3EJPLAJKEN9QLBDZSVRWI36R9056ZE,15:3EJPLAJKEN9QLBDZSVRWI36R9056ZE,3B9J25CZ256FDW2SHS5PKQ5B1SFSCT,undefined,2018-12-14 03:22:40.258856,,,returned
16,2018-12-14 03:08:55.691199,,,,,,f,,{},participant,undefined,mturk,16,3GDTJDAPVV4DQIX46LY0UF690RDM8Z,16:3GDTJDAPVV4DQIX46LY0UF690RDM8Z,3B9J25CZ256FDW2SHS5PKQ5B1SFSCT,undefined,2018-12-14 03:23:17.693325,,,approved
14,2018-12-14 03:08:50.029937,,,,,,f,,{},participant,undefined,mturk,14,3M81GAB8A1CNDVT31QPR2QGFIYVBQA,14:3M81GAB8A1CNDVT31QPR2QGFIYVBQA,3B9J25CZ256FDW2SHS5PKQ5B1SFSCT,undefined,2018-12-14 03:23:59.901751,,,returned
13,2018-12-14 03:07:59.824547,,,,,,f,,{},participant,undefined,mturk,13,3NG53N1RLWCJBLUHY1QSBJ045WOP8Y,13:3NG53N1RLWCJBLUHY1QSBJ045WOP8Y,3B9J25CZ256FDW2SHS5PKQ5B1SFSCT,undefined,2018-12-14 03:35:04.827183,,,abandoned
4,2018-12-14 03:04:33.238092,,,,,,f,,{},participant,undefined,mturk,4,3TXWC2NHN0JG2ITJVA006K0QCMD9SN,4:3TXWC2NHN0JG2ITJVA006K0QCMD9SN,3B9J25CZ256FDW2SHS5PKQ5B1SFSCT,undefined,2018-12-14 03:19:32.570315,,,approved
33,2018-12-14 03:31:35.261218,,,,,,f,,{},participant,undefined,mturk,33,3RWE2M8QWI31QBD1NI0LEFPRMJE0NT,33:3RWE2M8QWI31QBD1NI0LEFPRMJE0NT,3B9J25CZ256FDW2SHS5PKQ5B1SFSCT,undefined,2018-12-14 03:31:48.36651,,,overrecruited
34,2018-12-14 03:32:19.913067,,,,,,f,,{},participant,undefined,mturk,34,3EG49X351V51GGDKRD3BLIQG1076XH,34:3EG49X351V51GGDKRD3BLIQG1076XH,3B9J25CZ256FDW2SHS5PKQ5B1SFSCT,undefined,2018-12-14 03:32:27.5351,,,overrecruited
7,2018-12-14 03:05:30.163844,,,,,,f,,{},participant,undefined,mturk,7,3YDTZAI2WY9FBSOD1WPPTB210UM412,7:3YDTZAI2WY9FBSOD1WPPTB210UM412,3B9J25CZ256FDW2SHS5PKQ5B1SFSCT,undefined,2018-12-14 03:20:36.662071,,,approved
35,2018-12-14 03:43:48.677104,,,,,,f,,{},participant,undefined,mturk,35,3EJPLAJKEN9QLBDZSVRWI36R9056ZE,35:3EJPLAJKEN9QLBDZSVRWI36R9056ZE,3B9J25CZ256FDW2SHS5PKQ5B1SFSCT,undefined,2018-12-14 03:43:50.764524,,,overrecruited
36,2018-12-14 03:48:52.782971,,,,,,f,,{},participant,undefined,mturk,36,3IHR8NYAM8UISK7FMY0FU7KZ3AX4PB,36:3IHR8NYAM8UISK7FMY0FU7KZ3AX4PB,3B9J25CZ256FDW2SHS5PKQ5B1SFSCT,undefined,2018-12-14 03:48:56.388292,,,overrecruited
