id,creation_time,property1,property2,property3,property4,property5,failed,time_of_death,details,type,participant_id,number,question,response
1,2018-12-14 03:19:32.474386,,,,,,f,,{},question,4,1,questionnaire,"{""engagement"":""7"",""difficulty"":""1""}"
2,2018-12-14 03:19:32.919144,,,,,,f,,{},question,10,1,questionnaire,"{""engagement"":""5"",""difficulty"":""6""}"
3,2018-12-14 03:19:47.67568,,,,,,f,,{},question,10,1,questionnaire,"{""engagement"":""5"",""difficulty"":""6""}"
4,2018-12-14 03:19:54.995827,,,,,,f,,{},question,6,1,questionnaire,"{""engagement"":""6"",""difficulty"":""5""}"
5,2018-12-14 03:20:19.965873,,,,,,f,,{},question,2,1,questionnaire,"{""engagement"":""7"",""difficulty"":""7""}"
6,2018-12-14 03:20:24.333701,,,,,,f,,{},question,9,1,questionnaire,"{""engagement"":""7"",""difficulty"":""3""}"
7,2018-12-14 03:20:36.57069,,,,,,f,,{},question,7,1,questionnaire,"{""engagement"":""6"",""difficulty"":""7""}"
8,2018-12-14 03:21:24.198074,,,,,,f,,{},question,5,1,questionnaire,"{""engagement"":""7"",""difficulty"":""7""}"
9,2018-12-14 03:21:40.552513,,,,,,f,,{},question,3,1,questionnaire,"{""engagement"":""4"",""difficulty"":""7""}"
10,2018-12-14 03:22:29.816504,,,,,,f,,{},question,8,1,questionnaire,"{""engagement"":""6"",""difficulty"":""5""}"
11,2018-12-14 03:22:48.399452,,,,,,f,,{},question,11,1,questionnaire,"{""engagement"":""7"",""difficulty"":""5""}"
12,2018-12-14 03:23:17.385726,,,,,,f,,{},question,16,1,questionnaire,"{""engagement"":""7"",""difficulty"":""7""}"
