id,creation_time,property1,property2,property3,property4,property5,failed,time_of_death,details,assignment_id,event_type
1,2018-12-14 16:21:26.717597,,,,,,f,,{},3EQHHY4HQTLUBQIGXKT25QCL2LQ5GA,AssignmentAccepted
2,2018-12-14 16:21:26.740599,,,,,,f,,{},31UV0MXWNR587HOBN8T5Q2P1HYI5I2,AssignmentAccepted
3,2018-12-14 16:21:26.757111,,,,,,f,,{},3KGTPGBS6YELHB0OZ6GLBYA0RJE2U6,AssignmentAccepted
4,2018-12-14 16:21:27.029151,,,,,,f,,{},3TPWUS5F8AUB7XHVRZKS5Z4JOQ2CWO,AssignmentAccepted
5,2018-12-14 16:21:27.06244,,,,,,f,,{},3G5W44VEU8BXT93J47X87FV3ZBLKGA,AssignmentAccepted
6,2018-12-14 16:21:27.101881,,,,,,f,,{},3CFJTT4SXUJNUL2UB182OM3X84D7IJ,AssignmentAccepted
7,2018-12-14 16:21:27.128557,,,,,,f,,{},37M28K1J0R618YKY0M5MAEKNMR8AJP,AssignmentAccepted
8,2018-12-14 16:21:27.203198,,,,,,f,,{},3CTOC39K38JJPWM0TJT20NIXLJ27JV,AssignmentAccepted
9,2018-12-14 16:21:27.673378,,,,,,f,,{},38BQUHLA9XTGBAKKD2NWR1W9F27MO4,AssignmentAccepted
10,2018-12-14 16:21:27.704011,,,,,,f,,{},378XPAWRUD65DN0SI4KMYD5N9CJAID,AssignmentAccepted
11,2018-12-14 16:21:27.733195,,,,,,f,,{},3QY7M81QH8FE0GSIB4TE12IA0827KU,AssignmentAccepted
12,2018-12-14 16:21:27.763337,,,,,,f,,{},3TE3O857311T1J87VCLG6NNGKKA2R2,AssignmentAccepted
13,2018-12-14 16:21:27.793162,,,,,,f,,{},3I7DHKZYGOTOXQMLM0NKN5C916Q5FB,AssignmentAccepted
14,2018-12-14 16:21:27.823939,,,,,,f,,{},3TAYZSBPLM152Y8KA1LLWXSC6MT2SQ,AssignmentAccepted
15,2018-12-14 16:21:27.858524,,,,,,f,,{},3XUHV3NRVLR8BMDRHQBKQQOMHL35H9,AssignmentAccepted
16,2018-12-14 16:21:28.641821,,,,,,f,,{},3OS4RQUCRA8QM63UNAEXQRC1B2CFBM,AssignmentAccepted
17,2018-12-14 16:21:31.791529,,,,,,f,,{},3180JW2OT5542S8H5QE52341UD75JE,AssignmentAccepted
18,2018-12-14 16:23:15.309122,,,,,,f,,{},3L0KT67Y8F9V3J1R3MSG51THL1OSYX,AssignmentAccepted
19,2018-12-14 16:23:18.345451,,,,,,f,,{},31QTRG6Q2U6YQRLZB5OMAWO6YHCPY9,AssignmentSubmitted
20,2018-12-14 16:23:32.568173,,,,,,f,,{},3483FV8BEFC0F0AN3OIIVSWKOXV263,AssignmentSubmitted
21,2018-12-14 16:24:44.773506,,,,,,f,,{},30LB5CDZND3V70RKQ6BF92W0W370Z7,AssignmentSubmitted
22,2018-12-14 16:24:58.147564,,,,,,f,,{},3TK8OJTYM2EHMXQU6U123XKCG0APV0,AssignmentSubmitted
23,2018-12-14 16:25:03.503784,,,,,,f,,{},3L0KT67Y8F9V3J1R3MSG51THL1OSYX,AssignmentSubmitted
24,2018-12-14 16:25:34.667257,,,,,,f,,{},36W0OB37HX76I0XGOEI0FUVHIKBZHA,AssignmentAccepted
25,2018-12-14 16:25:48.005759,,,,,,f,,{},3G5W44VEU8BXT93J47X87FV3ZBLKGA,AssignmentReturned
26,2018-12-14 16:26:09.055254,,,,,,f,,{},3U4J9857OF4D7DOO5RGL2ZZKDER7B8,AssignmentSubmitted
27,2018-12-14 16:26:15.783559,,,,,,f,,{},3G5W44VEU8BXT93J47X87FV3ZBLKGA,AssignmentAccepted
28,2018-12-14 16:26:22.633824,,,,,,f,,{},3HQUKB7LNG7KRFXMISCTFNRCMUVHH3,AssignmentAccepted
29,2018-12-14 16:26:27.30632,,,,,,f,,{},3HQUKB7LNG7KRFXMISCTFNRCMUSHH0,AssignmentSubmitted
30,2018-12-14 16:26:39.872812,,,,,,f,,{},30MVJZJNHN6N3FAT8GRMEJ93G9P9J8,AssignmentSubmitted
31,2018-12-14 16:26:39.918899,,,,,,f,,{},3ZOTGHDK5J4J95XPXZJI3AVF7ROOSH,AssignmentSubmitted
32,2018-12-14 16:26:40.001327,,,,,,f,,{},31Z0PCVWUL8D3ZI55D762T56JLS7TZ,AssignmentSubmitted
33,2018-12-14 16:26:41.81765,,,,,,f,,{},3WOKGM4L729J8WDDOX0YT4PWCZ4O0T,AssignmentSubmitted
34,2018-12-14 16:27:30.982719,,,,,,f,,{},36W0OB37HX76I0XGOEI0FUVHIKBZHA,AssignmentSubmitted
35,2018-12-14 16:27:37.439177,,,,,,f,,{},3TAYZSBPLM152Y8KA1LLWXSC6MT2SQ,AssignmentReturned
36,2018-12-14 16:27:55.053523,,,,,,f,,{},3TAYZSBPLM152Y8KA1LLWXSC6MT2SQ,AssignmentAccepted
37,2018-12-14 16:51:42.798806,,,,,,f,,{},3OS4RQUCRA8QM63UNAEXQRC1B2CFBM,AssignmentAbandoned
38,2018-12-14 16:51:45.146639,,,,,,f,,{},3180JW2OT5542S8H5QE52341UD75JE,AssignmentAbandoned
39,2018-12-14 16:51:45.172771,,,,,,f,,{},3CTOC39K38JJPWM0TJT20NIXLJ27JV,AssignmentAbandoned
40,2018-12-14 16:51:55.818727,,,,,,f,,{},3180JW2OT5542S8H5QE52341UD75JE,AssignmentAccepted
41,2018-12-14 16:51:57.798011,,,,,,f,,{},3CTOC39K38JJPWM0TJT20NIXLJ27JV,AssignmentAccepted
