id,creation_time,property1,property2,property3,property4,property5,failed,time_of_death,details,type,fingerprint_hash,recruiter_id,worker_id,assignment_id,unique_id,hit_id,mode,end_time,base_pay,bonus,status
1,2018-12-14 16:21:37.565925,,,,,,f,,{},participant,undefined,mturk,1,3G5W44VEU8BXT93J47X87FV3ZBLKGA,1:3G5W44VEU8BXT93J47X87FV3ZBLKGA,39WSF6KUV2EFC2UD62UBQ9VDPI8OEA,undefined,2018-12-14 16:25:48.011314,,,returned
10,2018-12-14 16:30:01.631605,,,,,,f,,{},participant,undefined,mturk,10,3TE3O857311T1J87VCLG6NNGKKA2R2,10:3TE3O857311T1J87VCLG6NNGKKA2R2,39WSF6KUV2EFC2UD62UBQ9VDPI8OEA,undefined,2018-12-14 16:30:04.267463,,,overrecruited
11,2018-12-14 16:30:16.040829,,,,,,f,,{},participant,undefined,mturk,11,3G5W44VEU8BXT93J47X87FV3ZBLKGA,11:3G5W44VEU8BXT93J47X87FV3ZBLKGA,39WSF6KUV2EFC2UD62UBQ9VDPI8OEA,undefined,2018-12-14 16:30:49.096205,,,overrecruited
12,2018-12-14 16:31:46.014581,,,,,,f,,{},participant,undefined,mturk,12,3TAYZSBPLM152Y8KA1LLWXSC6MT2SQ,12:3TAYZSBPLM152Y8KA1LLWXSC6MT2SQ,39WSF6KUV2EFC2UD62UBQ9VDPI8OEA,undefined,2018-12-14 16:31:47.317839,,,overrecruited
13,2018-12-14 16:34:24.921351,,,,,,f,,{},participant,undefined,mturk,13,31UV0MXWNR587HOBN8T5Q2P1HYI5I2,13:31UV0MXWNR587HOBN8T5Q2P1HYI5I2,39WSF6KUV2EFC2UD62UBQ9VDPI8OEA,undefined,2018-12-14 16:34:28.081854,,,overrecruited
14,2018-12-14 16:35:53.587502,,,,,,f,,{},participant,undefined,mturk,14,3I7DHKZYGOTOXQMLM0NKN5C916Q5FB,14:3I7DHKZYGOTOXQMLM0NKN5C916Q5FB,39WSF6KUV2EFC2UD62UBQ9VDPI8OEA,undefined,2018-12-14 16:35:59.132832,,,overrecruited
16,2018-12-14 16:58:15.15527,,,,,,f,,{},participant,undefined,mturk,16,34HJIJKLP6PVX44B8A9E0Z9HP4O4VY,16:34HJIJKLP6PVX44B8A9E0Z9HP4O4VY,39WSF6KUV2EFC2UD62UBQ9VDPI8OEA,undefined,2018-12-14 16:58:16.014035,,,overrecruited
2,2018-12-14 16:24:22.960817,,,,,,f,,{},participant,undefined,mturk,2,3QY7M81QH8FE0GSIB4TE12IA0827KU,2:3QY7M81QH8FE0GSIB4TE12IA0827KU,39WSF6KUV2EFC2UD62UBQ9VDPI8OEA,undefined,2018-12-14 16:39:59.13326,,,approved
15,2018-12-14 16:57:11.562778,,,,,,f,,{},participant,undefined,mturk,15,3180JW2OT5542S8H5QE52341UD75JE,15:3180JW2OT5542S8H5QE52341UD75JE,39WSF6KUV2EFC2UD62UBQ9VDPI8OEA,undefined,2018-12-14 16:57:19.850979,,,overrecruited
3,2018-12-14 16:26:35.924698,,,,,,f,,{},participant,undefined,mturk,3,3EQHHY4HQTLUBQIGXKT25QCL2LQ5GA,3:3EQHHY4HQTLUBQIGXKT25QCL2LQ5GA,39WSF6KUV2EFC2UD62UBQ9VDPI8OEA,undefined,2018-12-14 16:39:54.161853,,,approved
4,2018-12-14 16:26:58.482855,,,,,,f,,{},participant,undefined,mturk,4,3KGTPGBS6YELHB0OZ6GLBYA0RJE2U6,4:3KGTPGBS6YELHB0OZ6GLBYA0RJE2U6,39WSF6KUV2EFC2UD62UBQ9VDPI8OEA,undefined,2018-12-14 16:39:55.114657,,,approved
7,2018-12-14 16:27:40.280845,,,,,,f,,{},participant,undefined,mturk,7,378XPAWRUD65DN0SI4KMYD5N9CJAID,7:378XPAWRUD65DN0SI4KMYD5N9CJAID,39WSF6KUV2EFC2UD62UBQ9VDPI8OEA,undefined,2018-12-14 16:39:52.307242,,,approved
6,2018-12-14 16:27:37.793293,,,,,,f,,{},participant,undefined,mturk,6,38BQUHLA9XTGBAKKD2NWR1W9F27MO4,6:38BQUHLA9XTGBAKKD2NWR1W9F27MO4,39WSF6KUV2EFC2UD62UBQ9VDPI8OEA,undefined,2018-12-14 16:40:32.139366,,,approved
5,2018-12-14 16:27:28.849579,,,,,,f,,{},participant,undefined,mturk,5,3TPWUS5F8AUB7XHVRZKS5Z4JOQ2CWO,5:3TPWUS5F8AUB7XHVRZKS5Z4JOQ2CWO,39WSF6KUV2EFC2UD62UBQ9VDPI8OEA,undefined,2018-12-14 16:39:59.527577,,,approved
9,2018-12-14 16:29:38.84446,,,,,,f,,{},participant,undefined,mturk,9,3CFJTT4SXUJNUL2UB182OM3X84D7IJ,9:3CFJTT4SXUJNUL2UB182OM3X84D7IJ,39WSF6KUV2EFC2UD62UBQ9VDPI8OEA,undefined,2018-12-14 16:39:44.952584,,,approved
8,2018-12-14 16:29:33.194591,,,,,,f,,{},participant,undefined,mturk,8,3XUHV3NRVLR8BMDRHQBKQQOMHL35H9,8:3XUHV3NRVLR8BMDRHQBKQQOMHL35H9,39WSF6KUV2EFC2UD62UBQ9VDPI8OEA,undefined,2018-12-14 16:40:11.648126,,,approved
17,2018-12-14 17:10:52.132986,,,,,,f,,{},participant,undefined,mturk,17,3CTOC39K38JJPWM0TJT20NIXLJ27JV,17:3CTOC39K38JJPWM0TJT20NIXLJ27JV,39WSF6KUV2EFC2UD62UBQ9VDPI8OEA,undefined,2018-12-14 17:10:55.550642,,,overrecruited
