id,creation_time,property1,property2,property3,property4,property5,failed,time_of_death,details,type,participant_id,number,question,response
1,2018-12-14 16:39:44.829565,,,,,,f,,{},question,9,1,questionnaire,"{""engagement"":""7"",""difficulty"":""1""}"
2,2018-12-14 16:39:51.686251,,,,,,f,,{},question,7,1,questionnaire,"{""engagement"":""7"",""difficulty"":""2""}"
3,2018-12-14 16:39:54.077637,,,,,,f,,{},question,3,1,questionnaire,"{""engagement"":""7"",""difficulty"":""7""}"
4,2018-12-14 16:39:54.986756,,,,,,f,,{},question,4,1,questionnaire,"{""engagement"":""7"",""difficulty"":""2""}"
5,2018-12-14 16:39:58.879695,,,,,,f,,{},question,5,1,questionnaire,"{""engagement"":""6"",""difficulty"":""3""}"
6,2018-12-14 16:39:58.914826,,,,,,f,,{},question,2,1,questionnaire,"{""engagement"":""7"",""difficulty"":""3""}"
7,2018-12-14 16:40:11.577832,,,,,,f,,{},question,8,1,questionnaire,"{""engagement"":""2"",""difficulty"":""1""}"
8,2018-12-14 16:40:32.014632,,,,,,f,,{},question,6,1,questionnaire,"{""engagement"":""4"",""difficulty"":""1""}"
