id,creation_time,property1,property2,property3,property4,property5,failed,time_of_death,details,assignment_id,event_type
1,2018-12-14 16:00:38.213267,,,,,,f,,{},30H4UDGLT3BYWAWLS20BG11ZP7ZMPH,AssignmentAccepted
2,2018-12-14 16:00:38.240422,,,,,,f,,{},3M23Y66PO30TKZRLX3XOMA9OMRRS6T,AssignmentAccepted
3,2018-12-14 16:00:38.264082,,,,,,f,,{},3STRJBFXOXK1YEPPO7WF6YASP5PKTF,AssignmentAccepted
4,2018-12-14 16:00:38.289294,,,,,,f,,{},3R6BYFZZP85XZ96VS66FFO3TU5WXF9,AssignmentAccepted
5,2018-12-14 16:00:38.314554,,,,,,f,,{},36V4Q8R5ZLTJWMX0SFF0G6R9U3LMQ8,AssignmentAccepted
6,2018-12-14 16:00:41.285796,,,,,,f,,{},3MHW492WW16B1UTHEE9AMTQHBV0MV2,AssignmentAccepted
7,2018-12-14 16:00:41.317104,,,,,,f,,{},333U7HK6IA8Z65NAKWWO0FST7U1DJQ,AssignmentAccepted
8,2018-12-14 16:00:43.592196,,,,,,f,,{},3OCHAWUVGPD8FVY9THXCV1VY21DXKB,AssignmentAccepted
9,2018-12-14 16:00:43.617617,,,,,,f,,{},3OF2M9AATHHXKQYOUZLXSMB9A1BKZV,AssignmentAccepted
10,2018-12-14 16:00:43.641858,,,,,,f,,{},3OCHAWUVGPD8FVY9THXCV1VY21DKXY,AssignmentAccepted
11,2018-12-14 16:00:44.325955,,,,,,f,,{},354GIDR5ZCZY5FLUMCYN33TEEWN00E,AssignmentAccepted
12,2018-12-14 16:00:44.358258,,,,,,f,,{},3IJXV6UZ1YCXC4M9KF68T3UX9G3IRP,AssignmentAccepted
13,2018-12-14 16:00:44.391147,,,,,,f,,{},3UNH76FOCTYS5OOMJPWUTSUBTC2MYB,AssignmentAccepted
14,2018-12-14 16:00:44.421983,,,,,,f,,{},3TVRFO09GL8JZ1GREH9DA18DR1IXLE,AssignmentAccepted
15,2018-12-14 16:00:47.325079,,,,,,f,,{},3TXWC2NHN0JG2ITJVA006K0QCSZS94,AssignmentAccepted
16,2018-12-14 16:00:50.434665,,,,,,f,,{},3OSWBBLG1FQ01PSZ10BPRO08ISGXDY,AssignmentAccepted
17,2018-12-14 16:00:50.467602,,,,,,f,,{},3N4BPTXIO9LGYR4EOCMPBUWU8JWKU6,AssignmentAccepted
18,2018-12-14 16:00:50.50045,,,,,,f,,{},33PPO7FECW83BU342EBOOEDTUFCDIE,AssignmentAccepted
19,2018-12-14 16:00:50.534632,,,,,,f,,{},3H8DHMCCWA4UHPTS2HW01US6MJ1DKP,AssignmentAccepted
20,2018-12-14 16:00:50.566392,,,,,,f,,{},3J88R45B2HR9QMVP692KRIHXWBJPX4,AssignmentAccepted
21,2018-12-14 16:00:50.599587,,,,,,f,,{},3HWRJOOET6VXXEK03LGMYY113PFSEE,AssignmentAccepted
22,2018-12-14 16:00:50.628111,,,,,,f,,{},3TK8OJTYM2EHMXQU6U123XKCG0BPV1,AssignmentAccepted
23,2018-12-14 16:00:50.660974,,,,,,f,,{},3EFE17QCRDY9HOB2TMOSJ1YEV57SHU,AssignmentAccepted
24,2018-12-14 16:00:50.6966,,,,,,f,,{},38SKSKU7R2QM96RWFV9C7RLY3OEILZ,AssignmentAccepted
25,2018-12-14 16:00:50.731056,,,,,,f,,{},3RWE2M8QWI31QBD1NI0LEFPRMPXN0B,AssignmentAccepted
26,2018-12-14 16:00:50.765733,,,,,,f,,{},32AT8R96GM2EMAHMTLVR2GN4PD9USX,AssignmentAccepted
27,2018-12-14 16:01:02.90722,,,,,,f,,{},3UNH76FOCTYS5OOMJPWUTSUBTC2MYB,AssignmentReturned
28,2018-12-14 16:01:08.161575,,,,,,f,,{},3OE22WJIGJH29U291H6M7G837POUQ8,AssignmentAccepted
29,2018-12-14 16:01:08.193924,,,,,,f,,{},3RU7GD8VPPM1U59QCZWXSA05HWHPSW,AssignmentAccepted
30,2018-12-14 16:01:08.240922,,,,,,f,,{},3V26SBZTBE7S9LXAU0O7F1ZMEAOZZW,AssignmentAccepted
31,2018-12-14 16:01:08.266748,,,,,,f,,{},3R2PKQ87NX16FO9HF7AR740N3T4IM1,AssignmentAccepted
32,2018-12-14 16:01:08.306509,,,,,,f,,{},3BXQMRHWK0RBOF4H9OZ5Q7OYXORMUD,AssignmentAccepted
33,2018-12-14 16:01:08.346465,,,,,,f,,{},3DH6GAKTYZIS4VN5YEMO1UQK8GKZY5,AssignmentAccepted
34,2018-12-14 16:01:14.650382,,,,,,f,,{},3Z7EFSHGNA7QWXML14GE7IIQXS3CXC,AssignmentSubmitted
35,2018-12-14 16:01:14.687461,,,,,,f,,{},3LBXNTKX0SOOYZFIPK6N5SHIR71X9H,AssignmentSubmitted
36,2018-12-14 16:01:14.724705,,,,,,f,,{},3N1FSUEFL6T93N4PHP9KUD3APX94DO,AssignmentSubmitted
37,2018-12-14 16:01:24.868142,,,,,,f,,{},304SM51WA4XZQB8GTUEWXQVG0S1SBD,AssignmentSubmitted
38,2018-12-14 16:01:53.39082,,,,,,f,,{},3E13VNJ1NOO9JZNSMLRTNCCK5I8I1S,AssignmentSubmitted
39,2018-12-14 16:01:53.44183,,,,,,f,,{},392CY0QWG2KQBYKB93AVLAJNH2II45,AssignmentSubmitted
40,2018-12-14 16:02:02.117237,,,,,,f,,{},3YMU66OBIO16RJ2BYMUBUNFB7UBGHW,AssignmentSubmitted
41,2018-12-14 16:02:05.60846,,,,,,f,,{},3I0BTBYZAYEV2AHFUK9WVVNYQ920YF,AssignmentAccepted
42,2018-12-14 16:02:06.204972,,,,,,f,,{},3WEV0KO0ONLS58607Q52SGJG3DDSDK,AssignmentSubmitted
43,2018-12-14 16:02:09.714295,,,,,,f,,{},3SKEMFQBZ4YI0UX1L9LKF2E5BS58KF,AssignmentAccepted
44,2018-12-14 16:02:20.061945,,,,,,f,,{},3WQQ9FUS6BNH7RT7FW8RGZVFOYTB8V,AssignmentSubmitted
45,2018-12-14 16:02:20.152737,,,,,,f,,{},3S4AW7T80CBS1ZSHU678DQBFY69L4J,AssignmentSubmitted
46,2018-12-14 16:02:22.081358,,,,,,f,,{},3II4UPYCOK0GSSRNFMGXXG4FLPUDQI,AssignmentAccepted
47,2018-12-14 16:02:49.335628,,,,,,f,,{},3NPI0JQDAPY295M51Z1N2FWRJFUPTK,AssignmentSubmitted
48,2018-12-14 16:02:52.106648,,,,,,f,,{},33LKR6A5KFDZSD33GXQX1JETGZQ1TU,AssignmentAccepted
49,2018-12-14 16:02:58.73996,,,,,,f,,{},3KKG4CDWKJRX0XR8594I8HKKYCX94F,AssignmentAccepted
50,2018-12-14 16:03:27.378287,,,,,,f,,{},3X31TUMD7YFB90VY7OO6FS4CMMZL16,AssignmentSubmitted
51,2018-12-14 16:03:35.41767,,,,,,f,,{},3PZDLQMM0UEPVHJODFVLHSOUKJ42CT,AssignmentAccepted
52,2018-12-14 16:03:37.01481,,,,,,f,,{},3A1PQ49WVIA9N4C8G398N0B555S1HH,AssignmentSubmitted
53,2018-12-14 16:03:52.067561,,,,,,f,,{},3VELCLL3GLCP98L2LDL8KFZSPQF1FJ,AssignmentSubmitted
54,2018-12-14 16:03:52.102174,,,,,,f,,{},3EICBYG645PP1DHWK01DG9ABMUNJCU,AssignmentSubmitted
55,2018-12-14 16:03:52.13765,,,,,,f,,{},392CY0QWG2KQBYKB93AVLAJNH2H4IQ,AssignmentSubmitted
56,2018-12-14 16:03:52.173547,,,,,,f,,{},3QILPRALQ6OJ80I4IMD07UV95N78NH,AssignmentSubmitted
57,2018-12-14 16:03:52.210314,,,,,,f,,{},3EWIJTFFVP0XW50OUJX2OSVI8XUE0B,AssignmentSubmitted
58,2018-12-14 16:03:52.243281,,,,,,f,,{},3S06PH7KSSXSBO76U7QIWFW7DD0D1L,AssignmentSubmitted
59,2018-12-14 16:03:52.278929,,,,,,f,,{},3H7Z272LX80EQSE0SQZWGOMAP27LPC,AssignmentSubmitted
60,2018-12-14 16:03:52.312886,,,,,,f,,{},3FIUS151DWVSRN70EGCT9N3ASUYGGX,AssignmentSubmitted
61,2018-12-14 16:03:52.341876,,,,,,f,,{},3L4D84MIL0LGILSC6SFER07RZMSJH3,AssignmentSubmitted
62,2018-12-14 16:04:00.828693,,,,,,f,,{},3NKQQ8O39ZY8KLY4WV027H14OAYUD2,AssignmentSubmitted
63,2018-12-14 16:04:00.860008,,,,,,f,,{},35LDD5557BXXLJZ5FAV3KKF0VXSKMD,AssignmentSubmitted
64,2018-12-14 16:04:00.892868,,,,,,f,,{},3QFUFYSY9Z8617IL8V4AID6V1AP4FZ,AssignmentSubmitted
65,2018-12-14 16:04:09.493945,,,,,,f,,{},3JV9LGBJWU7GJ0OY2ZP1EWCCJGPGOK,AssignmentSubmitted
66,2018-12-14 16:04:09.534387,,,,,,f,,{},352YTHGROW6QF39R3LSALYI8HP24HX,AssignmentSubmitted
67,2018-12-14 16:04:10.837863,,,,,,f,,{},3TOK3KHVJUBXQ7DX9WL78JZJKD97OB,AssignmentAccepted
68,2018-12-14 16:04:16.442243,,,,,,f,,{},3P4RDNWND6ZGEG3WCAXZRC86ZZ7JIW,AssignmentSubmitted
69,2018-12-14 16:04:18.471768,,,,,,f,,{},3SKEMFQBZ4YI0UX1L9LKF2E5BS58KF,AssignmentReturned
70,2018-12-14 16:04:34.01244,,,,,,f,,{},3II4UPYCOK0GSSRNFMGXXG4FLPUDQI,AssignmentSubmitted
71,2018-12-14 16:04:34.043876,,,,,,f,,{},3M81GAB8A1CNDVT31QPR2QGFI4BQBH,AssignmentSubmitted
72,2018-12-14 16:04:34.710917,,,,,,f,,{},3SKEMFQBZ4YI0UX1L9LKF2E5BS58KF,AssignmentAccepted
73,2018-12-14 16:04:41.879916,,,,,,f,,{},3NG53N1RLWCJBLUHY1QSBJ0452BP8X,AssignmentAccepted
74,2018-12-14 16:04:42.330625,,,,,,f,,{},33NF62TLXKV7KBTKCDIB4SNJR3ZKJB,AssignmentAccepted
75,2018-12-14 16:05:05.595503,,,,,,f,,{},35H6S234SBTSEXTAL7KGTZZW87J564,AssignmentSubmitted
76,2018-12-14 16:05:23.186516,,,,,,f,,{},30X31N5D64JU713ONGE02FBAIAGSAI,AssignmentSubmitted
77,2018-12-14 16:05:32.299584,,,,,,f,,"{""feedback"": """", ""error_text"": ""There has been an error and so you are unable to\r\n        continue, sorry!"", ""error_type"": ""already_started_exp_mturk"", ""request_data"": {""hit_id"": null, ""worker_id"": null, ""participant_id"": null}}",unknown,ExperimentError
78,2018-12-14 16:06:06.732414,,,,,,f,,"{""feedback"": ""The game would not load for me"", ""error_text"": ""There has been an error and so you are unable to\r\n        continue, sorry!"", ""error_type"": ""already_started_exp_mturk"", ""request_data"": {""hit_id"": null, ""worker_id"": null, ""participant_id"": null}}",unknown,ExperimentError
79,2018-12-14 16:06:09.740694,,,,,,f,,{},3QY5DC2MXSD5I5C0N1VSVH4P0NEUFD,AssignmentSubmitted
80,2018-12-14 16:06:28.313301,,,,,,f,,{},3CPLWGV3MPSJM51ENEJE7QQKPTQN9M,AssignmentSubmitted
81,2018-12-14 16:06:28.382399,,,,,,f,,{},3J88R45B2HR9QMVP692KRIHXWBJPX4,AssignmentReturned
82,2018-12-14 16:06:49.461681,,,,,,f,,{},38F71OA9GUPM5X7REZ4647NVN1BFM6,AssignmentSubmitted
83,2018-12-14 16:07:08.953859,,,,,,f,,{},3PJUZCGDJ79YJYEAHCUVPT0P0YU89M,AssignmentAccepted
84,2018-12-14 16:07:37.990738,,,,,,f,,{},33PPO7FECW83BU342EBOOEDTUFCDIE,AssignmentSubmitted
85,2018-12-14 16:07:47.709551,,,,,,f,,{},30LB5CDZND3V70RKQ6BF92W0W370Z7,AssignmentAccepted
86,2018-12-14 16:07:48.63428,,,,,,f,,{},3OF2M9AATHHXKQYOUZLXSMB9A1BKZV,AssignmentSubmitted
87,2018-12-14 16:07:48.704551,,,,,,f,,{},3DH6GAKTYZIS4VN5YEMO1UQK8GKZY5,AssignmentSubmitted
88,2018-12-14 16:08:29.177285,,,,,,f,,{},3I0BTBYZAYEV2AHFUK9WVVNYQ920YF,AssignmentReturned
89,2018-12-14 16:08:42.855319,,,,,,f,,{},3TOK3KHVJUBXQ7DX9WL78JZJKD97OB,AssignmentReturned
90,2018-12-14 16:08:52.08327,,,,,,f,,{},33LKR6A5KFDZSD33GXQX1JETGZQ1TU,AssignmentSubmitted
91,2018-12-14 16:08:55.831343,,,,,,f,,{},3U4J9857OF4D7DOO5RGL2ZZKDENB78,AssignmentSubmitted
92,2018-12-14 16:08:59.113622,,,,,,f,,{},30H4UDGLT3BYWAWLS20BG11ZP7ZMPH,AssignmentReturned
93,2018-12-14 16:08:59.953985,,,,,,f,,{},30H4UDGLT3BYWAWLS20BG11ZP7ZMPH,AssignmentAccepted
94,2018-12-14 16:09:06.588286,,,,,,f,,{},3QL2OFSM97BLK38HZYT59GRSVEQNC0,AssignmentSubmitted
95,2018-12-14 16:09:10.597428,,,,,,f,,{},3W8CV64QJ3SRC9F3KGO126TO3HK9H2,AssignmentAccepted
96,2018-12-14 16:09:29.127961,,,,,,f,,{},3ZSANO2JCG0P3SKWYW0SGGM1FQTSFV,AssignmentSubmitted
97,2018-12-14 16:09:29.167669,,,,,,f,,{},32AT8R96GM2EMAHMTLVR2GN4PD9USX,AssignmentSubmitted
98,2018-12-14 16:09:29.220748,,,,,,f,,{},33NF62TLXKV7KBTKCDIB4SNJR3ZKJB,AssignmentSubmitted
99,2018-12-14 16:09:32.947729,,,,,,f,,{},3GD6L00D3TQVFIDJ70PLF5J1MRSM1C,AssignmentSubmitted
100,2018-12-14 16:09:44.0515,,,,,,f,,{},3V5Q80FXIYK1IHN5KMKKOPK0E6S23W,AssignmentAccepted
101,2018-12-14 16:10:13.276527,,,,,,f,,{},3MHW492WW16B1UTHEE9AMTQHBV0MV2,AssignmentSubmitted
102,2018-12-14 16:10:13.336346,,,,,,f,,{},3PJUZCGDJ79YJYEAHCUVPT0P0YU89M,AssignmentSubmitted
103,2018-12-14 16:10:27.215626,,,,,,f,,{},3U4J9857OF4D7DOO5RGL2ZZKDER7B8,AssignmentAccepted
104,2018-12-14 16:10:27.250021,,,,,,f,,{},3U4J9857OF4D7DOO5RGL2ZZKDER7B8,AssignmentReturned
105,2018-12-14 16:10:35.204489,,,,,,f,,{},3IHR8NYAM8UISK7FMY0FU7KZ3GGP4R,AssignmentAccepted
106,2018-12-14 16:10:36.240721,,,,,,f,,{},3HQUKB7LNG7KRFXMISCTFNRCMUSHH0,AssignmentAccepted
107,2018-12-14 16:10:36.291206,,,,,,f,,{},323Q6SJS8J90DJ6GN2OTC2FZ6FFHF2,AssignmentAccepted
108,2018-12-14 16:10:40.480423,,,,,,f,,{},3U4J9857OF4D7DOO5RGL2ZZKDER7B8,AssignmentAccepted
109,2018-12-14 16:11:28.539812,,,,,,f,,{},32RIADZISTXF5CN7EF49PCPAQ0NS4A,AssignmentAccepted
110,2018-12-14 16:11:45.345364,,,,,,f,,{},31UV0MXWNR587HOBN8T5Q2P1HYDI5A,AssignmentSubmitted
111,2018-12-14 16:11:55.23906,,,,,,f,,{},3R6BYFZZP85XZ96VS66FFO3TU5WXF9,AssignmentSubmitted
112,2018-12-14 16:12:06.637432,,,,,,f,,{},323Q6SJS8J90DJ6GN2OTC2FZ6FFHF2,AssignmentSubmitted
113,2018-12-14 16:12:27.016593,,,,,,f,,{},3W8CV64QJ3SRC9F3KGO126TO3HK9H2,AssignmentSubmitted
114,2018-12-14 16:12:27.076933,,,,,,f,,{},382M9COHEI8DCRC4SQBMDZJPOMZUEV,AssignmentSubmitted
115,2018-12-14 16:12:43.084729,,,,,,f,,{},3OCHAWUVGPD8FVY9THXCV1VY21DKXY,AssignmentSubmitted
116,2018-12-14 16:12:43.14596,,,,,,f,,{},3JPSL1DZ5TSXROBJFKXE3L14VB8NA1,AssignmentSubmitted
117,2018-12-14 16:12:50.317148,,,,,,f,,{},3WOKGM4L729J8WDDOX0YT4PWCZ4O0T,AssignmentAccepted
118,2018-12-14 16:12:58.27301,,,,,,f,,{},3HPZF4IVNNMFW2CV602GQWPZZY0YC7,AssignmentAccepted
119,2018-12-14 16:13:13.809216,,,,,,f,,{},3IHR8NYAM8UISK7FMY0FU7KZ3GGP4R,AssignmentSubmitted
120,2018-12-14 16:13:30.687828,,,,,,f,,{},30H4UDGLT3BYWAWLS20BG11ZP7ZMPH,AssignmentSubmitted
121,2018-12-14 16:13:43.683986,,,,,,f,,{},3TK8OJTYM2EHMXQU6U123XKCG0BPV1,AssignmentSubmitted
122,2018-12-14 16:14:16.789279,,,,,,f,,{},3HPZF4IVNNMFW2CV602GQWPZZY0YC7,AssignmentSubmitted
123,2018-12-14 16:14:16.824396,,,,,,f,,{},3KKG4CDWKJRX0XR8594I8HKKYCX94F,AssignmentSubmitted
124,2018-12-14 16:16:09.917802,,,,,,f,,{},3OCHAWUVGPD8FVY9THXCV1VY21DXKB,AssignmentReturned
125,2018-12-14 16:18:03.303468,,,,,,f,,{},3NG53N1RLWCJBLUHY1QSBJ0452BP8X,AssignmentReturned
126,2018-12-14 16:20:41.015339,,,,,,f,,{},3TXWC2NHN0JG2ITJVA006K0QCSZS94,AssignmentReturned
127,2018-12-14 16:24:48.068931,,,,,,f,,{},3PZDLQMM0UEPVHJODFVLHSOUKJ42CT,AssignmentReturned
128,2018-12-14 16:30:43.462954,,,,,,f,,{},36V4Q8R5ZLTJWMX0SFF0G6R9U3LMQ8,AssignmentAbandoned
129,2018-12-14 16:30:54.916715,,,,,,f,,{},3RU7GD8VPPM1U59QCZWXSA05HWHPSW,AssignmentAbandoned
130,2018-12-14 16:36:22.453271,,,,,,f,,{},3V5Q80FXIYK1IHN5KMKKOPK0E6S23W,AssignmentAccepted
131,2018-12-14 16:36:22.529439,,,,,,f,,{},3V5Q80FXIYK1IHN5KMKKOPK0E6S23W,AssignmentReturned
