id,creation_time,property1,property2,property3,property4,property5,failed,time_of_death,details,type,fingerprint_hash,recruiter_id,worker_id,assignment_id,unique_id,hit_id,mode,end_time,base_pay,bonus,status
14,2018-12-14 16:05:14.230239,,,,,,f,,{},participant,undefined,mturk,14,3J88R45B2HR9QMVP692KRIHXWBJPX4,14:3J88R45B2HR9QMVP692KRIHXWBJPX4,3JMNNNO3B1XVMVRZ44QK52ZAVHG2WX,undefined,2018-12-14 16:06:28.388513,,,returned
13,2018-12-14 16:04:14.348283,,,,,,f,,{},participant,undefined,mturk,13,3I0BTBYZAYEV2AHFUK9WVVNYQ920YF,13:3I0BTBYZAYEV2AHFUK9WVVNYQ920YF,3JMNNNO3B1XVMVRZ44QK52ZAVHG2WX,undefined,2018-12-14 16:08:29.183375,,,returned
22,2018-12-14 16:09:45.847097,,,,,,f,,{},participant,undefined,mturk,22,3MHW492WW16B1UTHEE9AMTQHBV0MV2,22:3MHW492WW16B1UTHEE9AMTQHBV0MV2,3JMNNNO3B1XVMVRZ44QK52ZAVHG2WX,undefined,2018-12-14 16:10:13.282552,1,0,approved
18,2018-12-14 16:07:21.93742,,,,,,f,,{},participant,undefined,mturk,18,33PPO7FECW83BU342EBOOEDTUFCDIE,18:33PPO7FECW83BU342EBOOEDTUFCDIE,3JMNNNO3B1XVMVRZ44QK52ZAVHG2WX,undefined,2018-12-14 16:07:37.996449,1,0,approved
5,2018-12-14 16:02:01.483562,,,,,,f,,{},participant,undefined,mturk,5,3R6BYFZZP85XZ96VS66FFO3TU5WXF9,5:3R6BYFZZP85XZ96VS66FFO3TU5WXF9,3JMNNNO3B1XVMVRZ44QK52ZAVHG2WX,undefined,2018-12-14 16:11:55.244755,1,0.94,approved
19,2018-12-14 16:07:30.486969,,,,,,f,,{},participant,undefined,mturk,19,3OF2M9AATHHXKQYOUZLXSMB9A1BKZV,19:3OF2M9AATHHXKQYOUZLXSMB9A1BKZV,3JMNNNO3B1XVMVRZ44QK52ZAVHG2WX,undefined,2018-12-14 16:07:48.639966,1,0,approved
20,2018-12-14 16:09:18.111306,,,,,,f,,{},participant,undefined,mturk,20,32AT8R96GM2EMAHMTLVR2GN4PD9USX,20:32AT8R96GM2EMAHMTLVR2GN4PD9USX,3JMNNNO3B1XVMVRZ44QK52ZAVHG2WX,undefined,2018-12-14 16:09:29.173326,1,0,approved
2,2018-12-14 16:01:25.922409,,,,,,f,,{},participant,undefined,mturk,2,3DH6GAKTYZIS4VN5YEMO1UQK8GKZY5,2:3DH6GAKTYZIS4VN5YEMO1UQK8GKZY5,3JMNNNO3B1XVMVRZ44QK52ZAVHG2WX,undefined,2018-12-14 16:07:48.7115,1,0.11,approved
21,2018-12-14 16:09:43.873362,,,,,,f,,{},participant,undefined,mturk,21,3PJUZCGDJ79YJYEAHCUVPT0P0YU89M,21:3PJUZCGDJ79YJYEAHCUVPT0P0YU89M,3JMNNNO3B1XVMVRZ44QK52ZAVHG2WX,undefined,2018-12-14 16:10:13.344438,1,0,approved
23,2018-12-14 16:11:47.690136,,,,,,f,,{},participant,undefined,mturk,23,3W8CV64QJ3SRC9F3KGO126TO3HK9H2,23:3W8CV64QJ3SRC9F3KGO126TO3HK9H2,3JMNNNO3B1XVMVRZ44QK52ZAVHG2WX,undefined,2018-12-14 16:12:27.022817,1,0,approved
28,2018-12-14 16:16:22.340828,,,,,,f,,{},participant,undefined,mturk,28,3BXQMRHWK0RBOF4H9OZ5Q7OYXORMUD,28:3BXQMRHWK0RBOF4H9OZ5Q7OYXORMUD,3JMNNNO3B1XVMVRZ44QK52ZAVHG2WX,undefined,2018-12-14 16:16:31.443611,,,overrecruited
26,2018-12-14 16:13:29.840248,,,,,,f,,{},participant,undefined,mturk,26,3TK8OJTYM2EHMXQU6U123XKCG0BPV1,26:3TK8OJTYM2EHMXQU6U123XKCG0BPV1,3JMNNNO3B1XVMVRZ44QK52ZAVHG2WX,undefined,2018-12-14 16:13:43.689758,1,0,approved
24,2018-12-14 16:12:15.841938,,,,,,f,,{},participant,undefined,mturk,24,3OCHAWUVGPD8FVY9THXCV1VY21DKXY,24:3OCHAWUVGPD8FVY9THXCV1VY21DKXY,3JMNNNO3B1XVMVRZ44QK52ZAVHG2WX,undefined,2018-12-14 16:12:43.091692,1,0,approved
25,2018-12-14 16:12:25.80689,,,,,,f,,{},participant,undefined,mturk,25,30H4UDGLT3BYWAWLS20BG11ZP7ZMPH,25:30H4UDGLT3BYWAWLS20BG11ZP7ZMPH,3JMNNNO3B1XVMVRZ44QK52ZAVHG2WX,undefined,2018-12-14 16:13:30.693985,1,0,approved
27,2018-12-14 16:15:52.07517,,,,,,f,,{},participant,undefined,mturk,27,3HWRJOOET6VXXEK03LGMYY113PFSEE,27:3HWRJOOET6VXXEK03LGMYY113PFSEE,3JMNNNO3B1XVMVRZ44QK52ZAVHG2WX,undefined,2018-12-14 16:15:58.777177,,,overrecruited
29,2018-12-14 16:17:16.096777,,,,,,f,,{},participant,undefined,mturk,29,3STRJBFXOXK1YEPPO7WF6YASP5PKTF,29:3STRJBFXOXK1YEPPO7WF6YASP5PKTF,3JMNNNO3B1XVMVRZ44QK52ZAVHG2WX,undefined,2018-12-14 16:17:17.539375,,,overrecruited
11,2018-12-14 16:03:26.303029,,,,,,f,,{},participant,undefined,mturk,11,3V26SBZTBE7S9LXAU0O7F1ZMEAOZZW,11:3V26SBZTBE7S9LXAU0O7F1ZMEAOZZW,3JMNNNO3B1XVMVRZ44QK52ZAVHG2WX,undefined,2018-12-14 16:17:20.268587,,,approved
8,2018-12-14 16:02:47.737768,,,,,,f,,{},participant,undefined,mturk,8,333U7HK6IA8Z65NAKWWO0FST7U1DJQ,8:333U7HK6IA8Z65NAKWWO0FST7U1DJQ,3JMNNNO3B1XVMVRZ44QK52ZAVHG2WX,undefined,2018-12-14 16:17:24.30154,,,approved
15,2018-12-14 16:06:23.750003,,,,,,f,,{},participant,undefined,mturk,15,3N4BPTXIO9LGYR4EOCMPBUWU8JWKU6,15:3N4BPTXIO9LGYR4EOCMPBUWU8JWKU6,3JMNNNO3B1XVMVRZ44QK52ZAVHG2WX,undefined,2018-12-14 16:17:29.165424,,,approved
10,2018-12-14 16:03:17.071089,,,,,,f,,{},participant,undefined,mturk,10,3OE22WJIGJH29U291H6M7G837POUQ8,10:3OE22WJIGJH29U291H6M7G837POUQ8,3JMNNNO3B1XVMVRZ44QK52ZAVHG2WX,undefined,2018-12-14 16:17:31.804131,,,approved
7,2018-12-14 16:02:38.207544,,,,,,f,,{},participant,undefined,mturk,7,3RWE2M8QWI31QBD1NI0LEFPRMPXN0B,7:3RWE2M8QWI31QBD1NI0LEFPRMPXN0B,3JMNNNO3B1XVMVRZ44QK52ZAVHG2WX,undefined,2018-12-14 16:18:00.835417,,,approved
17,2018-12-14 16:07:09.552728,,,,,,f,,{},participant,undefined,mturk,17,3EFE17QCRDY9HOB2TMOSJ1YEV57SHU,17:3EFE17QCRDY9HOB2TMOSJ1YEV57SHU,3JMNNNO3B1XVMVRZ44QK52ZAVHG2WX,undefined,2018-12-14 16:17:42.780333,,,approved
12,2018-12-14 16:03:53.017542,,,,,,f,,{},participant,undefined,mturk,12,3TVRFO09GL8JZ1GREH9DA18DR1IXLE,12:3TVRFO09GL8JZ1GREH9DA18DR1IXLE,3JMNNNO3B1XVMVRZ44QK52ZAVHG2WX,undefined,2018-12-14 16:17:18.270467,,,approved
3,2018-12-14 16:01:28.265424,,,,,,f,,{},participant,undefined,mturk,3,3OSWBBLG1FQ01PSZ10BPRO08ISGXDY,3:3OSWBBLG1FQ01PSZ10BPRO08ISGXDY,3JMNNNO3B1XVMVRZ44QK52ZAVHG2WX,undefined,2018-12-14 16:17:43.154134,,,approved
6,2018-12-14 16:02:36.71987,,,,,,f,,{},participant,undefined,mturk,6,354GIDR5ZCZY5FLUMCYN33TEEWN00E,6:354GIDR5ZCZY5FLUMCYN33TEEWN00E,3JMNNNO3B1XVMVRZ44QK52ZAVHG2WX,undefined,2018-12-14 16:17:20.008106,,,approved
4,2018-12-14 16:01:56.588976,,,,,,f,,{},participant,undefined,mturk,4,3R2PKQ87NX16FO9HF7AR740N3T4IM1,4:3R2PKQ87NX16FO9HF7AR740N3T4IM1,3JMNNNO3B1XVMVRZ44QK52ZAVHG2WX,undefined,2018-12-14 16:17:42.401596,,,approved
33,2018-12-14 16:39:57.023174,,,,,,f,,{},participant,undefined,mturk,33,37M28K1J0R618YKY0M5MAEKNMR8AJP,33:37M28K1J0R618YKY0M5MAEKNMR8AJP,3JMNNNO3B1XVMVRZ44QK52ZAVHG2WX,undefined,2018-12-14 16:39:59.403506,,,overrecruited
30,2018-12-14 16:19:58.926973,,,,,,f,,{},participant,undefined,mturk,30,38SKSKU7R2QM96RWFV9C7RLY3OEILZ,30:38SKSKU7R2QM96RWFV9C7RLY3OEILZ,3JMNNNO3B1XVMVRZ44QK52ZAVHG2WX,undefined,2018-12-14 16:20:09.883984,,,overrecruited
31,2018-12-14 16:31:48.002893,,,,,,f,,{},participant,undefined,mturk,31,3VSOLARPKC2CI1845VZZYCSEKC693Z,31:3VSOLARPKC2CI1845VZZYCSEKC693Z,3JMNNNO3B1XVMVRZ44QK52ZAVHG2WX,undefined,2018-12-14 16:31:53.329226,,,overrecruited
1,2018-12-14 16:01:21.571863,,,,,,f,,{},participant,undefined,mturk,1,3M23Y66PO30TKZRLX3XOMA9OMRRS6T,1:3M23Y66PO30TKZRLX3XOMA9OMRRS6T,3JMNNNO3B1XVMVRZ44QK52ZAVHG2WX,undefined,2018-12-14 16:17:32.053671,,,approved
32,2018-12-14 16:35:12.943014,,,,,,f,,{},participant,undefined,mturk,32,3LOZAJ85YE6DYFUJ4BR8V594L1WX2U,32:3LOZAJ85YE6DYFUJ4BR8V594L1WX2U,3JMNNNO3B1XVMVRZ44QK52ZAVHG2WX,undefined,2018-12-14 16:35:18.768903,,,overrecruited
9,2018-12-14 16:03:09.382243,,,,,,f,,{},participant,undefined,mturk,9,3H8DHMCCWA4UHPTS2HW01US6MJ1DKP,9:3H8DHMCCWA4UHPTS2HW01US6MJ1DKP,3JMNNNO3B1XVMVRZ44QK52ZAVHG2WX,undefined,2018-12-14 16:17:21.934353,,,approved
16,2018-12-14 16:06:38.815522,,,,,,f,,{},participant,undefined,mturk,16,3IJXV6UZ1YCXC4M9KF68T3UX9G3IRP,16:3IJXV6UZ1YCXC4M9KF68T3UX9G3IRP,3JMNNNO3B1XVMVRZ44QK52ZAVHG2WX,undefined,2018-12-14 16:18:51.654184,,,approved
34,2018-12-14 16:59:55.602271,,,,,,f,,{},participant,undefined,mturk,34,3GLB5JMZFYOPF3X9CQBL320DF2NDGP,34:3GLB5JMZFYOPF3X9CQBL320DF2NDGP,3JMNNNO3B1XVMVRZ44QK52ZAVHG2WX,undefined,2018-12-14 17:00:01.496411,,,overrecruited
