id,creation_time,property1,property2,property3,property4,property5,failed,time_of_death,details,type,participant_id,number,question,response
1,2018-12-14 16:07:25.104905,,,,,,f,,{},question,2,1,questionnaire,"{""engagement"":""4"",""difficulty"":""4""}"
2,2018-12-14 16:11:41.637158,,,,,,f,,{},question,5,1,questionnaire,"{""engagement"":""6"",""difficulty"":""3""}"
3,2018-12-14 16:17:18.193162,,,,,,f,,{},question,12,1,questionnaire,"{""engagement"":""6"",""difficulty"":""4""}"
4,2018-12-14 16:17:19.900087,,,,,,f,,{},question,6,1,questionnaire,"{""engagement"":""7"",""difficulty"":""5""}"
5,2018-12-14 16:17:20.17986,,,,,,f,,{},question,11,1,questionnaire,"{""engagement"":""7"",""difficulty"":""5""}"
6,2018-12-14 16:17:21.853499,,,,,,f,,{},question,9,1,questionnaire,"{""engagement"":""7"",""difficulty"":""4""}"
7,2018-12-14 16:17:24.220581,,,,,,f,,{},question,8,1,questionnaire,"{""engagement"":""7"",""difficulty"":""3""}"
8,2018-12-14 16:17:29.015887,,,,,,f,,{},question,15,1,questionnaire,"{""engagement"":""7"",""difficulty"":""5""}"
9,2018-12-14 16:17:31.677719,,,,,,f,,{},question,10,1,questionnaire,"{""engagement"":""7"",""difficulty"":""5""}"
10,2018-12-14 16:17:31.977439,,,,,,f,,{},question,1,1,questionnaire,"{""engagement"":""3"",""difficulty"":""4""}"
11,2018-12-14 16:17:42.237691,,,,,,f,,{},question,4,1,questionnaire,"{""engagement"":""7"",""difficulty"":""6""}"
12,2018-12-14 16:17:42.592524,,,,,,f,,{},question,17,1,questionnaire,"{""engagement"":""7"",""difficulty"":""6""}"
13,2018-12-14 16:17:43.045463,,,,,,f,,{},question,3,1,questionnaire,"{""engagement"":""7"",""difficulty"":""7""}"
14,2018-12-14 16:18:00.637819,,,,,,f,,{},question,7,1,questionnaire,"{""engagement"":""6"",""difficulty"":""6""}"
15,2018-12-14 16:18:51.57276,,,,,,f,,{},question,16,1,questionnaire,"{""engagement"":""7"",""difficulty"":""4""}"
