id,creation_time,property1,property2,property3,property4,property5,failed,time_of_death,details,assignment_id,event_type
1,2018-12-14 16:46:47.676194,,,,,,f,,{},36H9ULYP63NW4P16B2REOFVEJ7PFJB,AssignmentAccepted
2,2018-12-14 16:46:47.697112,,,,,,f,,{},3HPZF4IVNNMFW2CV602GQWPZZY6CYR,AssignmentAccepted
3,2018-12-14 16:46:47.727497,,,,,,f,,{},3DYGAII7PM1PHPUDKV7SXAL4Z84PQF,AssignmentAccepted
4,2018-12-14 16:46:47.751572,,,,,,f,,{},31QNSG6A5SMU5FQH2FWBBX9J58C87G,AssignmentAccepted
5,2018-12-14 16:46:47.95019,,,,,,f,,{},3RYC5T2D74MPTQ9DXAWS20V9VU6PRG,AssignmentAccepted
6,2018-12-14 16:46:47.980882,,,,,,f,,{},3L4D84MIL0LGILSC6SFER07RZM2HJB,AssignmentAccepted
7,2018-12-14 16:46:48.076252,,,,,,f,,{},336YQZE83W7U30E28NRXIVWIY765MM,AssignmentAccepted
8,2018-12-14 16:46:48.106754,,,,,,f,,{},3WQQ9FUS6BNH7RT7FW8RGZVFOY3B85,AssignmentAccepted
9,2018-12-14 16:46:48.131318,,,,,,f,,{},3JJVG1YBECQYK9A5HY1O4FLOM82B53,AssignmentAccepted
10,2018-12-14 16:46:48.156653,,,,,,f,,{},3IO1LGZLKAQB1FCCJ5RJ5J9NAXS86H,AssignmentAccepted
11,2018-12-14 16:46:48.181881,,,,,,f,,{},32Z9ZLUT1MDUJWJ9M57JZWODYGCHOU,AssignmentAccepted
12,2018-12-14 16:46:48.208816,,,,,,f,,{},3QY7M81QH8FE0GSIB4TE12IA086K7B,AssignmentAccepted
13,2018-12-14 16:46:52.60984,,,,,,f,,{},3RWE2M8QWI31QBD1NI0LEFPRMP5N0J,AssignmentAccepted
14,2018-12-14 16:46:52.647229,,,,,,f,,{},34S6N1K2ZWCMDBGC9DRR7FKJ3B7HLD,AssignmentAccepted
15,2018-12-14 16:46:52.67993,,,,,,f,,{},3TPWUS5F8AUB7XHVRZKS5Z4JOQ6CWS,AssignmentAccepted
16,2018-12-14 16:46:52.714766,,,,,,f,,{},3Z7EFSHGNA7QWXML14GE7IIQXSCCXL,AssignmentAccepted
17,2018-12-14 16:47:29.515323,,,,,,f,,{},3MB8LZR5BGMDF1HKFYUOK70BVSBKLK,AssignmentAccepted
18,2018-12-14 16:48:00.206617,,,,,,f,,{},3YWRV122CTSW3Q2DFNPMLPN3DJ8U83,AssignmentSubmitted
19,2018-12-14 16:48:55.083169,,,,,,f,,"{""feedback"": """", ""error_text"": ""There has been an error and so you are unable to\r\n        continue, sorry!"", ""error_type"": ""already_started_exp_mturk"", ""request_data"": {""hit_id"": null, ""worker_id"": null, ""participant_id"": null}}",unknown,ExperimentError
20,2018-12-14 16:49:03.62615,,,,,,f,,{},336YQZE83W7U30E28NRXIVWIY735MJ,AssignmentSubmitted
21,2018-12-14 16:49:10.783359,,,,,,f,,"{""feedback"": """", ""error_text"": ""There has been an error and so you are unable to\r\n        continue, sorry!"", ""error_type"": ""already_started_exp_mturk"", ""request_data"": {""hit_id"": null, ""worker_id"": null, ""participant_id"": null}}",unknown,ExperimentError
22,2018-12-14 16:49:23.178027,,,,,,f,,{},36H9ULYP63NW4P16B2REOFVEJ7PFJB,AssignmentReturned
23,2018-12-14 16:49:23.277622,,,,,,f,,{},36H9ULYP63NW4P16B2REOFVEJ7PFJB,AssignmentAccepted
24,2018-12-14 16:50:27.695177,,,,,,f,,{},3NPI0JQDAPY295M51Z1N2FWRJF0PTQ,AssignmentSubmitted
25,2018-12-14 16:50:27.799629,,,,,,f,,{},3FTYUGLFSVERZ68PVUSUZ59OPTBD59,AssignmentSubmitted
26,2018-12-14 16:50:27.824292,,,,,,f,,{},3R9WASFE209M446ATOU0C9J425ZFZT,AssignmentSubmitted
27,2018-12-14 16:50:44.374981,,,,,,f,,{},3I0BTBYZAYEV2AHFUK9WVVNYQ980YL,AssignmentSubmitted
28,2018-12-14 16:50:44.411654,,,,,,f,,{},3S0TNUHWKUBAMORRTSZXBPJFRJCD8B,AssignmentSubmitted
29,2018-12-14 16:50:44.447606,,,,,,f,,{},3WQ3B2KGE99ZWR9MGBZC1P87ASUB1I,AssignmentSubmitted
30,2018-12-14 16:50:44.513941,,,,,,f,,{},3WT783CTPCAJJUJKW8OWILRYEPJCB7,AssignmentSubmitted
31,2018-12-14 16:50:55.67565,,,,,,f,,{},3YDGXNSEO0NXMS8Y0HY48LP9E6J84T,AssignmentSubmitted
32,2018-12-14 16:51:04.026838,,,,,,f,,{},3PIWWX1FJKZC9RN2USIZ3DN6CE4JJG,AssignmentSubmitted
33,2018-12-14 16:51:33.498034,,,,,,f,,{},3QJOXOW4XKKUZJ7VJOK0MP2VB03ME2,AssignmentSubmitted
34,2018-12-14 16:51:59.946212,,,,,,f,,{},3GGAI1SQEWRF2LNHNXE5W12SQOQMC9,AssignmentSubmitted
35,2018-12-14 16:51:59.98438,,,,,,f,,{},3X66WABAJXBRXBVCJ159QTE1OP23GL,AssignmentSubmitted
36,2018-12-14 16:52:00.023188,,,,,,f,,{},34Q075JO1Y6YC46CIV2NH8COJOZ10O,AssignmentSubmitted
37,2018-12-14 16:52:00.060224,,,,,,f,,{},30LB5CDZND3V70RKQ6BF92W0W3C0ZC,AssignmentSubmitted
38,2018-12-14 16:52:00.095145,,,,,,f,,{},3L4D84MIL0LGILSC6SFER07RZM0JHB,AssignmentSubmitted
39,2018-12-14 16:52:00.13149,,,,,,f,,{},3TVSS0C0E2TSTEJ6DLFIU94NCC4WTT,AssignmentSubmitted
40,2018-12-14 16:52:05.998041,,,,,,f,,{},308XBLVESJXNPW83E5ER7GQKEQPRBV,AssignmentSubmitted
41,2018-12-14 16:52:22.666055,,,,,,f,,{},3Y9N9SS8LZ4OLRLLHB41K8B4BXM3DB,AssignmentSubmitted
42,2018-12-14 16:52:23.945302,,,,,,f,,{},34HJIJKLP6PVX44B8A9E0Z9HP4O4VY,AssignmentAccepted
43,2018-12-14 16:52:24.661658,,,,,,f,,{},32ZKVD547GGV6UN13FDVPIN48C8B3A,AssignmentSubmitted
44,2018-12-14 16:52:55.072459,,,,,,f,,{},3L4D84MIL0LGILSC6SFER07RZM2HJB,AssignmentSubmitted
45,2018-12-14 16:52:55.144894,,,,,,f,,{},3JJVG1YBECQYK9A5HY1O4FLOM82B53,AssignmentSubmitted
46,2018-12-14 16:52:55.234073,,,,,,f,,{},3WAKVUDHUX9S3CXU5IXG7PR82Z2U7G,AssignmentSubmitted
47,2018-12-14 16:53:50.212495,,,,,,f,,{},3RRCEFRB7N5GOQ653TIEZNFAMC4B4V,AssignmentSubmitted
48,2018-12-14 16:56:45.233675,,,,,,f,,"{""feedback"": ""I disabled my adblocker and then refreshed."", ""error_text"": ""There has been an error and so you are unable to\r\n        continue, sorry!"", ""error_type"": ""already_started_exp_mturk"", ""request_data"": {""hit_id"": null, ""worker_id"": null, ""participant_id"": null}}",unknown,ExperimentError
49,2018-12-14 16:56:58.550028,,,,,,f,,{},3DYGAII7PM1PHPUDKV7SXAL4Z84PQF,AssignmentReturned
50,2018-12-14 16:57:17.914348,,,,,,f,,{},3DYGAII7PM1PHPUDKV7SXAL4Z84PQF,AssignmentAccepted
51,2018-12-14 17:02:50.003705,,,,,,f,,{},3MB8LZR5BGMDF1HKFYUOK70BVSBKLK,AssignmentReturned
52,2018-12-14 17:03:16.02919,,,,,,f,,{},3MB8LZR5BGMDF1HKFYUOK70BVSBKLK,AssignmentAccepted
53,2018-12-14 17:16:53.222104,,,,,,f,,{},34S6N1K2ZWCMDBGC9DRR7FKJ3B7HLD,AssignmentAbandoned
