id,creation_time,property1,property2,property3,property4,property5,failed,time_of_death,details,type,fingerprint_hash,recruiter_id,worker_id,assignment_id,unique_id,hit_id,mode,end_time,base_pay,bonus,status
4,2018-12-14 16:48:11.894605,,,,,,f,,{},participant,undefined,mturk,4,36H9ULYP63NW4P16B2REOFVEJ7PFJB,4:36H9ULYP63NW4P16B2REOFVEJ7PFJB,3T5ZXGO9DEHG89YPH20S0ORVSP1ZQ1,undefined,2018-12-14 16:49:23.252049,,,returned
6,2018-12-14 16:51:03.917832,,,,,,f,,{},participant,undefined,mturk,6,3Z7EFSHGNA7QWXML14GE7IIQXSCCXL,6:3Z7EFSHGNA7QWXML14GE7IIQXSCCXL,3T5ZXGO9DEHG89YPH20S0ORVSP1ZQ1,undefined,2018-12-14 17:02:15.808223,,,approved
9,2018-12-14 16:51:57.86378,,,,,,f,,{},participant,undefined,mturk,9,3WQQ9FUS6BNH7RT7FW8RGZVFOY3B85,9:3WQQ9FUS6BNH7RT7FW8RGZVFOY3B85,3T5ZXGO9DEHG89YPH20S0ORVSP1ZQ1,undefined,2018-12-14 17:02:10.633829,,,approved
17,2018-12-14 17:02:02.452006,,,,,,f,,{},participant,undefined,mturk,17,3TPWUS5F8AUB7XHVRZKS5Z4JOQ6CWS,17:3TPWUS5F8AUB7XHVRZKS5Z4JOQ6CWS,3T5ZXGO9DEHG89YPH20S0ORVSP1ZQ1,undefined,2018-12-14 17:02:05.875106,,,overrecruited
10,2018-12-14 16:52:24.682036,,,,,,f,,{},participant,undefined,mturk,10,3JJVG1YBECQYK9A5HY1O4FLOM82B53,10:3JJVG1YBECQYK9A5HY1O4FLOM82B53,3T5ZXGO9DEHG89YPH20S0ORVSP1ZQ1,undefined,2018-12-14 16:52:55.153769,1,0,approved
11,2018-12-14 16:52:39.29627,,,,,,f,,{},participant,undefined,mturk,11,3L4D84MIL0LGILSC6SFER07RZM2HJB,11:3L4D84MIL0LGILSC6SFER07RZM2HJB,3T5ZXGO9DEHG89YPH20S0ORVSP1ZQ1,undefined,2018-12-14 16:52:55.079178,1,0,approved
12,2018-12-14 16:54:10.863386,,,,,,f,,{},participant,undefined,mturk,12,3RWE2M8QWI31QBD1NI0LEFPRMP5N0J,12:3RWE2M8QWI31QBD1NI0LEFPRMP5N0J,3T5ZXGO9DEHG89YPH20S0ORVSP1ZQ1,undefined,2018-12-14 16:54:12.518832,,,overrecruited
13,2018-12-14 16:55:40.323378,,,,,,f,,{},participant,undefined,mturk,13,36H9ULYP63NW4P16B2REOFVEJ7PFJB,13:36H9ULYP63NW4P16B2REOFVEJ7PFJB,3T5ZXGO9DEHG89YPH20S0ORVSP1ZQ1,undefined,2018-12-14 16:55:46.332268,,,overrecruited
8,2018-12-14 16:51:55.916644,,,,,,f,,{},participant,undefined,mturk,8,3DYGAII7PM1PHPUDKV7SXAL4Z84PQF,8:3DYGAII7PM1PHPUDKV7SXAL4Z84PQF,3T5ZXGO9DEHG89YPH20S0ORVSP1ZQ1,undefined,2018-12-14 16:56:58.557133,,,returned
14,2018-12-14 16:59:54.337447,,,,,,f,,{},participant,undefined,mturk,14,3RYC5T2D74MPTQ9DXAWS20V9VU6PRG,14:3RYC5T2D74MPTQ9DXAWS20V9VU6PRG,3T5ZXGO9DEHG89YPH20S0ORVSP1ZQ1,undefined,2018-12-14 17:00:01.756503,,,overrecruited
15,2018-12-14 17:00:16.715946,,,,,,f,,{},participant,undefined,mturk,15,3DYGAII7PM1PHPUDKV7SXAL4Z84PQF,15:3DYGAII7PM1PHPUDKV7SXAL4Z84PQF,3T5ZXGO9DEHG89YPH20S0ORVSP1ZQ1,undefined,2018-12-14 17:00:18.246951,,,overrecruited
16,2018-12-14 17:01:06.732206,,,,,,f,,{},participant,undefined,mturk,16,3HPZF4IVNNMFW2CV602GQWPZZY6CYR,16:3HPZF4IVNNMFW2CV602GQWPZZY6CYR,3T5ZXGO9DEHG89YPH20S0ORVSP1ZQ1,undefined,2018-12-14 17:01:09.522918,,,overrecruited
2,2018-12-14 16:47:11.58545,,,,,,f,,{},participant,undefined,mturk,2,336YQZE83W7U30E28NRXIVWIY765MM,2:336YQZE83W7U30E28NRXIVWIY765MM,3T5ZXGO9DEHG89YPH20S0ORVSP1ZQ1,undefined,2018-12-14 17:02:10.702753,,,approved
1,2018-12-14 16:47:05.856151,,,,,,f,,{},participant,undefined,mturk,1,3IO1LGZLKAQB1FCCJ5RJ5J9NAXS86H,1:3IO1LGZLKAQB1FCCJ5RJ5J9NAXS86H,3T5ZXGO9DEHG89YPH20S0ORVSP1ZQ1,undefined,2018-12-14 17:03:25.268401,,,approved
3,2018-12-14 16:48:00.817872,,,,,,f,,{},participant,undefined,mturk,3,31QNSG6A5SMU5FQH2FWBBX9J58C87G,3:31QNSG6A5SMU5FQH2FWBBX9J58C87G,3T5ZXGO9DEHG89YPH20S0ORVSP1ZQ1,undefined,2018-12-14 17:02:11.853078,,,approved
18,2018-12-14 17:22:07.603692,,,,,,f,,{},participant,undefined,mturk,18,3HMIGG0U4MZDKZMIPOMBOATG97PY8B,18:3HMIGG0U4MZDKZMIPOMBOATG97PY8B,3T5ZXGO9DEHG89YPH20S0ORVSP1ZQ1,undefined,2018-12-14 17:22:08.314837,,,overrecruited
5,2018-12-14 16:50:33.648102,,,,,,f,,{},participant,undefined,mturk,5,32Z9ZLUT1MDUJWJ9M57JZWODYGCHOU,5:32Z9ZLUT1MDUJWJ9M57JZWODYGCHOU,3T5ZXGO9DEHG89YPH20S0ORVSP1ZQ1,undefined,2018-12-14 17:02:05.43335,,,approved
7,2018-12-14 16:51:05.234051,,,,,,f,,{},participant,undefined,mturk,7,3QY7M81QH8FE0GSIB4TE12IA086K7B,7:3QY7M81QH8FE0GSIB4TE12IA086K7B,3T5ZXGO9DEHG89YPH20S0ORVSP1ZQ1,undefined,2018-12-14 17:02:05.430866,,,approved
