id,creation_time,property1,property2,property3,property4,property5,failed,time_of_death,details,type,participant_id,number,question,response
1,2018-12-14 17:02:05.288765,,,,,,f,,{},question,5,1,questionnaire,"{""engagement"":""4"",""difficulty"":""6""}"
2,2018-12-14 17:02:05.313795,,,,,,f,,{},question,7,1,questionnaire,"{""engagement"":""3"",""difficulty"":""1""}"
3,2018-12-14 17:02:10.02716,,,,,,f,,{},question,2,1,questionnaire,"{""engagement"":""5"",""difficulty"":""6""}"
4,2018-12-14 17:02:10.510488,,,,,,f,,{},question,9,1,questionnaire,"{""engagement"":""5"",""difficulty"":""4""}"
5,2018-12-14 17:02:11.773807,,,,,,f,,{},question,3,1,questionnaire,"{""engagement"":""5"",""difficulty"":""2""}"
6,2018-12-14 17:02:13.920914,,,,,,f,,{},question,6,1,questionnaire,"{""engagement"":""7"",""difficulty"":""4""}"
7,2018-12-14 17:03:25.095421,,,,,,f,,{},question,1,1,questionnaire,"{""engagement"":""7"",""difficulty"":""1""}"
