id,creation_time,property1,property2,property3,property4,property5,failed,time_of_death,details,assignment_id,event_type
1,2018-12-16 22:05:55.466723,,,,,,f,,{},369J354OFE3QUUIU2337XWQLYRM6GY,AssignmentAccepted
2,2018-12-16 22:05:57.681995,,,,,,f,,{},3GD6L00D3TQVFIDJ70PLF5J1M2I1M3,AssignmentAccepted
3,2018-12-16 22:06:01.617246,,,,,,f,,{},3O6CYIULEEU7TRYVDQ5SZ5QPV1TWUO,AssignmentAccepted
4,2018-12-16 22:06:02.945304,,,,,,f,,{},3VA45EW49OGJFLYVKG4Y7986H2X1OI,AssignmentAccepted
5,2018-12-16 22:06:18.132211,,,,,,f,,{},3K2755HG5TWJ131E1653LH01EY7FDY,AssignmentSubmitted
6,2018-12-16 22:06:23.597449,,,,,,f,,{},3FE2ERCCZY1MWDHX5IFO85Q4KI1PO8,AssignmentSubmitted
7,2018-12-16 22:06:23.629513,,,,,,f,,{},3SEPORI8WOSR8DP2I888Y88D504ZA4,AssignmentSubmitted
8,2018-12-16 22:06:29.754984,,,,,,f,,{},3HPZF4IVNNMFW2CV602GQWPZZ9LCYS,AssignmentSubmitted
9,2018-12-16 22:06:54.071812,,,,,,f,,{},33FOTY3KENEI6W1SUBV7C9EPSODC1V,AssignmentSubmitted
10,2018-12-16 22:06:54.106157,,,,,,f,,{},3Z7EFSHGNA7QWXML14GE7IIQX3RCXM,AssignmentSubmitted
11,2018-12-16 22:07:12.898684,,,,,,f,,{},3VA45EW49OGJFLYVKG4Y7986H2X1OI,AssignmentSubmitted
12,2018-12-16 22:09:16.090553,,,,,,f,,{},3IAEQB9FMFDLCPN9RVF3P5M191XWDD,AssignmentSubmitted
13,2018-12-16 22:13:55.525864,,,,,,f,,{},3DZQRBDBSM8UNG43E1ZQF7X4CBCS3W,AssignmentSubmitted
14,2018-12-16 22:14:00.16468,,,,,,f,,{},3N1FSUEFL6T93N4PHP9KUD3AP8Z4D0,AssignmentSubmitted
15,2018-12-16 22:14:00.203287,,,,,,f,,{},3EF8EXOTT2O5EA7Y43CTZDRKI8M1JY,AssignmentSubmitted
16,2018-12-16 22:14:21.830605,,,,,,f,,{},3Z7ISHFUH1ODPPWNLAOU2H2IFC4Z80,AssignmentSubmitted
17,2018-12-16 22:16:47.830141,,,,,,f,,{},369J354OFE3QUUIU2337XWQLYRM6GY,AssignmentReturned
18,2018-12-16 22:16:49.50863,,,,,,f,,{},3O6CYIULEEU7TRYVDQ5SZ5QPV1TWUO,AssignmentSubmitted
19,2018-12-16 22:17:01.01502,,,,,,f,,{},3GD6L00D3TQVFIDJ70PLF5J1M2I1M3,AssignmentSubmitted
20,2018-12-16 22:17:07.389351,,,,,,f,,{},369J354OFE3QUUIU2337XWQLYRM6GY,AssignmentAccepted
21,2018-12-16 22:19:28.044766,,,,,,f,,{},3PQ8K71NHYDQ75HU6GS9HFH4WFXAAE,AssignmentSubmitted
22,2018-12-16 22:24:10.694699,,,,,,f,,{},3R08VXYT7DO5VGMZ0ICHPDC5NQU7WV,AssignmentSubmitted
23,2018-12-16 22:43:33.573159,,,,,,f,,{},369J354OFE3QUUIU2337XWQLYRM6GY,AssignmentReturned
24,2018-12-16 22:43:41.615341,,,,,,f,,{},369J354OFE3QUUIU2337XWQLYRM6GY,AssignmentAccepted
