id,creation_time,property1,property2,property3,property4,property5,failed,time_of_death,details,type,fingerprint_hash,recruiter_id,worker_id,assignment_id,unique_id,hit_id,mode,end_time,base_pay,bonus,status
3,2018-12-16 22:06:58.504924,,,,,,f,,{},participant,undefined,mturk,3,3VA45EW49OGJFLYVKG4Y7986H2X1OI,3:3VA45EW49OGJFLYVKG4Y7986H2X1OI,34YWR3PJ2833FLTBZMISOXK28TK0X3,undefined,2018-12-16 22:07:12.904939,1,0,approved
2,2018-12-16 22:06:33.004105,,,,,,f,,{},participant,undefined,mturk,2,3O6CYIULEEU7TRYVDQ5SZ5QPV1TWUO,2:3O6CYIULEEU7TRYVDQ5SZ5QPV1TWUO,34YWR3PJ2833FLTBZMISOXK28TK0X3,undefined,2018-12-16 22:16:49.514734,1,1.26,approved
1,2018-12-16 22:06:12.047739,,,,,,f,,{},participant,undefined,mturk,1,3GD6L00D3TQVFIDJ70PLF5J1M2I1M3,1:3GD6L00D3TQVFIDJ70PLF5J1M2I1M3,34YWR3PJ2833FLTBZMISOXK28TK0X3,undefined,2018-12-16 22:17:01.021388,1,1.26,approved
4,2018-12-16 22:44:02.785998,,,,,,f,,{},participant,undefined,mturk,4,369J354OFE3QUUIU2337XWQLYRM6GY,4:369J354OFE3QUUIU2337XWQLYRM6GY,34YWR3PJ2833FLTBZMISOXK28TK0X3,undefined,2018-12-16 22:44:04.346858,,,overrecruited
