id,creation_time,property1,property2,property3,property4,property5,failed,time_of_death,details,assignment_id,event_type
1,2018-12-16 20:38:21.564912,,,,,,f,,{},33TIN5LC053DY45SUGSPO6ORTNA9YY,AssignmentAccepted
2,2018-12-16 20:38:21.970659,,,,,,f,,{},3NL0RFNU0GGHHTAZ96V7YQY09GNK4I,AssignmentAccepted
3,2018-12-16 20:38:22.023553,,,,,,f,,{},3YZ8UPK3VUFYFTSQWZ5RNBJM3K2CUK,AssignmentAccepted
4,2018-12-16 20:38:27.71793,,,,,,f,,{},3GU1KF0O4JU2DJSO1DA22LQ5DIAPBU,AssignmentAccepted
5,2018-12-16 20:38:29.695178,,,,,,f,,{},32Z9ZLUT1MDUJWJ9M57JZWODYQJHOL,AssignmentAccepted
6,2018-12-16 20:38:29.730063,,,,,,f,,{},3U5NZHP4LSVC4WVA15KYOWT38VFHP2,AssignmentAccepted
7,2018-12-16 20:38:29.765129,,,,,,f,,{},3LEIZ60CDKSD3UFXQ2U82DXTZHE9ZP,AssignmentAccepted
8,2018-12-16 20:38:29.844347,,,,,,f,,{},30JNVC0ORADX48WP1IZNO1JDDR1HQT,AssignmentAccepted
9,2018-12-16 21:08:38.854681,,,,,,f,,{},3U5NZHP4LSVC4WVA15KYOWT38VFHP2,AssignmentAbandoned
10,2018-12-16 21:08:49.913429,,,,,,f,,{},3U5NZHP4LSVC4WVA15KYOWT38VFHP2,AssignmentAccepted
