id,creation_time,property1,property2,property3,property4,property5,failed,time_of_death,details,type,fingerprint_hash,recruiter_id,worker_id,assignment_id,unique_id,hit_id,mode,end_time,base_pay,bonus,status
5,2018-12-16 20:45:24.794523,,,,,,f,,{},participant,undefined,mturk,5,3GU1KF0O4JU2DJSO1DA22LQ5DIAPBU,5:3GU1KF0O4JU2DJSO1DA22LQ5DIAPBU,3MA5N0ATTC4Q3BVPTAWO5YL4DPBKWR,undefined,2018-12-16 20:45:33.659067,,,overrecruited
6,2018-12-16 20:46:03.00509,,,,,,f,,{},participant,undefined,mturk,6,3YZ8UPK3VUFYFTSQWZ5RNBJM3K2CUK,6:3YZ8UPK3VUFYFTSQWZ5RNBJM3K2CUK,3MA5N0ATTC4Q3BVPTAWO5YL4DPBKWR,undefined,2018-12-16 20:46:06.383149,,,overrecruited
7,2018-12-16 20:51:48.203417,,,,,,f,,{},participant,undefined,mturk,7,30JNVC0ORADX48WP1IZNO1JDDR1HQT,7:30JNVC0ORADX48WP1IZNO1JDDR1HQT,3MA5N0ATTC4Q3BVPTAWO5YL4DPBKWR,undefined,2018-12-16 20:51:54.433661,,,overrecruited
1,2018-12-16 20:38:31.764998,,,,,,f,,{},participant,undefined,mturk,1,3LEIZ60CDKSD3UFXQ2U82DXTZHE9ZP,1:3LEIZ60CDKSD3UFXQ2U82DXTZHE9ZP,3MA5N0ATTC4Q3BVPTAWO5YL4DPBKWR,undefined,2018-12-16 20:53:41.828342,,,approved
2,2018-12-16 20:39:05.01349,,,,,,f,,{},participant,undefined,mturk,2,33TIN5LC053DY45SUGSPO6ORTNA9YY,2:33TIN5LC053DY45SUGSPO6ORTNA9YY,3MA5N0ATTC4Q3BVPTAWO5YL4DPBKWR,undefined,2018-12-16 20:46:28.828934,,,approved
3,2018-12-16 20:39:42.410452,,,,,,f,,{},participant,undefined,mturk,3,32Z9ZLUT1MDUJWJ9M57JZWODYQJHOL,3:32Z9ZLUT1MDUJWJ9M57JZWODYQJHOL,3MA5N0ATTC4Q3BVPTAWO5YL4DPBKWR,undefined,2018-12-16 20:53:48.299576,,,approved
4,2018-12-16 20:43:32.734634,,,,,,f,,{},participant,undefined,mturk,4,3NL0RFNU0GGHHTAZ96V7YQY09GNK4I,4:3NL0RFNU0GGHHTAZ96V7YQY09GNK4I,3MA5N0ATTC4Q3BVPTAWO5YL4DPBKWR,undefined,2018-12-16 20:53:41.14993,,,approved
8,2018-12-16 21:16:56.69386,,,,,,f,,{},participant,undefined,mturk,8,3U5NZHP4LSVC4WVA15KYOWT38VFHP2,8:3U5NZHP4LSVC4WVA15KYOWT38VFHP2,3MA5N0ATTC4Q3BVPTAWO5YL4DPBKWR,undefined,2018-12-16 21:16:57.638952,,,overrecruited
