id,creation_time,property1,property2,property3,property4,property5,failed,time_of_death,details,type,participant_id,number,question,response
1,2018-12-16 20:46:28.685005,,,,,,f,,{},question,2,1,questionnaire,"{""engagement"":""7"",""difficulty"":""7""}"
2,2018-12-16 20:53:40.879328,,,,,,f,,{},question,4,1,questionnaire,"{""engagement"":""6"",""difficulty"":""2""}"
3,2018-12-16 20:53:41.674623,,,,,,f,,{},question,1,1,questionnaire,"{""engagement"":""7"",""difficulty"":""4""}"
4,2018-12-16 20:53:48.094075,,,,,,f,,{},question,3,1,questionnaire,"{""engagement"":""6"",""difficulty"":""6""}"
