id,creation_time,property1,property2,property3,property4,property5,failed,time_of_death,details,assignment_id,event_type
1,2018-12-17 00:04:38.786753,,,,,,f,,{},3S06PH7KSSXSBO76U7QIWFW7DO21DX,AssignmentAccepted
2,2018-12-17 00:04:42.299096,,,,,,f,,{},39GXDJN2OU7WG5RDKDZRHBPMR1C8VN,AssignmentAccepted
3,2018-12-17 00:09:04.893171,,,,,,f,,{},32EYX73OY122LVH9EWVMC6I83MPURU,AssignmentSubmitted
4,2018-12-17 00:09:04.938118,,,,,,f,,{},39GXDJN2OU7WG5RDKDZRHBPMR1C8VN,AssignmentSubmitted
5,2018-12-17 00:09:18.501527,,,,,,f,,{},3FIJLY1B6VXSQ0446FWYLBHQSHMPFY,AssignmentSubmitted
6,2018-12-17 00:09:53.302869,,,,,,f,,{},3ZGVPD4G6UAWN9OBO8ZPTDY5TP2TZW,AssignmentSubmitted
7,2018-12-17 00:13:21.642601,,,,,,f,,{},3KMS4QQVK3JRF97OTNRQPUVRY7GKFS,AssignmentSubmitted
8,2018-12-17 00:17:20.553671,,,,,,f,,{},3S06PH7KSSXSBO76U7QIWFW7DO21DX,AssignmentSubmitted
9,2018-12-17 00:17:55.162327,,,,,,f,,{},33OOO72IVIEJFGD1WUFHIFXKK7GCTG,AssignmentSubmitted
10,2018-12-17 00:28:24.356918,,,,,,f,,{},384PI804XTUY6O56VEH7D9ZX9Z8S0H,AssignmentAccepted
11,2018-12-17 00:48:40.857583,,,,,,f,,{},3R0T90IZ1T5FABRVCUGAJWIVUDDGCG,AssignmentAccepted
12,2018-12-17 00:58:37.557184,,,,,,f,,{},384PI804XTUY6O56VEH7D9ZX9Z8S0H,AssignmentAbandoned
13,2018-12-17 00:58:46.687342,,,,,,f,,{},384PI804XTUY6O56VEH7D9ZX9Z8S0H,AssignmentAccepted
14,2018-12-17 01:18:53.593843,,,,,,f,,{},3R0T90IZ1T5FABRVCUGAJWIVUDDGCG,AssignmentAbandoned
