id,creation_time,property1,property2,property3,property4,property5,failed,time_of_death,details,assignment_id,event_type
1,2018-12-14 15:47:36.189152,,,,,,f,,{},3RXPCZQMQQ4VN8HXWXRQ20Z4Q5F1GI,AssignmentAccepted
2,2018-12-14 15:47:36.645349,,,,,,f,,{},3FIUS151DWVSRN70EGCT9N3ASUYGGX,AssignmentAccepted
3,2018-12-14 15:47:36.693921,,,,,,f,,{},37TRT2X24RK6R8PQ605I5P4T49NJBN,AssignmentAccepted
4,2018-12-14 15:47:36.730755,,,,,,f,,{},3YMU66OBIO16RJ2BYMUBUNFB7UBGHW,AssignmentAccepted
5,2018-12-14 15:47:36.776842,,,,,,f,,{},32M8BPYGAUF6NEDV44CWUZGQ77QGIP,AssignmentAccepted
6,2018-12-14 15:47:36.80463,,,,,,f,,{},3Z2R0DQ0JI74SF32961G7GOX5VEE2V,AssignmentAccepted
7,2018-12-14 15:47:36.834374,,,,,,f,,{},3EWIJTFFVP0XW50OUJX2OSVI8XUE0B,AssignmentAccepted
8,2018-12-14 15:47:38.467775,,,,,,f,,{},3OLQQLKKNTI4YB1AGR786XAE760JEN,AssignmentAccepted
9,2018-12-14 15:47:38.737999,,,,,,f,,{},3B2X28YI3X8U3DAJMHBTWLZOI33B69,AssignmentAccepted
10,2018-12-14 15:47:38.79099,,,,,,f,,{},352YTHGROW6QF39R3LSALYI8HP24HX,AssignmentAccepted
11,2018-12-14 15:47:40.040522,,,,,,f,,{},3A1PQ49WVIA9N4C8G398N0B555S1HH,AssignmentAccepted
12,2018-12-14 15:47:40.066759,,,,,,f,,{},3G5W44VEU8BXT93J47X87FV3ZBFGK0,AssignmentAccepted
13,2018-12-14 15:47:40.086908,,,,,,f,,{},3N1FSUEFL6T93N4PHP9KUD3APX94DO,AssignmentAccepted
14,2018-12-14 15:47:40.112919,,,,,,f,,{},3P4RDNWND6ZGEG3WCAXZRC86ZZ7JIW,AssignmentAccepted
15,2018-12-14 15:47:40.135846,,,,,,f,,{},3QILPRALQ6OJ80I4IMD07UV95N78NH,AssignmentAccepted
16,2018-12-14 15:47:40.161057,,,,,,f,,{},3GDTJDAPVV4DQIX46LY0UF690XX8MH,AssignmentAccepted
17,2018-12-14 15:47:42.820886,,,,,,f,,{},392CY0QWG2KQBYKB93AVLAJNH2H4IQ,AssignmentAccepted
18,2018-12-14 15:47:46.386015,,,,,,f,,{},3WQQ9FUS6BNH7RT7FW8RGZVFOYTB8V,AssignmentAccepted
19,2018-12-14 15:47:46.431763,,,,,,f,,{},320DUZ38G8F2IPX1MMXW60VQKMFJG4,AssignmentAccepted
20,2018-12-14 15:47:46.466666,,,,,,f,,{},3H7Z272LX80EQSE0SQZWGOMAP27LPC,AssignmentAccepted
21,2018-12-14 15:47:46.548585,,,,,,f,,{},3VELCLL3GLCP98L2LDL8KFZSPQF1FJ,AssignmentAccepted
22,2018-12-14 15:47:46.606787,,,,,,f,,{},34V1S5K3GTUBFKVMOXXX5F4YU3069U,AssignmentAccepted
23,2018-12-14 15:47:46.635977,,,,,,f,,{},3EF8EXOTT2O5EA7Y43CTZDRKIXW1JM,AssignmentAccepted
24,2018-12-14 15:47:46.663106,,,,,,f,,{},3JJVG1YBECQYK9A5HY1O4FLOM8SB5T,AssignmentAccepted
25,2018-12-14 15:47:46.688998,,,,,,f,,{},3JRJSWSMQIETDXZLD6FLQQTPB9EE36,AssignmentAccepted
26,2018-12-14 15:47:46.712282,,,,,,f,,{},3L4D84MIL0LGILSC6SFER07RZMSJH3,AssignmentAccepted
27,2018-12-14 15:47:46.736513,,,,,,f,,{},3JV9LGBJWU7GJ0OY2ZP1EWCCJGPGOK,AssignmentAccepted
28,2018-12-14 15:47:46.760446,,,,,,f,,{},3QFUFYSY9Z8617IL8V4AID6V1AP4FZ,AssignmentAccepted
29,2018-12-14 15:47:46.783892,,,,,,f,,{},3EICBYG645PP1DHWK01DG9ABMUNJCU,AssignmentAccepted
30,2018-12-14 15:47:46.817435,,,,,,f,,{},3U4J9857OF4D7DOO5RGL2ZZKDENB78,AssignmentAccepted
31,2018-12-14 15:47:46.84067,,,,,,f,,{},38JBBYETQP3EVTIPDKK40VLVP9AE4R,AssignmentAccepted
32,2018-12-14 15:47:51.747747,,,,,,f,,{},3NLZY2D53QIZQ4FFS3ELGTCKUYTLQ3,AssignmentAccepted
33,2018-12-14 15:48:04.957726,,,,,,f,,{},3QY5DC2MXSD5I5C0N1VSVH4P0NBUFA,AssignmentSubmitted
34,2018-12-14 15:48:04.989973,,,,,,f,,{},3UWN2HHPUZY1RKXDWKJ5OLVAHHANSS,AssignmentSubmitted
35,2018-12-14 15:48:05.02402,,,,,,f,,{},33M4IA01QHUU2ZB4J169WDHCXT1XRY,AssignmentSubmitted
36,2018-12-14 15:48:26.462854,,,,,,f,,{},3CN4LGXD5YHC1YZGDLWY7YDB7LC4YT,AssignmentSubmitted
37,2018-12-14 15:48:32.474987,,,,,,f,,{},3GNA64GUZFXLOFCU0GYEZ4GN88RQ5I,AssignmentSubmitted
38,2018-12-14 15:48:35.455202,,,,,,f,,{},3Z2R0DQ0JI74SF32961G7GOX5VEE2V,AssignmentReturned
39,2018-12-14 15:48:35.530896,,,,,,f,,{},3Z2R0DQ0JI74SF32961G7GOX5VEE2V,AssignmentAccepted
40,2018-12-14 15:49:02.755169,,,,,,f,,{},3U4J9857OF4D7DOO5RGL2ZZKDENB78,AssignmentReturned
41,2018-12-14 15:49:04.094994,,,,,,f,,{},3JNQLM5FT5FIYLDUQSOKKBEHESDL2N,AssignmentSubmitted
42,2018-12-14 15:49:04.133394,,,,,,f,,{},34HJIJKLP6PVX44B8A9E0Z9HP49V4A,AssignmentSubmitted
43,2018-12-14 15:49:05.09307,,,,,,f,,{},3U4J9857OF4D7DOO5RGL2ZZKDENB78,AssignmentAccepted
44,2018-12-14 15:49:15.891074,,,,,,f,,{},3N4BPTXIO9LGYR4EOCMPBUWU8JQKU0,AssignmentSubmitted
45,2018-12-14 15:49:53.007226,,,,,,f,,{},3GDTJDAPVV4DQIX46LY0UF690XX8MH,AssignmentReturned
46,2018-12-14 15:49:57.474359,,,,,,f,,{},3GDTJDAPVV4DQIX46LY0UF690XX8MH,AssignmentAccepted
47,2018-12-14 15:50:22.80023,,,,,,f,,{},37QW5D2ZRHFGODA9QIUM6O5FSMA8SO,AssignmentSubmitted
48,2018-12-14 15:50:22.833699,,,,,,f,,{},3W92K5RLWVADTN8BMFSO5RFVP04V5F,AssignmentSubmitted
49,2018-12-14 15:50:22.867655,,,,,,f,,{},384PI804XTUY6O56VEH7D9ZX9O1S0O,AssignmentSubmitted
50,2018-12-14 15:50:22.902188,,,,,,f,,{},3STRJBFXOXK1YEPPO7WF6YASP5JKT9,AssignmentSubmitted
51,2018-12-14 15:50:38.162725,,,,,,f,,{},3R9WASFE209M446ATOU0C9J425QZF4,AssignmentSubmitted
52,2018-12-14 15:50:50.33339,,,,,,f,,{},32UTUBMZ7HPFI3PKNPJ18DFNZWQVBG,AssignmentSubmitted
53,2018-12-14 15:50:53.981638,,,,,,f,,{},3IAS3U3I0G96LCRIZFZQ68IC2Y02BI,AssignmentSubmitted
54,2018-12-14 15:53:15.266894,,,,,,f,,"{""feedback"": ""Sat on waiting for the other players to join at 0% for at least 5 minutes. Refreshed this screen once and got this error message.\r\n\r\nhttps://i.imgur.com/6z2gc0b.png"", ""error_text"": ""There has been an error and so you are unable to\r\n        continue, sorry!"", ""error_type"": ""already_started_exp_mturk"", ""request_data"": {""hit_id"": null, ""worker_id"": null, ""participant_id"": null}}",unknown,ExperimentError
55,2018-12-14 15:53:21.501274,,,,,,f,,{},36W0OB37HX76I0XGOEI0FUVHIK3ZH2,AssignmentSubmitted
56,2018-12-14 15:53:32.279045,,,,,,f,,{},38JBBYETQP3EVTIPDKK40VLVP9AE4R,AssignmentReturned
57,2018-12-14 15:53:47.70285,,,,,,f,,{},3GD6L00D3TQVFIDJ70PLF5J1MRSM1C,AssignmentAccepted
58,2018-12-14 15:53:59.970354,,,,,,f,,{},39LNWE0K4VPPSWEQO91DYEHHGF0IUM,AssignmentSubmitted
59,2018-12-14 15:54:03.617326,,,,,,f,,{},3LBXNTKX0SOOYZFIPK6N5SHIR709XS,AssignmentAccepted
60,2018-12-14 15:54:40.462549,,,,,,f,,{},3LEP4MGT3HTTOMPYW4J72R9GZPLBDW,AssignmentSubmitted
61,2018-12-14 15:54:48.003749,,,,,,f,,{},3RXPCZQMQQ4VN8HXWXRQ20Z4Q5F1GI,AssignmentSubmitted
62,2018-12-14 15:55:57.531119,,,,,,f,,{},3WQQ9FUS6BNH7RT7FW8RGZVFOYTB8V,AssignmentReturned
63,2018-12-14 15:56:30.376822,,,,,,f,,{},3WQQ9FUS6BNH7RT7FW8RGZVFOYTB8V,AssignmentAccepted
64,2018-12-14 15:57:25.825643,,,,,,f,,{},3N1FSUEFL6T93N4PHP9KUD3APX94DO,AssignmentReturned
65,2018-12-14 15:57:50.062298,,,,,,f,,{},3N1FSUEFL6T93N4PHP9KUD3APX94DO,AssignmentAccepted
66,2018-12-14 16:02:33.95433,,,,,,f,,"{""feedback"": ""?"", ""error_text"": ""There has been an error and so you are unable to\r\n        continue, sorry!"", ""error_type"": ""already_started_exp_mturk"", ""request_data"": {""hit_id"": null, ""worker_id"": null, ""participant_id"": null}}",unknown,ExperimentError
67,2018-12-14 16:02:52.809421,,,,,,f,,{},3JJVG1YBECQYK9A5HY1O4FLOM8SB5T,AssignmentReturned
68,2018-12-14 16:03:24.014648,,,,,,f,,{},3JJVG1YBECQYK9A5HY1O4FLOM8SB5T,AssignmentAccepted
69,2018-12-14 16:03:35.332766,,,,,,f,,{},3EF8EXOTT2O5EA7Y43CTZDRKIXW1JM,AssignmentReturned
70,2018-12-14 16:11:57.950239,,,,,,f,,{},320DUZ38G8F2IPX1MMXW60VQKMFJG4,AssignmentReturned
71,2018-12-14 16:17:56.291588,,,,,,f,,{},3G5W44VEU8BXT93J47X87FV3ZBFGK0,AssignmentAbandoned
