id,creation_time,property1,property2,property3,property4,property5,failed,time_of_death,details,type,fingerprint_hash,recruiter_id,worker_id,assignment_id,unique_id,hit_id,mode,end_time,base_pay,bonus,status
7,2018-12-14 15:49:42.66546,,,,,,f,,{},participant,undefined,mturk,7,38JBBYETQP3EVTIPDKK40VLVP9AE4R,7:38JBBYETQP3EVTIPDKK40VLVP9AE4R,3OJX0UFJ0Z0TUBNTUDQYX1MRG7DU9G,undefined,2018-12-14 15:53:32.286821,,,returned
23,2018-12-14 15:55:49.078703,,,,,,f,,{},participant,undefined,mturk,23,3WQQ9FUS6BNH7RT7FW8RGZVFOYTB8V,23:3WQQ9FUS6BNH7RT7FW8RGZVFOYTB8V,3OJX0UFJ0Z0TUBNTUDQYX1MRG7DU9G,undefined,,,,overrecruited
18,2018-12-14 15:54:29.861962,,,,,,f,,{},participant,undefined,mturk,18,3RXPCZQMQQ4VN8HXWXRQ20Z4Q5F1GI,18:3RXPCZQMQQ4VN8HXWXRQ20Z4Q5F1GI,3OJX0UFJ0Z0TUBNTUDQYX1MRG7DU9G,undefined,2018-12-14 15:54:48.016348,1,0,approved
19,2018-12-14 15:54:59.623462,,,,,,f,,{},participant,undefined,mturk,19,3OLQQLKKNTI4YB1AGR786XAE760JEN,19:3OLQQLKKNTI4YB1AGR786XAE760JEN,3OJX0UFJ0Z0TUBNTUDQYX1MRG7DU9G,undefined,2018-12-14 15:55:07.739691,,,overrecruited
21,2018-12-14 15:55:13.759824,,,,,,f,,{},participant,undefined,mturk,21,3B2X28YI3X8U3DAJMHBTWLZOI33B69,21:3B2X28YI3X8U3DAJMHBTWLZOI33B69,3OJX0UFJ0Z0TUBNTUDQYX1MRG7DU9G,undefined,2018-12-14 15:55:15.011509,,,overrecruited
4,2018-12-14 15:49:08.157419,,,,,,f,,{},participant,undefined,mturk,4,32M8BPYGAUF6NEDV44CWUZGQ77QGIP,4:32M8BPYGAUF6NEDV44CWUZGQ77QGIP,3OJX0UFJ0Z0TUBNTUDQYX1MRG7DU9G,undefined,2018-12-14 16:00:15.117427,,,approved
20,2018-12-14 15:55:11.630285,,,,,,f,,{},participant,undefined,mturk,20,3NLZY2D53QIZQ4FFS3ELGTCKUYTLQ3,20:3NLZY2D53QIZQ4FFS3ELGTCKUYTLQ3,3OJX0UFJ0Z0TUBNTUDQYX1MRG7DU9G,undefined,2018-12-14 15:55:30.934379,,,overrecruited
22,2018-12-14 15:55:40.477142,,,,,,f,,{},participant,undefined,mturk,22,3LBXNTKX0SOOYZFIPK6N5SHIR709XS,22:3LBXNTKX0SOOYZFIPK6N5SHIR709XS,3OJX0UFJ0Z0TUBNTUDQYX1MRG7DU9G,undefined,2018-12-14 15:55:43.233521,,,overrecruited
24,2018-12-14 15:55:49.214291,,,,,,f,,{},participant,undefined,mturk,24,3Z2R0DQ0JI74SF32961G7GOX5VEE2V,24:3Z2R0DQ0JI74SF32961G7GOX5VEE2V,3OJX0UFJ0Z0TUBNTUDQYX1MRG7DU9G,undefined,2018-12-14 15:55:54.829616,,,overrecruited
25,2018-12-14 15:56:50.109235,,,,,,f,,{},participant,undefined,mturk,25,3GDTJDAPVV4DQIX46LY0UF690XX8MH,25:3GDTJDAPVV4DQIX46LY0UF690XX8MH,3OJX0UFJ0Z0TUBNTUDQYX1MRG7DU9G,undefined,2018-12-14 15:56:56.488559,,,overrecruited
26,2018-12-14 15:57:32.227195,,,,,,f,,{},participant,undefined,mturk,26,37TRT2X24RK6R8PQ605I5P4T49NJBN,26:37TRT2X24RK6R8PQ605I5P4T49NJBN,3OJX0UFJ0Z0TUBNTUDQYX1MRG7DU9G,undefined,2018-12-14 15:57:41.958363,,,overrecruited
27,2018-12-14 15:57:42.158595,,,,,,f,,{},participant,undefined,mturk,27,3JRJSWSMQIETDXZLD6FLQQTPB9EE36,27:3JRJSWSMQIETDXZLD6FLQQTPB9EE36,3OJX0UFJ0Z0TUBNTUDQYX1MRG7DU9G,undefined,2018-12-14 15:57:45.225265,,,overrecruited
5,2018-12-14 15:49:13.531585,,,,,,f,,{},participant,undefined,mturk,5,3FIUS151DWVSRN70EGCT9N3ASUYGGX,5:3FIUS151DWVSRN70EGCT9N3ASUYGGX,3OJX0UFJ0Z0TUBNTUDQYX1MRG7DU9G,undefined,2018-12-14 16:03:37.130628,,,approved
28,2018-12-14 16:00:49.57432,,,,,,f,,{},participant,undefined,mturk,28,3N1FSUEFL6T93N4PHP9KUD3APX94DO,28:3N1FSUEFL6T93N4PHP9KUD3APX94DO,3OJX0UFJ0Z0TUBNTUDQYX1MRG7DU9G,undefined,2018-12-14 16:00:54.93707,,,overrecruited
29,2018-12-14 16:01:40.655521,,,,,,f,,{},participant,undefined,mturk,29,3YMU66OBIO16RJ2BYMUBUNFB7UBGHW,29:3YMU66OBIO16RJ2BYMUBUNFB7UBGHW,3OJX0UFJ0Z0TUBNTUDQYX1MRG7DU9G,undefined,2018-12-14 16:01:48.401974,,,overrecruited
30,2018-12-14 16:01:56.841745,,,,,,f,,{},participant,undefined,mturk,30,3WQQ9FUS6BNH7RT7FW8RGZVFOYTB8V,30:3WQQ9FUS6BNH7RT7FW8RGZVFOYTB8V,3OJX0UFJ0Z0TUBNTUDQYX1MRG7DU9G,undefined,2018-12-14 16:02:01.488359,,,overrecruited
2,2018-12-14 15:48:39.30737,,,,,,f,,{},participant,undefined,mturk,2,3JJVG1YBECQYK9A5HY1O4FLOM8SB5T,2:3JJVG1YBECQYK9A5HY1O4FLOM8SB5T,3OJX0UFJ0Z0TUBNTUDQYX1MRG7DU9G,undefined,2018-12-14 16:02:52.817751,,,returned
31,2018-12-14 16:03:13.089781,,,,,,f,,{},participant,undefined,mturk,31,3A1PQ49WVIA9N4C8G398N0B555S1HH,31:3A1PQ49WVIA9N4C8G398N0B555S1HH,3OJX0UFJ0Z0TUBNTUDQYX1MRG7DU9G,undefined,2018-12-14 16:03:22.022717,,,overrecruited
14,2018-12-14 15:52:01.370058,,,,,,f,,{},participant,undefined,mturk,14,3EF8EXOTT2O5EA7Y43CTZDRKIXW1JM,14:3EF8EXOTT2O5EA7Y43CTZDRKIXW1JM,3OJX0UFJ0Z0TUBNTUDQYX1MRG7DU9G,undefined,2018-12-14 16:03:35.343909,,,returned
3,2018-12-14 15:48:54.688149,,,,,,f,,{},participant,undefined,mturk,3,34V1S5K3GTUBFKVMOXXX5F4YU3069U,3:34V1S5K3GTUBFKVMOXXX5F4YU3069U,3OJX0UFJ0Z0TUBNTUDQYX1MRG7DU9G,undefined,2018-12-14 15:55:21.828118,,,approved
6,2018-12-14 15:49:23.945275,,,,,,f,,{},participant,undefined,mturk,6,352YTHGROW6QF39R3LSALYI8HP24HX,6:352YTHGROW6QF39R3LSALYI8HP24HX,3OJX0UFJ0Z0TUBNTUDQYX1MRG7DU9G,undefined,2018-12-14 16:03:50.815154,,,approved
8,2018-12-14 15:49:47.963247,,,,,,f,,{},participant,undefined,mturk,8,3QILPRALQ6OJ80I4IMD07UV95N78NH,8:3QILPRALQ6OJ80I4IMD07UV95N78NH,3OJX0UFJ0Z0TUBNTUDQYX1MRG7DU9G,undefined,2018-12-14 16:03:41.081863,,,approved
13,2018-12-14 15:50:53.182657,,,,,,f,,{},participant,undefined,mturk,13,3H7Z272LX80EQSE0SQZWGOMAP27LPC,13:3H7Z272LX80EQSE0SQZWGOMAP27LPC,3OJX0UFJ0Z0TUBNTUDQYX1MRG7DU9G,undefined,2018-12-14 16:03:42.341214,,,approved
10,2018-12-14 15:49:55.136085,,,,,,f,,{},participant,undefined,mturk,10,3JV9LGBJWU7GJ0OY2ZP1EWCCJGPGOK,10:3JV9LGBJWU7GJ0OY2ZP1EWCCJGPGOK,3OJX0UFJ0Z0TUBNTUDQYX1MRG7DU9G,undefined,2018-12-14 16:03:45.76943,,,approved
16,2018-12-14 15:53:28.302923,,,,,,f,,{},participant,undefined,mturk,16,3P4RDNWND6ZGEG3WCAXZRC86ZZ7JIW,16:3P4RDNWND6ZGEG3WCAXZRC86ZZ7JIW,3OJX0UFJ0Z0TUBNTUDQYX1MRG7DU9G,undefined,2018-12-14 16:03:55.126126,,,approved
12,2018-12-14 15:50:41.126866,,,,,,f,,{},participant,undefined,mturk,12,3QFUFYSY9Z8617IL8V4AID6V1AP4FZ,12:3QFUFYSY9Z8617IL8V4AID6V1AP4FZ,3OJX0UFJ0Z0TUBNTUDQYX1MRG7DU9G,undefined,2018-12-14 16:03:49.938587,,,approved
11,2018-12-14 15:50:25.736156,,,,,,f,,{},participant,undefined,mturk,11,3L4D84MIL0LGILSC6SFER07RZMSJH3,11:3L4D84MIL0LGILSC6SFER07RZMSJH3,3OJX0UFJ0Z0TUBNTUDQYX1MRG7DU9G,undefined,2018-12-14 16:03:40.283412,,,approved
15,2018-12-14 15:53:25.535701,,,,,,f,,{},participant,undefined,mturk,15,392CY0QWG2KQBYKB93AVLAJNH2H4IQ,15:392CY0QWG2KQBYKB93AVLAJNH2H4IQ,3OJX0UFJ0Z0TUBNTUDQYX1MRG7DU9G,undefined,2018-12-14 16:03:41.689535,,,approved
9,2018-12-14 15:49:49.474957,,,,,,f,,{},participant,undefined,mturk,9,3VELCLL3GLCP98L2LDL8KFZSPQF1FJ,9:3VELCLL3GLCP98L2LDL8KFZSPQF1FJ,3OJX0UFJ0Z0TUBNTUDQYX1MRG7DU9G,undefined,2018-12-14 16:03:40.273138,,,approved
17,2018-12-14 15:54:08.530622,,,,,,f,,{},participant,undefined,mturk,17,3EICBYG645PP1DHWK01DG9ABMUNJCU,17:3EICBYG645PP1DHWK01DG9ABMUNJCU,3OJX0UFJ0Z0TUBNTUDQYX1MRG7DU9G,undefined,2018-12-14 16:03:38.879038,,,approved
32,2018-12-14 16:08:45.399788,,,,,,f,,{},participant,undefined,mturk,32,3U4J9857OF4D7DOO5RGL2ZZKDENB78,32:3U4J9857OF4D7DOO5RGL2ZZKDENB78,3OJX0UFJ0Z0TUBNTUDQYX1MRG7DU9G,undefined,2018-12-14 16:08:50.290031,,,overrecruited
33,2018-12-14 16:13:47.794164,,,,,,f,,{},participant,undefined,mturk,33,3HPZF4IVNNMFW2CV602GQWPZZY0YC7,33:3HPZF4IVNNMFW2CV602GQWPZZY0YC7,3OJX0UFJ0Z0TUBNTUDQYX1MRG7DU9G,undefined,2018-12-14 16:14:03.127025,,,overrecruited
34,2018-12-14 16:18:29.063562,,,,,,f,,{},participant,undefined,mturk,34,3JJVG1YBECQYK9A5HY1O4FLOM8SB5T,34:3JJVG1YBECQYK9A5HY1O4FLOM8SB5T,3OJX0UFJ0Z0TUBNTUDQYX1MRG7DU9G,undefined,2018-12-14 16:18:30.280311,,,overrecruited
35,2018-12-14 16:18:42.969606,,,,,,f,,{},participant,undefined,mturk,35,3XC1O3LBOTFCIK77978GLYN7E5XTLU,35:3XC1O3LBOTFCIK77978GLYN7E5XTLU,3OJX0UFJ0Z0TUBNTUDQYX1MRG7DU9G,undefined,2018-12-14 16:18:44.394793,,,overrecruited
1,2018-12-14 15:47:51.820266,,,,,,f,,{},participant,undefined,mturk,1,3EWIJTFFVP0XW50OUJX2OSVI8XUE0B,1:3EWIJTFFVP0XW50OUJX2OSVI8XUE0B,3OJX0UFJ0Z0TUBNTUDQYX1MRG7DU9G,undefined,2018-12-14 16:03:36.083572,,,approved
36,2018-12-14 16:38:51.611277,,,,,,f,,{},participant,undefined,mturk,36,3V5Q80FXIYK1IHN5KMKKOPK0E6S23W,36:3V5Q80FXIYK1IHN5KMKKOPK0E6S23W,3OJX0UFJ0Z0TUBNTUDQYX1MRG7DU9G,undefined,2018-12-14 16:38:57.859142,,,overrecruited
