id,creation_time,property1,property2,property3,property4,property5,failed,time_of_death,details,type,participant_id,number,question,response
1,2018-12-14 15:55:21.720282,,,,,,f,,{},question,3,1,questionnaire,"{""engagement"":""1"",""difficulty"":""1""}"
2,2018-12-14 16:00:15.047229,,,,,,f,,{},question,4,1,questionnaire,"{""engagement"":""1"",""difficulty"":""3""}"
3,2018-12-14 16:03:35.994583,,,,,,f,,{},question,1,1,questionnaire,"{""engagement"":""3"",""difficulty"":""5""}"
4,2018-12-14 16:03:37.062138,,,,,,f,,{},question,5,1,questionnaire,"{""engagement"":""7"",""difficulty"":""6""}"
5,2018-12-14 16:03:38.658267,,,,,,f,,{},question,17,1,questionnaire,"{""engagement"":""7"",""difficulty"":""5""}"
6,2018-12-14 16:03:39.745568,,,,,,f,,{},question,11,1,questionnaire,"{""engagement"":""7"",""difficulty"":""6""}"
7,2018-12-14 16:03:40.189186,,,,,,f,,{},question,9,1,questionnaire,"{""engagement"":""4"",""difficulty"":""7""}"
8,2018-12-14 16:03:40.977769,,,,,,f,,{},question,8,1,questionnaire,"{""engagement"":""7"",""difficulty"":""1""}"
9,2018-12-14 16:03:41.564906,,,,,,f,,{},question,15,1,questionnaire,"{""engagement"":""3"",""difficulty"":""3""}"
10,2018-12-14 16:03:42.171538,,,,,,f,,{},question,13,1,questionnaire,"{""engagement"":""7"",""difficulty"":""4""}"
11,2018-12-14 16:03:45.647422,,,,,,f,,{},question,10,1,questionnaire,"{""engagement"":""7"",""difficulty"":""5""}"
12,2018-12-14 16:03:49.799543,,,,,,f,,{},question,12,1,questionnaire,"{""engagement"":""7"",""difficulty"":""6""}"
13,2018-12-14 16:03:50.728128,,,,,,f,,{},question,6,1,questionnaire,"{""engagement"":""7"",""difficulty"":""3""}"
14,2018-12-14 16:03:54.947677,,,,,,f,,{},question,16,1,questionnaire,"{""engagement"":""6"",""difficulty"":""3""}"
