id,creation_time,property1,property2,property3,property4,property5,failed,time_of_death,details,assignment_id,event_type
1,2018-12-16 23:19:25.983911,,,,,,f,,{},3NGI5ARFTUY10LAWZGHDW9DWR711P7,AssignmentAccepted
2,2018-12-16 23:19:28.153622,,,,,,f,,{},3SNLUL3WO5GRIXMW9CYQQU99XUXUL1,AssignmentAccepted
3,2018-12-16 23:19:28.214216,,,,,,f,,{},3DH6GAKTYZIS4VN5YEMO1UQK8RGYZM,AssignmentAccepted
4,2018-12-16 23:19:28.248304,,,,,,f,,{},3XCC1ODXDM4AT2ASXNBH25LJ01GRQJ,AssignmentAccepted
5,2018-12-16 23:25:24.503469,,,,,,f,,{},3SNLUL3WO5GRIXMW9CYQQU99XUXUL1,AssignmentAccepted
6,2018-12-16 23:25:24.548484,,,,,,f,,{},3SNLUL3WO5GRIXMW9CYQQU99XUXUL1,AssignmentReturned
7,2018-12-16 23:27:45.338969,,,,,,f,,{},3SNLUL3WO5GRIXMW9CYQQU99XUXUL1,AssignmentSubmitted
8,2018-12-16 23:30:56.171735,,,,,,f,,{},3DH6GAKTYZIS4VN5YEMO1UQK8RGYZM,AssignmentSubmitted
9,2018-12-16 23:31:05.86225,,,,,,f,,{},3NGI5ARFTUY10LAWZGHDW9DWR711P7,AssignmentSubmitted
10,2018-12-16 23:32:30.27404,,,,,,f,,{},3PW9OPU9PRD58E9QXI610W53GX412F,AssignmentSubmitted
11,2018-12-16 23:35:15.053327,,,,,,f,,{},3XCC1ODXDM4AT2ASXNBH25LJ01GRQJ,AssignmentSubmitted
12,2018-12-16 23:36:04.07562,,,,,,f,,{},3L70J4KAZHFO5CK6QQJB7GPAHI2ADO,AssignmentSubmitted
13,2018-12-16 23:47:16.930751,,,,,,f,,{},3SITXWYCNW27MSUFN4KJWYC8FIXBXK,AssignmentSubmitted
