id,creation_time,property1,property2,property3,property4,property5,failed,time_of_death,details,type,fingerprint_hash,recruiter_id,worker_id,assignment_id,unique_id,hit_id,mode,end_time,base_pay,bonus,status
3,2018-12-16 23:27:22.262579,,,,,,f,,{},participant,undefined,mturk,3,3SNLUL3WO5GRIXMW9CYQQU99XUXUL1,3:3SNLUL3WO5GRIXMW9CYQQU99XUXUL1,3WJGKMRWVI29B7JAK2A0PRJB10BDCD,undefined,2018-12-16 23:27:45.389215,1,0,approved
1,2018-12-16 23:19:36.622398,,,,,,f,,{},participant,undefined,mturk,1,3DH6GAKTYZIS4VN5YEMO1UQK8RGYZM,1:3DH6GAKTYZIS4VN5YEMO1UQK8RGYZM,3WJGKMRWVI29B7JAK2A0PRJB10BDCD,undefined,2018-12-16 23:30:56.177902,1,2.9,approved
2,2018-12-16 23:20:36.842698,,,,,,f,,{},participant,undefined,mturk,2,3NGI5ARFTUY10LAWZGHDW9DWR711P7,2:3NGI5ARFTUY10LAWZGHDW9DWR711P7,3WJGKMRWVI29B7JAK2A0PRJB10BDCD,undefined,2018-12-16 23:31:05.868513,1,1.36,approved
4,2018-12-16 23:35:03.569586,,,,,,f,,{},participant,undefined,mturk,4,3XCC1ODXDM4AT2ASXNBH25LJ01GRQJ,4:3XCC1ODXDM4AT2ASXNBH25LJ01GRQJ,3WJGKMRWVI29B7JAK2A0PRJB10BDCD,undefined,2018-12-16 23:35:15.059613,1,0,approved
