id,creation_time,property1,property2,property3,property4,property5,failed,time_of_death,details,assignment_id,event_type
1,2018-12-14 15:22:35.291598,,,,,,f,,{},3RRCEFRB7N5GOQ653TIEZNFAMCSB4J,AssignmentAccepted
2,2018-12-14 15:22:35.318696,,,,,,f,,{},33CID57105M7J39DUS2P3LJ9K6A3LD,AssignmentAccepted
3,2018-12-14 15:22:35.953549,,,,,,f,,{},3X08E93BHWBOX1TOQQULL5DW42N66E,AssignmentAccepted
4,2018-12-14 15:22:35.987087,,,,,,f,,{},3MYYFCXHJ40CF7EGJFAS0Y672PKG45,AssignmentAccepted
5,2018-12-14 15:22:37.276417,,,,,,f,,{},3SKEMFQBZ4YI0UX1L9LKF2E5BSX8K7,AssignmentAccepted
6,2018-12-14 15:22:38.909024,,,,,,f,,{},3G2UL9A02E77117T90ZDRJDSZD767D,AssignmentAccepted
7,2018-12-14 15:22:46.411548,,,,,,f,,{},3PB5A5BD0WZ9YUWZLD8Z3AQHTRAG7P,AssignmentAccepted
8,2018-12-14 15:22:46.463645,,,,,,f,,{},31JLPPHS2VNFPOCA7KIHV2N3FBF3OU,AssignmentAccepted
9,2018-12-14 15:22:49.337952,,,,,,f,,{},351SEKWQS1AP7DTVNT9GG7KABOPDMN,AssignmentAccepted
10,2018-12-14 15:22:50.633751,,,,,,f,,{},3BV8HQ2ZZXUPK35RG3BX1AFI0LD6A4,AssignmentAccepted
11,2018-12-14 15:22:51.44863,,,,,,f,,{},3D4CH1LGEBMDCDKS0A6JH6HNOHYG91,AssignmentAccepted
12,2018-12-14 15:22:54.552331,,,,,,f,,{},39U1BHVTDMKV2GHI314GPCTQEJW3TG,AssignmentAccepted
13,2018-12-14 15:22:54.589138,,,,,,f,,{},3NLZY2D53QIZQ4FFS3ELGTCKUYOLQY,AssignmentAccepted
14,2018-12-14 15:22:54.615411,,,,,,f,,{},34BBWHLWHB42K03VJ9GEG22E1VBIWL,AssignmentAccepted
15,2018-12-14 15:22:54.642993,,,,,,f,,{},33F859I5676A02U0I02XTCOERHEBH5,AssignmentAccepted
16,2018-12-14 15:22:54.675576,,,,,,f,,{},3RXCAC0YISIDY81IVI05HAMC4BGG8C,AssignmentAccepted
17,2018-12-14 15:22:55.072252,,,,,,f,,{},36WLNQG7803YGS3YSZUR89R1Z1MBEP,AssignmentAccepted
18,2018-12-14 15:22:55.101108,,,,,,f,,{},3B2X28YI3X8U3DAJMHBTWLZOI3Y6BZ,AssignmentAccepted
19,2018-12-14 15:22:56.948482,,,,,,f,,{},3P1L2B7AD2IW5S2ZDQMHROHKFX6LOQ,AssignmentAccepted
20,2018-12-14 15:22:56.982617,,,,,,f,,{},39LNWE0K4VPPSWEQO91DYEHHGF0IUM,AssignmentAccepted
21,2018-12-14 15:22:57.019116,,,,,,f,,{},3K5TEWLKGW4P5B3QTZBIU0J0UM9IVB,AssignmentAccepted
22,2018-12-14 15:22:57.057057,,,,,,f,,{},3F6KKYWMNCUVPVEVZUOGTM9AGEZDNN,AssignmentAccepted
23,2018-12-14 15:22:57.093521,,,,,,f,,{},345LHZDEDYLA2TW736UQU8FSXX33U7,AssignmentAccepted
24,2018-12-14 15:22:57.125925,,,,,,f,,{},3LEP4MGT3HTTOMPYW4J72R9GZPLBDW,AssignmentAccepted
25,2018-12-14 15:22:57.162122,,,,,,f,,{},3VA45EW49OGJFLYVKG4Y7986HR11O0,AssignmentAccepted
26,2018-12-14 15:22:57.195904,,,,,,f,,{},3H7Z272LX80EQSE0SQZWGOMAP22LP7,AssignmentAccepted
27,2018-12-14 15:22:57.535299,,,,,,f,,{},3FPRZHYEPZ0AF8L78W4VQUHBB4C3VW,AssignmentAccepted
28,2018-12-14 15:22:59.222022,,,,,,f,,{},3OS4RQUCRA8QM63UNAEXQRC1B21BF7,AssignmentAccepted
29,2018-12-14 15:22:59.254953,,,,,,f,,{},3WI0P0II62LG4T6NS15X26EKHBODRB,AssignmentAccepted
30,2018-12-14 15:22:59.314938,,,,,,f,,{},3D3VGR7TA18IM14QZCZLPXS8QYZ3R3,AssignmentAccepted
31,2018-12-14 15:22:59.351408,,,,,,f,,{},3KYQYYSHYW0D7GE709OT8B9F6O4DO2,AssignmentAccepted
32,2018-12-14 15:22:59.391453,,,,,,f,,{},37QW5D2ZRHFGODA9QIUM6O5FSMA8SO,AssignmentAccepted
33,2018-12-14 15:24:12.422765,,,,,,f,,{},34BBWHLWHB42K03VJ9GEG22E1VBIWL,AssignmentReturned
34,2018-12-14 15:24:17.074475,,,,,,f,,{},34BBWHLWHB42K03VJ9GEG22E1VBIWL,AssignmentAccepted
35,2018-12-14 15:27:45.954317,,,,,,f,,{},3PB5A5BD0WZ9YUWZLD8Z3AQHTRAG7P,AssignmentReturned
36,2018-12-14 15:28:00.896537,,,,,,f,,"{""feedback"": """", ""error_text"": ""There has been an error and so you are unable to\r\n        continue, sorry!"", ""error_type"": ""already_started_exp_mturk"", ""request_data"": {""hit_id"": null, ""worker_id"": null, ""participant_id"": null}}",unknown,ExperimentError
37,2018-12-14 15:28:41.64373,,,,,,f,,{},3S06PH7KSSXSBO76U7QIWFW7DDV1D4,AssignmentAccepted
38,2018-12-14 15:29:22.352094,,,,,,f,,"{""feedback"": """", ""error_text"": ""There has been an error and so you are unable to\r\n        continue, sorry!"", ""error_type"": ""already_started_exp_mturk"", ""request_data"": {""hit_id"": null, ""worker_id"": null, ""participant_id"": null}}",unknown,ExperimentError
39,2018-12-14 15:29:35.563385,,,,,,f,,"{""feedback"": """", ""error_text"": ""There has been an error and so you are unable to\r\n        continue, sorry!"", ""error_type"": ""already_started_exp_mturk"", ""request_data"": {""hit_id"": null, ""worker_id"": null, ""participant_id"": null}}",unknown,ExperimentError
40,2018-12-14 15:30:08.20954,,,,,,f,,{},34BBWHLWHB42K03VJ9GEG22E1VBIWL,AssignmentSubmitted
41,2018-12-14 15:30:16.067749,,,,,,f,,{},3VA45EW49OGJFLYVKG4Y7986HR11O0,AssignmentReturned
42,2018-12-14 15:30:19.399401,,,,,,f,,{},351SEKWQS1AP7DTVNT9GG7KABOPDMN,AssignmentAccepted
43,2018-12-14 15:30:19.459951,,,,,,f,,{},351SEKWQS1AP7DTVNT9GG7KABOPDMN,AssignmentReturned
44,2018-12-14 15:30:19.774496,,,,,,f,,{},3D4CH1LGEBMDCDKS0A6JH6HNOHYG91,AssignmentSubmitted
45,2018-12-14 15:30:27.344973,,,,,,f,,{},3VA45EW49OGJFLYVKG4Y7986HR11O0,AssignmentAccepted
46,2018-12-14 15:30:58.138336,,,,,,f,,{},351SEKWQS1AP7DTVNT9GG7KABOPDMN,AssignmentSubmitted
47,2018-12-14 15:31:18.605642,,,,,,f,,"{""feedback"": ""i waited after reading instructions and nothing happened "", ""error_text"": ""There has been an error and so you are unable to\r\n        continue, sorry!"", ""error_type"": ""already_started_exp_mturk"", ""request_data"": {""hit_id"": null, ""worker_id"": null, ""participant_id"": null}}",unknown,ExperimentError
48,2018-12-14 15:31:18.965724,,,,,,f,,{},31JLPPHS2VNFPOCA7KIHV2N3FBF3OU,AssignmentSubmitted
49,2018-12-14 15:31:35.315588,,,,,,f,,{},3VA45EW49OGJFLYVKG4Y7986HR11O0,AssignmentSubmitted
50,2018-12-14 15:31:35.397005,,,,,,f,,{},3X08E93BHWBOX1TOQQULL5DW42N66E,AssignmentSubmitted
51,2018-12-14 15:32:08.029831,,,,,,f,,{},3H7Z272LX80EQSE0SQZWGOMAP22LP7,AssignmentReturned
52,2018-12-14 15:32:26.16976,,,,,,f,,{},3H7Z272LX80EQSE0SQZWGOMAP22LP7,AssignmentAccepted
53,2018-12-14 15:35:48.043194,,,,,,f,,{},3H7Z272LX80EQSE0SQZWGOMAP22LP7,AssignmentReturned
54,2018-12-14 15:36:00.960754,,,,,,f,,{},3H7Z272LX80EQSE0SQZWGOMAP22LP7,AssignmentAccepted
55,2018-12-14 15:45:08.250267,,,,,,f,,{},3H7Z272LX80EQSE0SQZWGOMAP22LP7,AssignmentReturned
56,2018-12-14 15:45:28.096615,,,,,,f,,{},3H7Z272LX80EQSE0SQZWGOMAP22LP7,AssignmentAccepted
57,2018-12-14 15:52:51.436934,,,,,,f,,{},33CID57105M7J39DUS2P3LJ9K6A3LD,AssignmentAbandoned
58,2018-12-14 15:53:07.485203,,,,,,f,,{},3LEP4MGT3HTTOMPYW4J72R9GZPLBDW,AssignmentAbandoned
59,2018-12-14 15:53:07.529837,,,,,,f,,{},39LNWE0K4VPPSWEQO91DYEHHGF0IUM,AssignmentAbandoned
60,2018-12-14 15:53:22.894737,,,,,,f,,{},3LEP4MGT3HTTOMPYW4J72R9GZPLBDW,AssignmentAccepted
61,2018-12-14 15:53:22.927245,,,,,,f,,{},39LNWE0K4VPPSWEQO91DYEHHGF0IUM,AssignmentAccepted
