id,creation_time,property1,property2,property3,property4,property5,failed,time_of_death,details,type,fingerprint_hash,recruiter_id,worker_id,assignment_id,unique_id,hit_id,mode,end_time,base_pay,bonus,status
19,2018-12-14 15:30:41.584071,,,,,,f,,{},participant,undefined,mturk,19,351SEKWQS1AP7DTVNT9GG7KABOPDMN,19:351SEKWQS1AP7DTVNT9GG7KABOPDMN,3MYASTQBG74D58TTPKBV9W8S47KDQ9,undefined,2018-12-14 15:30:58.147831,1,0,approved
21,2018-12-14 15:31:06.61627,,,,,,f,,{},participant,undefined,mturk,21,3VA45EW49OGJFLYVKG4Y7986HR11O0,21:3VA45EW49OGJFLYVKG4Y7986HR11O0,3MYASTQBG74D58TTPKBV9W8S47KDQ9,undefined,2018-12-14 15:31:35.325089,1,0,approved
13,2018-12-14 15:25:23.714417,,,,,,f,,{},participant,undefined,mturk,13,34BBWHLWHB42K03VJ9GEG22E1VBIWL,13:34BBWHLWHB42K03VJ9GEG22E1VBIWL,3MYASTQBG74D58TTPKBV9W8S47KDQ9,undefined,2018-12-14 15:30:08.222907,1,0.09,approved
15,2018-12-14 15:27:58.246717,,,,,,f,,{},participant,undefined,mturk,15,3VA45EW49OGJFLYVKG4Y7986HR11O0,15:3VA45EW49OGJFLYVKG4Y7986HR11O0,3MYASTQBG74D58TTPKBV9W8S47KDQ9,undefined,2018-12-14 15:30:16.077091,,,returned
10,2018-12-14 15:24:49.879316,,,,,,f,,{},participant,undefined,mturk,10,351SEKWQS1AP7DTVNT9GG7KABOPDMN,10:351SEKWQS1AP7DTVNT9GG7KABOPDMN,3MYASTQBG74D58TTPKBV9W8S47KDQ9,undefined,2018-12-14 15:30:19.469027,,,returned
17,2018-12-14 15:29:51.976489,,,,,,f,,{},participant,undefined,mturk,17,3D4CH1LGEBMDCDKS0A6JH6HNOHYG91,17:3D4CH1LGEBMDCDKS0A6JH6HNOHYG91,3MYASTQBG74D58TTPKBV9W8S47KDQ9,undefined,2018-12-14 15:30:19.783626,1,0,approved
25,2018-12-14 15:33:22.200823,,,,,,f,,{},participant,undefined,mturk,25,3FPRZHYEPZ0AF8L78W4VQUHBB4C3VW,25:3FPRZHYEPZ0AF8L78W4VQUHBB4C3VW,3MYASTQBG74D58TTPKBV9W8S47KDQ9,undefined,2018-12-14 15:33:27.369314,,,overrecruited
20,2018-12-14 15:30:53.219358,,,,,,f,,{},participant,undefined,mturk,20,31JLPPHS2VNFPOCA7KIHV2N3FBF3OU,20:31JLPPHS2VNFPOCA7KIHV2N3FBF3OU,3MYASTQBG74D58TTPKBV9W8S47KDQ9,undefined,2018-12-14 15:31:18.974811,1,0,approved
22,2018-12-14 15:31:21.707301,,,,,,f,,{},participant,undefined,mturk,22,3X08E93BHWBOX1TOQQULL5DW42N66E,22:3X08E93BHWBOX1TOQQULL5DW42N66E,3MYASTQBG74D58TTPKBV9W8S47KDQ9,undefined,2018-12-14 15:31:35.407834,1,0,approved
14,2018-12-14 15:25:51.532973,,,,,,f,,{},participant,undefined,mturk,14,3H7Z272LX80EQSE0SQZWGOMAP22LP7,14:3H7Z272LX80EQSE0SQZWGOMAP22LP7,3MYASTQBG74D58TTPKBV9W8S47KDQ9,undefined,2018-12-14 15:32:08.039684,,,returned
23,2018-12-14 15:32:22.134218,,,,,,f,,{},participant,undefined,mturk,23,345LHZDEDYLA2TW736UQU8FSXX33U7,23:345LHZDEDYLA2TW736UQU8FSXX33U7,3MYASTQBG74D58TTPKBV9W8S47KDQ9,undefined,2018-12-14 15:32:25.626114,,,overrecruited
24,2018-12-14 15:32:28.078322,,,,,,f,,{},participant,undefined,mturk,24,3RXCAC0YISIDY81IVI05HAMC4BGG8C,24:3RXCAC0YISIDY81IVI05HAMC4BGG8C,3MYASTQBG74D58TTPKBV9W8S47KDQ9,undefined,2018-12-14 15:32:35.321644,,,overrecruited
26,2018-12-14 15:33:57.292068,,,,,,f,,{},participant,undefined,mturk,26,3K5TEWLKGW4P5B3QTZBIU0J0UM9IVB,26:3K5TEWLKGW4P5B3QTZBIU0J0UM9IVB,3MYASTQBG74D58TTPKBV9W8S47KDQ9,undefined,2018-12-14 15:34:02.024011,,,overrecruited
27,2018-12-14 15:35:06.679149,,,,,,f,,{},participant,undefined,mturk,27,3S06PH7KSSXSBO76U7QIWFW7DDV1D4,27:3S06PH7KSSXSBO76U7QIWFW7DDV1D4,3MYASTQBG74D58TTPKBV9W8S47KDQ9,undefined,2018-12-14 15:35:09.73245,,,overrecruited
28,2018-12-14 15:37:13.768865,,,,,,f,,{},participant,undefined,mturk,28,3KYQYYSHYW0D7GE709OT8B9F6O4DO2,28:3KYQYYSHYW0D7GE709OT8B9F6O4DO2,3MYASTQBG74D58TTPKBV9W8S47KDQ9,undefined,2018-12-14 15:37:16.398557,,,overrecruited
11,2018-12-14 15:24:50.141453,,,,,,f,,{},participant,undefined,mturk,11,3P1L2B7AD2IW5S2ZDQMHROHKFX6LOQ,11:3P1L2B7AD2IW5S2ZDQMHROHKFX6LOQ,3MYASTQBG74D58TTPKBV9W8S47KDQ9,undefined,2018-12-14 15:39:37.452743,,,approved
8,2018-12-14 15:24:14.678049,,,,,,f,,{},participant,undefined,mturk,8,3RRCEFRB7N5GOQ653TIEZNFAMCSB4J,8:3RRCEFRB7N5GOQ653TIEZNFAMCSB4J,3MYASTQBG74D58TTPKBV9W8S47KDQ9,undefined,2018-12-14 15:39:33.823808,,,approved
5,2018-12-14 15:23:31.866355,,,,,,f,,{},participant,undefined,mturk,5,3OS4RQUCRA8QM63UNAEXQRC1B21BF7,5:3OS4RQUCRA8QM63UNAEXQRC1B21BF7,3MYASTQBG74D58TTPKBV9W8S47KDQ9,undefined,2018-12-14 15:39:34.669634,,,approved
29,2018-12-14 15:39:24.941885,,,,,,f,,{},participant,undefined,mturk,29,3BV8HQ2ZZXUPK35RG3BX1AFI0LD6A4,29:3BV8HQ2ZZXUPK35RG3BX1AFI0LD6A4,3MYASTQBG74D58TTPKBV9W8S47KDQ9,undefined,2018-12-14 15:39:30.62764,,,overrecruited
1,2018-12-14 15:23:00.036574,,,,,,f,,{},participant,undefined,mturk,1,3SKEMFQBZ4YI0UX1L9LKF2E5BSX8K7,1:3SKEMFQBZ4YI0UX1L9LKF2E5BSX8K7,3MYASTQBG74D58TTPKBV9W8S47KDQ9,undefined,2018-12-14 15:39:33.596172,,,approved
3,2018-12-14 15:23:20.359008,,,,,,f,,{},participant,undefined,mturk,3,3F6KKYWMNCUVPVEVZUOGTM9AGEZDNN,3:3F6KKYWMNCUVPVEVZUOGTM9AGEZDNN,3MYASTQBG74D58TTPKBV9W8S47KDQ9,undefined,2018-12-14 15:40:15.010939,,,approved
9,2018-12-14 15:24:25.986425,,,,,,f,,{},participant,undefined,mturk,9,3MYYFCXHJ40CF7EGJFAS0Y672PKG45,9:3MYYFCXHJ40CF7EGJFAS0Y672PKG45,3MYASTQBG74D58TTPKBV9W8S47KDQ9,undefined,2018-12-14 15:39:29.413225,,,approved
18,2018-12-14 15:30:34.447081,,,,,,f,,{},participant,undefined,mturk,18,33F859I5676A02U0I02XTCOERHEBH5,18:33F859I5676A02U0I02XTCOERHEBH5,3MYASTQBG74D58TTPKBV9W8S47KDQ9,undefined,2018-12-14 15:39:33.318533,,,approved
6,2018-12-14 15:23:32.727846,,,,,,f,,{},participant,undefined,mturk,6,3B2X28YI3X8U3DAJMHBTWLZOI3Y6BZ,6:3B2X28YI3X8U3DAJMHBTWLZOI3Y6BZ,3MYASTQBG74D58TTPKBV9W8S47KDQ9,undefined,2018-12-14 15:39:38.457821,,,approved
7,2018-12-14 15:23:56.350799,,,,,,f,,{},participant,undefined,mturk,7,3WI0P0II62LG4T6NS15X26EKHBODRB,7:3WI0P0II62LG4T6NS15X26EKHBODRB,3MYASTQBG74D58TTPKBV9W8S47KDQ9,undefined,2018-12-14 15:39:30.353136,,,approved
30,2018-12-14 15:39:38.170861,,,,,,f,,{},participant,undefined,mturk,30,36WLNQG7803YGS3YSZUR89R1Z1MBEP,30:36WLNQG7803YGS3YSZUR89R1Z1MBEP,3MYASTQBG74D58TTPKBV9W8S47KDQ9,undefined,2018-12-14 15:39:40.361552,,,overrecruited
35,2018-12-14 15:57:22.857027,,,,,,f,,{},participant,undefined,mturk,35,3H7Z272LX80EQSE0SQZWGOMAP22LP7,35:3H7Z272LX80EQSE0SQZWGOMAP22LP7,3MYASTQBG74D58TTPKBV9W8S47KDQ9,undefined,2018-12-14 15:57:29.257828,,,overrecruited
4,2018-12-14 15:23:31.326315,,,,,,f,,{},participant,undefined,mturk,4,3NLZY2D53QIZQ4FFS3ELGTCKUYOLQY,4:3NLZY2D53QIZQ4FFS3ELGTCKUYOLQY,3MYASTQBG74D58TTPKBV9W8S47KDQ9,undefined,2018-12-14 15:39:30.545791,,,approved
31,2018-12-14 15:41:43.182156,,,,,,f,,{},participant,undefined,mturk,31,3H7Z272LX80EQSE0SQZWGOMAP22LP7,31:3H7Z272LX80EQSE0SQZWGOMAP22LP7,3MYASTQBG74D58TTPKBV9W8S47KDQ9,undefined,,,,overrecruited
32,2018-12-14 15:42:11.282644,,,,,,f,,{},participant,undefined,mturk,32,3D3VGR7TA18IM14QZCZLPXS8QYZ3R3,32:3D3VGR7TA18IM14QZCZLPXS8QYZ3R3,3MYASTQBG74D58TTPKBV9W8S47KDQ9,undefined,2018-12-14 15:42:13.661291,,,overrecruited
2,2018-12-14 15:23:16.383298,,,,,,f,,{},participant,undefined,mturk,2,3G2UL9A02E77117T90ZDRJDSZD767D,2:3G2UL9A02E77117T90ZDRJDSZD767D,3MYASTQBG74D58TTPKBV9W8S47KDQ9,undefined,2018-12-14 15:39:31.426325,,,approved
16,2018-12-14 15:29:21.219625,,,,,,f,,{},participant,undefined,mturk,16,39U1BHVTDMKV2GHI314GPCTQEJW3TG,16:39U1BHVTDMKV2GHI314GPCTQEJW3TG,3MYASTQBG74D58TTPKBV9W8S47KDQ9,undefined,2018-12-14 15:39:34.128174,,,approved
33,2018-12-14 15:53:48.234029,,,,,,f,,{},participant,undefined,mturk,33,39LNWE0K4VPPSWEQO91DYEHHGF0IUM,33:39LNWE0K4VPPSWEQO91DYEHHGF0IUM,3MYASTQBG74D58TTPKBV9W8S47KDQ9,undefined,2018-12-14 15:53:51.031851,,,overrecruited
34,2018-12-14 15:54:22.885254,,,,,,f,,{},participant,undefined,mturk,34,3LEP4MGT3HTTOMPYW4J72R9GZPLBDW,34:3LEP4MGT3HTTOMPYW4J72R9GZPLBDW,3MYASTQBG74D58TTPKBV9W8S47KDQ9,undefined,2018-12-14 15:54:29.654674,,,overrecruited
12,2018-12-14 15:25:17.729385,,,,,,f,,{},participant,undefined,mturk,12,37QW5D2ZRHFGODA9QIUM6O5FSMA8SO,12:37QW5D2ZRHFGODA9QIUM6O5FSMA8SO,3MYASTQBG74D58TTPKBV9W8S47KDQ9,undefined,2018-12-14 15:39:47.11464,,,approved
36,2018-12-14 16:09:10.602758,,,,,,f,,{},participant,undefined,mturk,36,3GD6L00D3TQVFIDJ70PLF5J1MRSM1C,36:3GD6L00D3TQVFIDJ70PLF5J1MRSM1C,3MYASTQBG74D58TTPKBV9W8S47KDQ9,undefined,2018-12-14 16:09:18.600363,,,overrecruited
