id,creation_time,property1,property2,property3,property4,property5,failed,time_of_death,details,type,participant_id,number,question,response
1,2018-12-14 15:29:31.317916,,,,,,f,,{},question,13,1,questionnaire,"{""engagement"":""2"",""difficulty"":""4""}"
2,2018-12-14 15:39:29.301104,,,,,,f,,{},question,9,1,questionnaire,"{""engagement"":""4"",""difficulty"":""1""}"
3,2018-12-14 15:39:30.167538,,,,,,f,,{},question,7,1,questionnaire,"{""engagement"":""4"",""difficulty"":""6""}"
4,2018-12-14 15:39:30.437962,,,,,,f,,{},question,4,1,questionnaire,"{""engagement"":""7"",""difficulty"":""1""}"
5,2018-12-14 15:39:31.157721,,,,,,f,,{},question,2,1,questionnaire,"{""engagement"":""7"",""difficulty"":""2""}"
6,2018-12-14 15:39:33.124369,,,,,,f,,{},question,18,1,questionnaire,"{""engagement"":""7"",""difficulty"":""5""}"
7,2018-12-14 15:39:33.516203,,,,,,f,,{},question,1,1,questionnaire,"{""engagement"":""6"",""difficulty"":""3""}"
8,2018-12-14 15:39:33.718582,,,,,,f,,{},question,8,1,questionnaire,"{""engagement"":""7"",""difficulty"":""4""}"
9,2018-12-14 15:39:34.045218,,,,,,f,,{},question,16,1,questionnaire,"{""engagement"":""7"",""difficulty"":""3""}"
10,2018-12-14 15:39:34.588114,,,,,,f,,{},question,5,1,questionnaire,"{""engagement"":""6"",""difficulty"":""6""}"
11,2018-12-14 15:39:37.374108,,,,,,f,,{},question,11,1,questionnaire,"{""engagement"":""7"",""difficulty"":""5""}"
12,2018-12-14 15:39:38.359511,,,,,,f,,{},question,6,1,questionnaire,"{""engagement"":""7"",""difficulty"":""4""}"
13,2018-12-14 15:39:46.775754,,,,,,f,,{},question,12,1,questionnaire,"{""engagement"":""6"",""difficulty"":""1""}"
14,2018-12-14 15:40:14.924282,,,,,,f,,{},question,3,1,questionnaire,"{""engagement"":""1"",""difficulty"":""5""}"
