id,creation_time,property1,property2,property3,property4,property5,failed,time_of_death,details,assignment_id,event_type
1,2018-12-14 17:54:09.087982,,,,,,f,,{},3KXIR214I59M0D69K0P3YUC6S65420,AssignmentAccepted
2,2018-12-14 17:54:09.114345,,,,,,f,,{},3XC1O3LBOTFCIK77978GLYN7E5DLT2,AssignmentAccepted
3,2018-12-14 17:54:09.149677,,,,,,f,,{},34T446B1C17IZ7GAYSR7Y4VFNL2C01,AssignmentAccepted
4,2018-12-14 17:54:09.177305,,,,,,f,,{},3YDTZAI2WY9FBSOD1WPPTB2100R41J,AssignmentAccepted
5,2018-12-14 17:54:14.425135,,,,,,f,,{},3NLZY2D53QIZQ4FFS3ELGTCKUYELQO,AssignmentAccepted
6,2018-12-14 17:54:15.169434,,,,,,f,,{},31HQ4X3T3T3B3KUSK73QBTRLCMZLSD,AssignmentAccepted
7,2018-12-14 17:54:17.072336,,,,,,f,,{},3HHRAGRYX9Y14Q1QOTJRMFQPF3FO9M,AssignmentAccepted
8,2018-12-14 17:54:17.102154,,,,,,f,,{},30BUDKLTXEOWRCMPRP3E5NR9P5QE5H,AssignmentAccepted
9,2018-12-14 17:54:17.131268,,,,,,f,,{},3VP0C6EFSHPQM4EGD612A1AIU2S6ME,AssignmentAccepted
10,2018-12-14 17:54:17.161252,,,,,,f,,{},3H7Z272LX80EQSE0SQZWGOMAP2SLPX,AssignmentAccepted
11,2018-12-14 17:54:17.190482,,,,,,f,,{},3SLE99ER0O6WRNUUOM84TJSJN7LBZL,AssignmentAccepted
12,2018-12-14 17:54:24.316454,,,,,,f,,{},3A0EX8ZRN9HWMXKPS06LFCJHHDHBYU,AssignmentAccepted
13,2018-12-14 17:54:24.346749,,,,,,f,,{},3TR2532VIQN0LW8VA9OAU9I1Q8XJ6N,AssignmentAccepted
14,2018-12-14 17:54:24.377966,,,,,,f,,{},35USIKEBNS9W4MZGP7G2NGZIZS26NE,AssignmentAccepted
15,2018-12-14 17:54:24.407502,,,,,,f,,{},3SUWZRL0MZ6SAGM3W8DJXT59L01E6X,AssignmentAccepted
16,2018-12-14 17:54:24.437134,,,,,,f,,{},3180JW2OT5542S8H5QE52341UDMJ57,AssignmentAccepted
17,2018-12-14 17:54:57.868003,,,,,,f,,{},39N5ACM9HFGJPQDR3TW6BFVFP87P90,AssignmentSubmitted
18,2018-12-14 17:55:08.781959,,,,,,f,,{},3TR2532VIQN0LW8VA9OAU9I1Q8XJ6N,AssignmentReturned
19,2018-12-14 17:55:16.14292,,,,,,f,,{},3TR2532VIQN0LW8VA9OAU9I1Q8XJ6N,AssignmentAccepted
20,2018-12-14 17:55:51.90611,,,,,,f,,{},3R2PKQ87NX16FO9HF7AR740N3TJMIK,AssignmentSubmitted
21,2018-12-14 17:56:02.940151,,,,,,f,,{},34J10VATJGRX037970H8ODKSDUJIQ6,AssignmentSubmitted
22,2018-12-14 17:56:07.372356,,,,,,f,,{},3HVVDCPGTFLWIJE6SMX6F6P3NKEYT4,AssignmentSubmitted
23,2018-12-14 17:56:57.85097,,,,,,f,,{},3EG49X351V51GGDKRD3BLIQG1696XV,AssignmentSubmitted
24,2018-12-14 17:56:59.780409,,,,,,f,,{},3SKEMFQBZ4YI0UX1L9LKF2E5BSKK86,AssignmentSubmitted
25,2018-12-14 17:57:08.656649,,,,,,f,,{},35GCEFQ6I6HROSQH9TTYB0U7ZF73ZL,AssignmentSubmitted
26,2018-12-14 17:57:08.692896,,,,,,f,,{},3M0BCWMB8WPSXSPPDZOXUFY165EWBD,AssignmentSubmitted
27,2018-12-14 17:57:14.407503,,,,,,f,,{},3H7Z272LX80EQSE0SQZWGOMAP2SLPX,AssignmentSubmitted
28,2018-12-14 17:57:14.498667,,,,,,f,,{},32Z9ZLUT1MDUJWJ9M57JZWODYGKHO2,AssignmentSubmitted
29,2018-12-14 17:57:14.540013,,,,,,f,,{},38YMOXR4MVSMRG8UH87PJZC9S436W2,AssignmentSubmitted
30,2018-12-14 17:57:46.863219,,,,,,f,,{},3A0EX8ZRN9HWMXKPS06LFCJHHDHBYU,AssignmentSubmitted
31,2018-12-14 17:58:03.620878,,,,,,f,,{},3U5NZHP4LSVC4WVA15KYOWT38LGHPJ,AssignmentSubmitted
32,2018-12-14 18:00:06.257046,,,,,,f,,{},3EKVH9QMEZXZ09P2DBQW1Y6C5JXD2L,AssignmentSubmitted
33,2018-12-14 18:00:34.871404,,,,,,f,,{},3KXIR214I59M0D69K0P3YUC6S65420,AssignmentReturned
34,2018-12-14 18:00:35.440742,,,,,,f,,{},3XC1O3LBOTFCIK77978GLYN7E5DLT2,AssignmentSubmitted
35,2018-12-14 18:00:38.576514,,,,,,f,,{},3KXIR214I59M0D69K0P3YUC6S65420,AssignmentAccepted
36,2018-12-14 18:00:48.669428,,,,,,f,,{},3QILPRALQ6OJ80I4IMD07UV95NR8N1,AssignmentSubmitted
37,2018-12-14 18:00:56.005802,,,,,,f,,{},3DI28L7YXB7X3UL6Q2122XESDPK1EL,AssignmentSubmitted
38,2018-12-14 18:00:56.042052,,,,,,f,,{},3IXQG4FA2URHLWCHKOE5GVQQ84VB94,AssignmentSubmitted
39,2018-12-14 18:00:56.100073,,,,,,f,,{},3LPW2N6LKUVDG8JBHPIJ95DCBTJ5UO,AssignmentSubmitted
40,2018-12-14 18:01:02.825304,,,,,,f,,{},3S06PH7KSSXSBO76U7QIWFW7DDJ1DS,AssignmentSubmitted
41,2018-12-14 18:01:02.859732,,,,,,f,,{},37WLF8U1WQJVWGEDSUOMVOIE5XUK6K,AssignmentSubmitted
42,2018-12-14 18:01:02.909643,,,,,,f,,{},3PXX5PX6LYRVQFMMCUS5CQ1AEMDBAJ,AssignmentSubmitted
43,2018-12-14 18:01:07.520787,,,,,,f,,{},3JC6VJ2SACCT1Z5DBK1S941I4RTA5L,AssignmentAccepted
44,2018-12-14 18:01:35.047504,,,,,,f,,{},3VELCLL3GLCP98L2LDL8KFZSPQZ1F3,AssignmentSubmitted
45,2018-12-14 18:01:35.08118,,,,,,f,,{},35USIKEBNS9W4MZGP7G2NGZIZS26NE,AssignmentSubmitted
46,2018-12-14 18:01:35.172436,,,,,,f,,{},3JC6VJ2SACCT1Z5DBK1S941I4RTA5L,AssignmentSubmitted
47,2018-12-14 18:01:35.206674,,,,,,f,,{},3IFS6Q0HJJC9DJMMZ46DJDZTVI4ISV,AssignmentSubmitted
48,2018-12-14 18:01:42.461111,,,,,,f,,{},3Y9N9SS8LZ4OLRLLHB41K8B4BXXD3W,AssignmentSubmitted
49,2018-12-14 18:02:03.006554,,,,,,f,,{},3KXIR214I59M0D69K0P3YUC6S65420,AssignmentSubmitted
50,2018-12-14 18:02:23.840433,,,,,,f,,{},3QJOXOW4XKKUZJ7VJOK0MP2VB0DMEC,AssignmentSubmitted
51,2018-12-14 18:24:20.710738,,,,,,f,,{},3HHRAGRYX9Y14Q1QOTJRMFQPF3FO9M,AssignmentAbandoned
52,2018-12-14 18:24:30.265438,,,,,,f,,{},3HHRAGRYX9Y14Q1QOTJRMFQPF3FO9M,AssignmentAccepted
