id,creation_time,property1,property2,property3,property4,property5,failed,time_of_death,details,type,fingerprint_hash,recruiter_id,worker_id,assignment_id,unique_id,hit_id,mode,end_time,base_pay,bonus,status
13,2018-12-14 18:01:47.497265,,,,,,f,,{},participant,undefined,mturk,13,3KXIR214I59M0D69K0P3YUC6S65420,13:3KXIR214I59M0D69K0P3YUC6S65420,3SBX2M1TKDG05CA0W9A26SEMRU5Q4N,undefined,2018-12-14 18:02:03.014612,1,0,approved
9,2018-12-14 17:57:04.773567,,,,,,f,,{},participant,undefined,mturk,9,3H7Z272LX80EQSE0SQZWGOMAP2SLPX,9:3H7Z272LX80EQSE0SQZWGOMAP2SLPX,3SBX2M1TKDG05CA0W9A26SEMRU5Q4N,undefined,2018-12-14 17:57:14.416001,1,0,approved
14,2018-12-14 18:03:44.22039,,,,,,f,,{},participant,undefined,mturk,14,3TR2532VIQN0LW8VA9OAU9I1Q8XJ6N,14:3TR2532VIQN0LW8VA9OAU9I1Q8XJ6N,3SBX2M1TKDG05CA0W9A26SEMRU5Q4N,undefined,2018-12-14 18:03:49.466931,,,overrecruited
2,2018-12-14 17:55:06.233931,,,,,,f,,{},participant,undefined,mturk,2,30BUDKLTXEOWRCMPRP3E5NR9P5QE5H,2:30BUDKLTXEOWRCMPRP3E5NR9P5QE5H,3SBX2M1TKDG05CA0W9A26SEMRU5Q4N,undefined,2018-12-14 18:07:20.146276,,,approved
6,2018-12-14 17:56:13.405853,,,,,,f,,{},participant,undefined,mturk,6,3A0EX8ZRN9HWMXKPS06LFCJHHDHBYU,6:3A0EX8ZRN9HWMXKPS06LFCJHHDHBYU,3SBX2M1TKDG05CA0W9A26SEMRU5Q4N,undefined,2018-12-14 17:57:46.871616,1,0,approved
11,2018-12-14 18:00:00.857196,,,,,,f,,{},participant,undefined,mturk,11,3KXIR214I59M0D69K0P3YUC6S65420,11:3KXIR214I59M0D69K0P3YUC6S65420,3SBX2M1TKDG05CA0W9A26SEMRU5Q4N,undefined,,,,overrecruited
10,2018-12-14 17:59:53.186395,,,,,,f,,{},participant,undefined,mturk,10,3XC1O3LBOTFCIK77978GLYN7E5DLT2,10:3XC1O3LBOTFCIK77978GLYN7E5DLT2,3SBX2M1TKDG05CA0W9A26SEMRU5Q4N,undefined,2018-12-14 18:00:35.449169,1,0,approved
1,2018-12-14 17:55:06.166215,,,,,,f,,{},participant,undefined,mturk,1,3YDTZAI2WY9FBSOD1WPPTB2100R41J,1:3YDTZAI2WY9FBSOD1WPPTB2100R41J,3SBX2M1TKDG05CA0W9A26SEMRU5Q4N,undefined,2018-12-14 18:07:14.269404,,,approved
12,2018-12-14 18:01:07.191041,,,,,,f,,{},participant,undefined,mturk,12,35USIKEBNS9W4MZGP7G2NGZIZS26NE,12:35USIKEBNS9W4MZGP7G2NGZIZS26NE,3SBX2M1TKDG05CA0W9A26SEMRU5Q4N,undefined,2018-12-14 18:01:35.089273,1,0,approved
7,2018-12-14 17:56:15.936451,,,,,,f,,{},participant,undefined,mturk,7,3SUWZRL0MZ6SAGM3W8DJXT59L01E6X,7:3SUWZRL0MZ6SAGM3W8DJXT59L01E6X,3SBX2M1TKDG05CA0W9A26SEMRU5Q4N,undefined,2018-12-14 18:07:24.366569,,,approved
15,2018-12-14 18:09:30.519234,,,,,,f,,{},participant,undefined,mturk,15,3NLZY2D53QIZQ4FFS3ELGTCKUYELQO,15:3NLZY2D53QIZQ4FFS3ELGTCKUYELQO,3SBX2M1TKDG05CA0W9A26SEMRU5Q4N,undefined,2018-12-14 18:09:31.550362,,,overrecruited
16,2018-12-14 18:10:05.188654,,,,,,f,,{},participant,undefined,mturk,16,34T446B1C17IZ7GAYSR7Y4VFNL2C01,16:34T446B1C17IZ7GAYSR7Y4VFNL2C01,3SBX2M1TKDG05CA0W9A26SEMRU5Q4N,undefined,2018-12-14 18:10:11.505805,,,overrecruited
17,2018-12-14 18:26:55.570659,,,,,,f,,{},participant,undefined,mturk,17,3HHRAGRYX9Y14Q1QOTJRMFQPF3FO9M,17:3HHRAGRYX9Y14Q1QOTJRMFQPF3FO9M,3SBX2M1TKDG05CA0W9A26SEMRU5Q4N,undefined,2018-12-14 18:27:00.973568,,,overrecruited
4,2018-12-14 17:55:15.424512,,,,,,f,,{},participant,undefined,mturk,4,3180JW2OT5542S8H5QE52341UDMJ57,4:3180JW2OT5542S8H5QE52341UDMJ57,3SBX2M1TKDG05CA0W9A26SEMRU5Q4N,undefined,2018-12-14 18:07:08.628891,,,approved
3,2018-12-14 17:55:11.069294,,,,,,f,,{},participant,undefined,mturk,3,31HQ4X3T3T3B3KUSK73QBTRLCMZLSD,3:31HQ4X3T3T3B3KUSK73QBTRLCMZLSD,3SBX2M1TKDG05CA0W9A26SEMRU5Q4N,undefined,2018-12-14 18:07:17.435237,,,approved
5,2018-12-14 17:56:09.781729,,,,,,f,,{},participant,undefined,mturk,5,3VP0C6EFSHPQM4EGD612A1AIU2S6ME,5:3VP0C6EFSHPQM4EGD612A1AIU2S6ME,3SBX2M1TKDG05CA0W9A26SEMRU5Q4N,undefined,2018-12-14 18:07:20.886669,,,approved
8,2018-12-14 17:57:02.91243,,,,,,f,,{},participant,undefined,mturk,8,3SLE99ER0O6WRNUUOM84TJSJN7LBZL,8:3SLE99ER0O6WRNUUOM84TJSJN7LBZL,3SBX2M1TKDG05CA0W9A26SEMRU5Q4N,undefined,2018-12-14 18:07:09.270847,,,approved
