id,creation_time,property1,property2,property3,property4,property5,failed,time_of_death,details,type,participant_id,number,question,response
1,2018-12-14 17:57:36.947643,,,,,,f,,{},question,6,1,questionnaire,"{""engagement"":""5"",""difficulty"":""4""}"
2,2018-12-14 18:07:08.5468,,,,,,f,,{},question,4,1,questionnaire,"{""engagement"":""6"",""difficulty"":""3""}"
3,2018-12-14 18:07:09.134563,,,,,,f,,{},question,8,1,questionnaire,"{""engagement"":""7"",""difficulty"":""5""}"
4,2018-12-14 18:07:14.073862,,,,,,f,,{},question,1,1,questionnaire,"{""engagement"":""7"",""difficulty"":""3""}"
5,2018-12-14 18:07:17.175751,,,,,,f,,{},question,3,1,questionnaire,"{""engagement"":""7"",""difficulty"":""3""}"
6,2018-12-14 18:07:20.088359,,,,,,f,,{},question,2,1,questionnaire,"{""engagement"":""6"",""difficulty"":""4""}"
7,2018-12-14 18:07:20.667376,,,,,,f,,{},question,5,1,questionnaire,"{""engagement"":""7"",""difficulty"":""4""}"
8,2018-12-14 18:07:24.209201,,,,,,f,,{},question,7,1,questionnaire,"{""engagement"":""7"",""difficulty"":""1""}"
