id,creation_time,property1,property2,property3,property4,property5,failed,time_of_death,details,assignment_id,event_type
1,2018-12-14 04:06:40.739157,,,,,,f,,{},3E13VNJ1NOO9JZNSMLRTNCCK5DZ1IS,AssignmentAccepted
2,2018-12-14 04:06:40.774155,,,,,,f,,{},3HFNH7HEMI7J4C1EHCH5317CYCYQGJ,AssignmentAccepted
3,2018-12-14 04:06:40.804507,,,,,,f,,{},39PAAFCODNTFEPJ1NBAM87L95YLVTR,AssignmentAccepted
4,2018-12-14 04:06:40.837837,,,,,,f,,{},34S9DKFK74IYN69MVQBU67JBYX1YN2,AssignmentAccepted
5,2018-12-14 04:06:41.081709,,,,,,f,,{},3TPZPLC3M15XAOOBMKVWK2STPB83PY,AssignmentAccepted
6,2018-12-14 04:06:41.116295,,,,,,f,,{},3H7Z272LX80EQSE0SQZWGOMAPXYLPT,AssignmentAccepted
7,2018-12-14 04:06:41.709142,,,,,,f,,{},31HQ4X3T3T3B3KUSK73QBTRLCH5LS9,AssignmentAccepted
8,2018-12-14 04:06:41.794349,,,,,,f,,{},3TR2532VIQN0LW8VA9OAU9I1Q33J6J,AssignmentAccepted
9,2018-12-14 04:06:41.828432,,,,,,f,,{},31QTRG6Q2U6YQRLZB5OMAWO6YC2YPY,AssignmentAccepted
10,2018-12-14 04:06:41.868983,,,,,,f,,{},39GHHAVOMGKM694HRLVVXBYNUCXJ4Y,AssignmentAccepted
11,2018-12-14 04:06:47.256365,,,,,,f,,{},3EFVCAY5L42NPARJ3OL8ENESWYTJ85,AssignmentAccepted
12,2018-12-14 04:06:47.29214,,,,,,f,,{},3ND9UOO81LV4A1B14CDR8IU6IU1LWO,AssignmentAccepted
13,2018-12-14 04:06:48.727434,,,,,,f,,{},31LVTDXBL83Z25UF5I3LLJMPQFMLRL,AssignmentAccepted
14,2018-12-14 04:06:48.761583,,,,,,f,,{},33L7PJKHCHRH3DNOFIZCGT11U0KT8K,AssignmentAccepted
15,2018-12-14 04:06:48.79432,,,,,,f,,{},3BDCF01OGYN8Z661JDVFTFFMT21YL0,AssignmentAccepted
16,2018-12-14 04:06:48.826307,,,,,,f,,{},320DUZ38G8F2IPX1MMXW60VQKH6JGL,AssignmentAccepted
17,2018-12-14 04:06:49.318743,,,,,,f,,{},3FK0YFF9P09URHNQS6A19P9U2J1VV7,AssignmentAccepted
18,2018-12-14 04:06:49.352938,,,,,,f,,{},3T3IWE1XG7GN9HNK1CGC2KM1O66QTS,AssignmentAccepted
19,2018-12-14 04:06:49.385346,,,,,,f,,{},3TYCR1GOTDC84WG6FZXY7MOOZW5LZE,AssignmentAccepted
20,2018-12-14 04:06:49.419126,,,,,,f,,{},3ZY8KE4ISKW2M9R967GR32AMLRMVQD,AssignmentAccepted
21,2018-12-14 04:06:49.452827,,,,,,f,,{},3UNH76FOCTYS5OOMJPWUTSUBT7RYM2,AssignmentAccepted
22,2018-12-14 04:06:49.486178,,,,,,f,,{},3TOK3KHVJUBXQ7DX9WL78JZJK8XO76,AssignmentAccepted
23,2018-12-14 04:06:49.519885,,,,,,f,,{},3CTOC39K38JJPWM0TJT20NIXLENJ7I,AssignmentAccepted
24,2018-12-14 04:06:49.553348,,,,,,f,,{},3KYQYYSHYW0D7GE709OT8B9F6J0ODZ,AssignmentAccepted
25,2018-12-14 04:06:51.658038,,,,,,f,,{},3DY4FPOOA2H2YA69JM5R8SKRHDOVRE,AssignmentAccepted
26,2018-12-14 04:06:51.692921,,,,,,f,,{},3J4Q2Z4UTZWF1YREWHLNP4T0S0OQWI,AssignmentAccepted
27,2018-12-14 04:06:51.725443,,,,,,f,,{},39KFRKBFIOOG5R9YW5B7LWJGO76YOH,AssignmentAccepted
28,2018-12-14 04:06:51.759616,,,,,,f,,{},3A1PQ49WVIA9N4C8G398N0B550K1HZ,AssignmentAccepted
29,2018-12-14 04:06:51.794672,,,,,,f,,{},36H9ULYP63NW4P16B2REOFVEJ26JFM,AssignmentAccepted
30,2018-12-14 04:06:51.829601,,,,,,f,,{},3P4RDNWND6ZGEG3WCAXZRC86ZUYJID,AssignmentAccepted
31,2018-12-14 04:06:56.078887,,,,,,f,,{},3L0KT67Y8F9V3J1R3MSG51THLW9YSE,AssignmentAccepted
32,2018-12-14 04:07:20.170446,,,,,,f,,{},3FPRZHYEPZ0AF8L78W4VQUHBBZ93VJ,AssignmentAccepted
33,2018-12-14 04:07:41.258232,,,,,,f,,{},3C8HJ7UOP8NSAEYRFBYD7Z3DZ1VZMU,AssignmentAccepted
34,2018-12-14 04:09:24.882003,,,,,,f,,{},3KIBXJ1WD6NLLMKHSQAGCO45QRRKO0,AssignmentSubmitted
35,2018-12-14 04:09:31.46432,,,,,,f,,"{""feedback"": ""No one ever joined"", ""error_text"": ""There has been an error and so you are unable to\r\n        continue, sorry!"", ""error_type"": ""already_started_exp_mturk"", ""request_data"": {""hit_id"": null, ""worker_id"": null, ""participant_id"": null}}",unknown,ExperimentError
36,2018-12-14 04:09:59.996455,,,,,,f,,{},3U0SRXB7CEYPQ5X0HVJ0YBQEVAJNRM,AssignmentSubmitted
37,2018-12-14 04:10:15.392539,,,,,,f,,{},31HQ4X3T3T3B3KUSK73QBTRLCH5LS9,AssignmentSubmitted
38,2018-12-14 04:10:25.583111,,,,,,f,,"{""feedback"": ""Error type: already_started_exp_mturk\r\nHIT id: I dont know\r\nAssignment id: I dont know\r\nWorker id: ACOFGL7NPCWT6"", ""error_text"": ""There has been an error and so you are unable to\r\n        continue, sorry!"", ""error_type"": ""already_started_exp_mturk"", ""request_data"": {""hit_id"": null, ""worker_id"": null, ""participant_id"": null}}",unknown,ExperimentError
39,2018-12-14 04:10:38.600739,,,,,,f,,{},3HFNH7HEMI7J4C1EHCH5317CYCYQGJ,AssignmentReturned
40,2018-12-14 04:10:50.065659,,,,,,f,,{},3ZY8KE4ISKW2M9R967GR32AMLRMVQD,AssignmentSubmitted
41,2018-12-14 04:11:15.711321,,,,,,f,,{},32SCWG5HIIXW77BT5MTUR54DZ2AP6Q,AssignmentAccepted
42,2018-12-14 04:12:05.441374,,,,,,f,,{},34S9DKFK74IYN69MVQBU67JBYX1YN2,AssignmentSubmitted
43,2018-12-14 04:12:05.538108,,,,,,f,,{},3T3IWE1XG7GN9HNK1CGC2KM1O66QTS,AssignmentSubmitted
44,2018-12-14 04:12:16.614288,,,,,,f,,{},36H9ULYP63NW4P16B2REOFVEJ26JFM,AssignmentSubmitted
45,2018-12-14 04:13:00.436147,,,,,,f,,{},32SCWG5HIIXW77BT5MTUR54DZ2AP6Q,AssignmentSubmitted
46,2018-12-14 04:13:17.112291,,,,,,f,,{},3TYCR1GOTDC84WG6FZXY7MOOZW5LZE,AssignmentSubmitted
47,2018-12-14 04:13:51.52912,,,,,,f,,{},39KFRKBFIOOG5R9YW5B7LWJGO76YOH,AssignmentSubmitted
48,2018-12-14 04:13:57.375926,,,,,,f,,{},3BDCF01OGYN8Z661JDVFTFFMT21YL0,AssignmentSubmitted
49,2018-12-14 04:14:19.923706,,,,,,f,,{},3C8HJ7UOP8NSAEYRFBYD7Z3DZ1VZMU,AssignmentSubmitted
50,2018-12-14 04:15:18.946683,,,,,,f,,{},324G5B4FB41CNQLE7BJWII31M5E07P,AssignmentSubmitted
51,2018-12-14 04:15:26.30692,,,,,,f,,"{""feedback"": ""Attempted to load up - loading screen lasted at 0% for several minutes. Disappointing, the game looked really fun. Good luck with your study!"", ""error_text"": ""There has been an error and so you are unable to\r\n        continue, sorry!"", ""error_type"": ""already_started_exp_mturk"", ""request_data"": {""hit_id"": null, ""worker_id"": null, ""participant_id"": null}}",unknown,ExperimentError
52,2018-12-14 04:15:34.997913,,,,,,f,,{},3TOK3KHVJUBXQ7DX9WL78JZJK8XO76,AssignmentSubmitted
53,2018-12-14 04:15:55.086634,,,,,,f,,{},3YT88D1N09RWZXRV9SQOOL6UV1Y3KT,AssignmentSubmitted
54,2018-12-14 04:15:55.12107,,,,,,f,,{},3FPRZHYEPZ0AF8L78W4VQUHBBZ93VJ,AssignmentSubmitted
55,2018-12-14 04:16:17.955648,,,,,,f,,{},3UNH76FOCTYS5OOMJPWUTSUBT7RYM2,AssignmentSubmitted
56,2018-12-14 04:16:33.18557,,,,,,f,,{},3J4Q2Z4UTZWF1YREWHLNP4T0S0OQWI,AssignmentSubmitted
57,2018-12-14 04:19:00.726849,,,,,,f,,{},31LVTDXBL83Z25UF5I3LLJMPQFMLRL,AssignmentReturned
58,2018-12-14 04:23:37.71888,,,,,,f,,{},3A1PQ49WVIA9N4C8G398N0B550K1HZ,AssignmentReturned
59,2018-12-14 04:29:37.615632,,,,,,f,,{},3EFVCAY5L42NPARJ3OL8ENESWYTJ85,AssignmentReturned
60,2018-12-14 04:35:34.014142,,,,,,f,,{},320DUZ38G8F2IPX1MMXW60VQKH6JGL,AssignmentReturned
