id,creation_time,property1,property2,property3,property4,property5,failed,time_of_death,details,type,fingerprint_hash,recruiter_id,worker_id,assignment_id,unique_id,hit_id,mode,end_time,base_pay,bonus,status
17,2018-12-14 04:09:49.799713,,,,,,f,,{},participant,undefined,mturk,17,31HQ4X3T3T3B3KUSK73QBTRLCH5LS9,17:31HQ4X3T3T3B3KUSK73QBTRLCH5LS9,3DZKABX2ZIYV5OJWBNAUVDPI0WFVC7,undefined,2018-12-14 04:10:15.402272,1,0,approved
12,2018-12-14 04:08:01.848101,,,,,,f,,{},participant,undefined,mturk,12,3HFNH7HEMI7J4C1EHCH5317CYCYQGJ,12:3HFNH7HEMI7J4C1EHCH5317CYCYQGJ,3DZKABX2ZIYV5OJWBNAUVDPI0WFVC7,undefined,2018-12-14 04:10:38.609743,,,returned
18,2018-12-14 04:11:26.002812,,,,,,f,,{},participant,undefined,mturk,18,34S9DKFK74IYN69MVQBU67JBYX1YN2,18:34S9DKFK74IYN69MVQBU67JBYX1YN2,3DZKABX2ZIYV5OJWBNAUVDPI0WFVC7,undefined,2018-12-14 04:12:05.450592,1,0,approved
10,2018-12-14 04:07:50.090247,,,,,,f,,{},participant,undefined,mturk,10,3ZY8KE4ISKW2M9R967GR32AMLRMVQD,10:3ZY8KE4ISKW2M9R967GR32AMLRMVQD,3DZKABX2ZIYV5OJWBNAUVDPI0WFVC7,undefined,2018-12-14 04:10:50.074209,1,0.05,approved
21,2018-12-14 04:12:24.08354,,,,,,f,,{},participant,undefined,mturk,21,32SCWG5HIIXW77BT5MTUR54DZ2AP6Q,21:32SCWG5HIIXW77BT5MTUR54DZ2AP6Q,3DZKABX2ZIYV5OJWBNAUVDPI0WFVC7,undefined,2018-12-14 04:13:00.44542,1,0,approved
19,2018-12-14 04:11:30.257381,,,,,,f,,{},participant,undefined,mturk,19,3T3IWE1XG7GN9HNK1CGC2KM1O66QTS,19:3T3IWE1XG7GN9HNK1CGC2KM1O66QTS,3DZKABX2ZIYV5OJWBNAUVDPI0WFVC7,undefined,2018-12-14 04:12:05.549046,1,0,approved
20,2018-12-14 04:12:03.225175,,,,,,f,,{},participant,undefined,mturk,20,36H9ULYP63NW4P16B2REOFVEJ26JFM,20:36H9ULYP63NW4P16B2REOFVEJ26JFM,3DZKABX2ZIYV5OJWBNAUVDPI0WFVC7,undefined,2018-12-14 04:12:16.623595,1,0,approved
23,2018-12-14 04:13:32.005497,,,,,,f,,{},participant,undefined,mturk,23,39KFRKBFIOOG5R9YW5B7LWJGO76YOH,23:39KFRKBFIOOG5R9YW5B7LWJGO76YOH,3DZKABX2ZIYV5OJWBNAUVDPI0WFVC7,undefined,2018-12-14 04:13:51.539058,1,0,approved
22,2018-12-14 04:12:57.778164,,,,,,f,,{},participant,undefined,mturk,22,3TYCR1GOTDC84WG6FZXY7MOOZW5LZE,22:3TYCR1GOTDC84WG6FZXY7MOOZW5LZE,3DZKABX2ZIYV5OJWBNAUVDPI0WFVC7,undefined,2018-12-14 04:13:17.122063,1,0,approved
25,2018-12-14 04:15:44.962008,,,,,,f,,{},participant,undefined,mturk,25,3FPRZHYEPZ0AF8L78W4VQUHBBZ93VJ,25:3FPRZHYEPZ0AF8L78W4VQUHBBZ93VJ,3DZKABX2ZIYV5OJWBNAUVDPI0WFVC7,undefined,2018-12-14 04:15:55.133636,1,0,approved
24,2018-12-14 04:15:18.775747,,,,,,f,,{},participant,undefined,mturk,24,3TOK3KHVJUBXQ7DX9WL78JZJK8XO76,24:3TOK3KHVJUBXQ7DX9WL78JZJK8XO76,3DZKABX2ZIYV5OJWBNAUVDPI0WFVC7,undefined,2018-12-14 04:15:35.007321,1,0,approved
15,2018-12-14 04:09:32.943689,,,,,,f,,{},participant,undefined,mturk,15,3BDCF01OGYN8Z661JDVFTFFMT21YL0,15:3BDCF01OGYN8Z661JDVFTFFMT21YL0,3DZKABX2ZIYV5OJWBNAUVDPI0WFVC7,undefined,2018-12-14 04:13:57.385157,1,0.28,approved
28,2018-12-14 04:18:21.135832,,,,,,f,,{},participant,undefined,mturk,28,39PAAFCODNTFEPJ1NBAM87L95YLVTR,28:39PAAFCODNTFEPJ1NBAM87L95YLVTR,3DZKABX2ZIYV5OJWBNAUVDPI0WFVC7,undefined,2018-12-14 04:18:22.26874,,,overrecruited
27,2018-12-14 04:16:11.269218,,,,,,f,,{},participant,d842c46c341f9fdf18cbe500c1af625d,mturk,27,3J4Q2Z4UTZWF1YREWHLNP4T0S0OQWI,27:3J4Q2Z4UTZWF1YREWHLNP4T0S0OQWI,3DZKABX2ZIYV5OJWBNAUVDPI0WFVC7,undefined,2018-12-14 04:16:33.194769,1,0,approved
26,2018-12-14 04:16:10.110515,,,,,,f,,{},participant,undefined,mturk,26,3UNH76FOCTYS5OOMJPWUTSUBT7RYM2,26:3UNH76FOCTYS5OOMJPWUTSUBT7RYM2,3DZKABX2ZIYV5OJWBNAUVDPI0WFVC7,undefined,2018-12-14 04:16:17.965255,1,0,approved
8,2018-12-14 04:07:42.94877,,,,,,f,,{},participant,undefined,mturk,8,31LVTDXBL83Z25UF5I3LLJMPQFMLRL,8:31LVTDXBL83Z25UF5I3LLJMPQFMLRL,3DZKABX2ZIYV5OJWBNAUVDPI0WFVC7,undefined,2018-12-14 04:19:00.735799,,,returned
4,2018-12-14 04:07:29.073828,,,,,,f,,{},participant,undefined,mturk,4,39GHHAVOMGKM694HRLVVXBYNUCXJ4Y,4:39GHHAVOMGKM694HRLVVXBYNUCXJ4Y,3DZKABX2ZIYV5OJWBNAUVDPI0WFVC7,undefined,2018-12-14 04:19:52.023791,,,approved
2,2018-12-14 04:07:09.286662,,,,,,f,,{},participant,undefined,mturk,2,3KYQYYSHYW0D7GE709OT8B9F6J0ODZ,2:3KYQYYSHYW0D7GE709OT8B9F6J0ODZ,3DZKABX2ZIYV5OJWBNAUVDPI0WFVC7,undefined,2018-12-14 04:19:52.339863,,,approved
3,2018-12-14 04:07:14.609515,,,,,,f,,{},participant,undefined,mturk,3,3DY4FPOOA2H2YA69JM5R8SKRHDOVRE,3:3DY4FPOOA2H2YA69JM5R8SKRHDOVRE,3DZKABX2ZIYV5OJWBNAUVDPI0WFVC7,undefined,2018-12-14 04:19:56.512622,,,approved
6,2018-12-14 04:07:37.503944,,,,,,f,,{},participant,undefined,mturk,6,3ND9UOO81LV4A1B14CDR8IU6IU1LWO,6:3ND9UOO81LV4A1B14CDR8IU6IU1LWO,3DZKABX2ZIYV5OJWBNAUVDPI0WFVC7,undefined,2018-12-14 04:19:53.708152,,,approved
11,2018-12-14 04:07:50.64201,,,,,,f,,{},participant,undefined,mturk,11,3P4RDNWND6ZGEG3WCAXZRC86ZUYJID,11:3P4RDNWND6ZGEG3WCAXZRC86ZUYJID,3DZKABX2ZIYV5OJWBNAUVDPI0WFVC7,undefined,2018-12-14 04:19:53.815852,,,approved
7,2018-12-14 04:07:38.723825,,,,,,f,,{},participant,undefined,mturk,7,3H7Z272LX80EQSE0SQZWGOMAPXYLPT,7:3H7Z272LX80EQSE0SQZWGOMAPXYLPT,3DZKABX2ZIYV5OJWBNAUVDPI0WFVC7,undefined,2018-12-14 04:19:56.46961,,,approved
14,2018-12-14 04:09:04.72875,,,,,,f,,{},participant,undefined,mturk,14,3TPZPLC3M15XAOOBMKVWK2STPB83PY,14:3TPZPLC3M15XAOOBMKVWK2STPB83PY,3DZKABX2ZIYV5OJWBNAUVDPI0WFVC7,undefined,2018-12-14 04:19:55.35346,,,approved
16,2018-12-14 04:09:43.441265,,,,,,f,,{},participant,undefined,mturk,16,31QTRG6Q2U6YQRLZB5OMAWO6YC2YPY,16:31QTRG6Q2U6YQRLZB5OMAWO6YC2YPY,3DZKABX2ZIYV5OJWBNAUVDPI0WFVC7,undefined,2018-12-14 04:22:05.16906,,,approved
13,2018-12-14 04:08:18.209152,,,,,,f,,{},participant,undefined,mturk,13,3L0KT67Y8F9V3J1R3MSG51THLW9YSE,13:3L0KT67Y8F9V3J1R3MSG51THLW9YSE,3DZKABX2ZIYV5OJWBNAUVDPI0WFVC7,undefined,2018-12-14 04:19:54.829962,,,approved
5,2018-12-14 04:07:36.899998,,,,,,f,,{},participant,undefined,mturk,5,3CTOC39K38JJPWM0TJT20NIXLENJ7I,5:3CTOC39K38JJPWM0TJT20NIXLENJ7I,3DZKABX2ZIYV5OJWBNAUVDPI0WFVC7,undefined,2018-12-14 04:19:53.038059,,,approved
29,2018-12-14 04:21:37.13262,,,,,,f,,{},participant,undefined,mturk,29,3TR2532VIQN0LW8VA9OAU9I1Q33J6J,29:3TR2532VIQN0LW8VA9OAU9I1Q33J6J,3DZKABX2ZIYV5OJWBNAUVDPI0WFVC7,undefined,2018-12-14 04:21:38.393619,,,overrecruited
9,2018-12-14 04:07:43.599042,,,,,,f,,{},participant,undefined,mturk,9,3A1PQ49WVIA9N4C8G398N0B550K1HZ,9:3A1PQ49WVIA9N4C8G398N0B550K1HZ,3DZKABX2ZIYV5OJWBNAUVDPI0WFVC7,undefined,2018-12-14 04:23:37.786435,,,returned
30,2018-12-14 04:27:12.474754,,,,,,f,,{},participant,undefined,mturk,30,3EFVCAY5L42NPARJ3OL8ENESWYTJ85,30:3EFVCAY5L42NPARJ3OL8ENESWYTJ85,3DZKABX2ZIYV5OJWBNAUVDPI0WFVC7,undefined,2018-12-14 04:27:23.429055,,,overrecruited
31,2018-12-14 04:28:35.682426,,,,,,f,,{},participant,undefined,mturk,31,39ASUFLU6Y05TV6ZXVM9X6ITIZAXEA,31:39ASUFLU6Y05TV6ZXVM9X6ITIZAXEA,3DZKABX2ZIYV5OJWBNAUVDPI0WFVC7,undefined,2018-12-14 04:28:40.184643,,,overrecruited
1,2018-12-14 04:06:50.927852,,,,,,f,,{},participant,undefined,mturk,1,3E13VNJ1NOO9JZNSMLRTNCCK5DZ1IS,1:3E13VNJ1NOO9JZNSMLRTNCCK5DZ1IS,3DZKABX2ZIYV5OJWBNAUVDPI0WFVC7,undefined,2018-12-14 04:19:49.495641,,,approved
32,2018-12-14 04:30:46.004794,,,,,,f,,{},participant,undefined,mturk,32,3X1FV8S5JYKB9KXV3BBF9O6KF4JGV9,32:3X1FV8S5JYKB9KXV3BBF9O6KF4JGV9,3DZKABX2ZIYV5OJWBNAUVDPI0WFVC7,undefined,2018-12-14 04:30:50.988713,,,overrecruited
33,2018-12-14 04:32:19.271266,,,,,,f,,{},participant,undefined,mturk,33,33L7PJKHCHRH3DNOFIZCGT11U0KT8K,33:33L7PJKHCHRH3DNOFIZCGT11U0KT8K,3DZKABX2ZIYV5OJWBNAUVDPI0WFVC7,undefined,2018-12-14 04:32:22.997158,,,overrecruited
34,2018-12-14 04:33:31.47832,,,,,,f,,{},participant,undefined,mturk,34,3FK0YFF9P09URHNQS6A19P9U2J1VV7,34:3FK0YFF9P09URHNQS6A19P9U2J1VV7,3DZKABX2ZIYV5OJWBNAUVDPI0WFVC7,undefined,2018-12-14 04:33:34.853662,,,overrecruited
35,2018-12-14 04:36:56.593066,,,,,,f,,{},participant,undefined,mturk,35,39L1G8WVWRKUTW591IK6J6AVMV913Z,35:39L1G8WVWRKUTW591IK6J6AVMV913Z,3DZKABX2ZIYV5OJWBNAUVDPI0WFVC7,undefined,2018-12-14 04:37:04.345869,,,overrecruited
36,2018-12-14 04:45:25.38852,,,,,,f,,{},participant,undefined,mturk,36,3I02618YA1ZH9I1U14RX7BIT2OUUPZ,36:3I02618YA1ZH9I1U14RX7BIT2OUUPZ,3DZKABX2ZIYV5OJWBNAUVDPI0WFVC7,undefined,2018-12-14 04:45:34.250904,,,overrecruited
