id,creation_time,property1,property2,property3,property4,property5,failed,time_of_death,details,type,participant_id,number,question,response
1,2018-12-14 04:10:37.887815,,,,,,f,,{},question,10,1,questionnaire,"{""engagement"":""1"",""difficulty"":""4""}"
2,2018-12-14 04:13:48.74703,,,,,,f,,{},question,15,1,questionnaire,"{""engagement"":""4"",""difficulty"":""4""}"
3,2018-12-14 04:19:49.352894,,,,,,f,,{},question,1,1,questionnaire,"{""engagement"":""7"",""difficulty"":""7""}"
4,2018-12-14 04:19:51.856308,,,,,,f,,{},question,4,1,questionnaire,"{""engagement"":""7"",""difficulty"":""7""}"
5,2018-12-14 04:19:52.077447,,,,,,f,,{},question,2,1,questionnaire,"{""engagement"":""6"",""difficulty"":""4""}"
6,2018-12-14 04:19:52.872341,,,,,,f,,{},question,5,1,questionnaire,"{""engagement"":""6"",""difficulty"":""1""}"
7,2018-12-14 04:19:53.567863,,,,,,f,,{},question,6,1,questionnaire,"{""engagement"":""7"",""difficulty"":""7""}"
8,2018-12-14 04:19:53.662904,,,,,,f,,{},question,11,1,questionnaire,"{""engagement"":""7"",""difficulty"":""5""}"
9,2018-12-14 04:19:54.712682,,,,,,f,,{},question,13,1,questionnaire,"{""engagement"":""7"",""difficulty"":""4""}"
10,2018-12-14 04:19:55.257469,,,,,,f,,{},question,14,1,questionnaire,"{""engagement"":""6"",""difficulty"":""4""}"
11,2018-12-14 04:19:56.199315,,,,,,f,,{},question,7,1,questionnaire,"{""engagement"":""7"",""difficulty"":""4""}"
12,2018-12-14 04:19:56.413069,,,,,,f,,{},question,3,1,questionnaire,"{""engagement"":""7"",""difficulty"":""5""}"
13,2018-12-14 04:22:04.383218,,,,,,f,,{},question,16,1,questionnaire,"{""engagement"":""7"",""difficulty"":""6""}"
