id,creation_time,property1,property2,property3,property4,property5,failed,time_of_death,details,assignment_id,event_type
1,2018-12-14 16:27:43.351986,,,,,,f,,{},3R9WASFE209M446ATOU0C9J425ZFZT,AssignmentAccepted
2,2018-12-14 16:27:44.495173,,,,,,f,,{},3TK8OJTYM2EHMXQU6U123XKCG0GPV6,AssignmentAccepted
3,2018-12-14 16:27:44.542858,,,,,,f,,{},3K5TEWLKGW4P5B3QTZBIU0J0UMLIVN,AssignmentAccepted
4,2018-12-14 16:27:44.5997,,,,,,f,,{},336YQZE83W7U30E28NRXIVWIY735MJ,AssignmentAccepted
5,2018-12-14 16:27:46.705452,,,,,,f,,{},3Q5ZZ9ZEVP8FIBCYEMHEDDVNE2E85Y,AssignmentAccepted
6,2018-12-14 16:27:46.744889,,,,,,f,,{},3JJVG1YBECQYK9A5HY1O4FLOM8ZB50,AssignmentAccepted
7,2018-12-14 16:27:46.783242,,,,,,f,,{},3I02618YA1ZH9I1U14RX7BIT2T7PUH,AssignmentAccepted
8,2018-12-14 16:27:47.149574,,,,,,f,,{},3WQ3B2KGE99ZWR9MGBZC1P87ASUB1I,AssignmentAccepted
9,2018-12-14 16:27:47.173916,,,,,,f,,{},3RRCEFRB7N5GOQ653TIEZNFAMC4B4V,AssignmentAccepted
10,2018-12-14 16:27:47.191452,,,,,,f,,{},3HSYG7LRBKR2VVZ2UYIN57NW6S3KKE,AssignmentAccepted
11,2018-12-14 16:27:47.574212,,,,,,f,,{},3B2X28YI3X8U3DAJMHBTWLZOI3AB6G,AssignmentAccepted
12,2018-12-14 16:27:51.500272,,,,,,f,,{},3YDGXNSEO0NXMS8Y0HY48LP9E6J84T,AssignmentAccepted
13,2018-12-14 16:27:51.525787,,,,,,f,,{},3NPI0JQDAPY295M51Z1N2FWRJF0PTQ,AssignmentAccepted
14,2018-12-14 16:27:51.556064,,,,,,f,,{},3FTYUGLFSVERZ68PVUSUZ59OPTBD59,AssignmentAccepted
15,2018-12-14 16:27:51.581147,,,,,,f,,{},3S0TNUHWKUBAMORRTSZXBPJFRJCD8B,AssignmentAccepted
16,2018-12-14 16:27:51.606718,,,,,,f,,{},32ZKVD547GGV6UN13FDVPIN48C8B3A,AssignmentAccepted
17,2018-12-14 16:28:20.135026,,,,,,f,,{},3LWJHTCVCDFDQC5J6SBNLG70X28FQT,AssignmentSubmitted
18,2018-12-14 16:28:54.203659,,,,,,f,,{},3D4CH1LGEBMDCDKS0A6JH6HNOH89G4,AssignmentSubmitted
19,2018-12-14 16:28:54.238843,,,,,,f,,{},3FQ5JJ512MH331K5RBA3XZ400N2KND,AssignmentSubmitted
20,2018-12-14 16:28:54.273032,,,,,,f,,{},3HQUKB7LNG7KRFXMISCTFNRCMUVHH3,AssignmentSubmitted
21,2018-12-14 16:29:09.321633,,,,,,f,,{},3V5Q80FXIYK1IHN5KMKKOPK0E6T23X,AssignmentSubmitted
22,2018-12-14 16:29:25.766721,,,,,,f,,{},3CP1TO84PUU4WWA9Y58D3MIKS2K25N,AssignmentSubmitted
23,2018-12-14 16:29:25.836674,,,,,,f,,{},3JJVG1YBECQYK9A5HY1O4FLOM8X5BS,AssignmentSubmitted
24,2018-12-14 16:29:25.860385,,,,,,f,,{},36DSNE9QZ6RQA2EZA5A4B94SB8BJOW,AssignmentSubmitted
25,2018-12-14 16:29:25.881705,,,,,,f,,{},3KXIR214I59M0D69K0P3YUC6S6P24I,AssignmentSubmitted
26,2018-12-14 16:29:25.903637,,,,,,f,,{},3A1PQ49WVIA9N4C8G398N0B555XH12,AssignmentSubmitted
27,2018-12-14 16:29:33.413039,,,,,,f,,{},3COPXFW7XC536MWI7QNV1O9V027PKI,AssignmentSubmitted
28,2018-12-14 16:29:33.440386,,,,,,f,,{},3YJ6NA41JC98V2Q0P5NJ099ILD7JPD,AssignmentSubmitted
29,2018-12-14 16:29:55.303963,,,,,,f,,{},37TD41K0AI2I0G0M7UAR8A1YID1SCK,AssignmentSubmitted
30,2018-12-14 16:29:55.337056,,,,,,f,,{},3XM0HYN6NLS0KM48B4CS3TWQG5BEPN,AssignmentSubmitted
31,2018-12-14 16:30:14.904016,,,,,,f,,{},308Q0PEVB96R84QNQY6M2IU33U09IW,AssignmentSubmitted
32,2018-12-14 16:30:29.590233,,,,,,f,,{},3TE3O857311T1J87VCLG6NNGKKA2R2,AssignmentSubmitted
33,2018-12-14 16:31:08.789322,,,,,,f,,{},3G5W44VEU8BXT93J47X87FV3ZBLKGA,AssignmentSubmitted
34,2018-12-14 16:31:26.01643,,,,,,f,,{},3LOZAJ85YE6DYFUJ4BR8V594L1WX2U,AssignmentAccepted
35,2018-12-14 16:31:27.695868,,,,,,f,,{},3VSOLARPKC2CI1845VZZYCSEKC693Z,AssignmentAccepted
36,2018-12-14 16:31:34.342658,,,,,,f,,{},3I02618YA1ZH9I1U14RX7BIT2T7PUH,AssignmentReturned
37,2018-12-14 16:31:57.784335,,,,,,f,,{},3TAYZSBPLM152Y8KA1LLWXSC6MT2SQ,AssignmentSubmitted
38,2018-12-14 16:32:05.188914,,,,,,f,,{},3VSOLARPKC2CI1845VZZYCSEKC693Z,AssignmentSubmitted
39,2018-12-14 16:32:25.942248,,,,,,f,,{},3RJSC4XJ11NX0M7VJI4ZKYP5V43054,AssignmentAccepted
40,2018-12-14 16:34:17.352176,,,,,,f,,{},3SEPORI8WOSR8DP2I888Y88D5PNAZC,AssignmentAccepted
41,2018-12-14 16:34:34.439728,,,,,,f,,{},3I33IC7ZWGV122MQT1ZUBXY6KGF2AN,AssignmentSubmitted
42,2018-12-14 16:34:53.322688,,,,,,f,,{},31UV0MXWNR587HOBN8T5Q2P1HYI5I2,AssignmentSubmitted
43,2018-12-14 16:35:34.359388,,,,,,f,,{},3LOZAJ85YE6DYFUJ4BR8V594L1WX2U,AssignmentSubmitted
44,2018-12-14 16:35:55.56813,,,,,,f,,{},3ERET4BTVN2IEZGBQ1RYFY9GVYP9K7,AssignmentSubmitted
45,2018-12-14 16:36:13.481574,,,,,,f,,{},3I7DHKZYGOTOXQMLM0NKN5C916Q5FB,AssignmentSubmitted
46,2018-12-14 16:41:46.77072,,,,,,f,,{},3RJSC4XJ11NX0M7VJI4ZKYP5V43054,AssignmentReturned
47,2018-12-14 16:41:52.647784,,,,,,f,,{},3RJSC4XJ11NX0M7VJI4ZKYP5V43054,AssignmentAccepted
48,2018-12-14 16:46:23.511905,,,,,,f,,{},336YQZE83W7U30E28NRXIVWIY735MJ,AssignmentReturned
49,2018-12-14 16:46:28.407096,,,,,,f,,{},336YQZE83W7U30E28NRXIVWIY735MJ,AssignmentAccepted
50,2018-12-14 16:57:33.439046,,,,,,f,,{},3JJVG1YBECQYK9A5HY1O4FLOM8ZB50,AssignmentReturned
51,2018-12-14 16:57:47.706496,,,,,,f,,{},3JJVG1YBECQYK9A5HY1O4FLOM8ZB50,AssignmentAccepted
52,2018-12-14 16:57:58.893797,,,,,,f,,{},3TK8OJTYM2EHMXQU6U123XKCG0GPV6,AssignmentAbandoned
53,2018-12-14 16:57:58.923389,,,,,,f,,{},3K5TEWLKGW4P5B3QTZBIU0J0UMLIVN,AssignmentAbandoned
54,2018-12-14 16:58:15.635348,,,,,,f,,{},3K5TEWLKGW4P5B3QTZBIU0J0UMLIVN,AssignmentAccepted
55,2018-12-14 16:58:15.656314,,,,,,f,,{},3HSYG7LRBKR2VVZ2UYIN57NW6S3KKE,AssignmentAccepted
56,2018-12-14 16:58:15.677583,,,,,,f,,{},3HSYG7LRBKR2VVZ2UYIN57NW6S3KKE,AssignmentAbandoned
