id,creation_time,property1,property2,property3,property4,property5,failed,time_of_death,details,type,fingerprint_hash,recruiter_id,worker_id,assignment_id,unique_id,hit_id,mode,end_time,base_pay,bonus,status
2,2018-12-14 16:28:37.495453,,,,,,f,,{},participant,undefined,mturk,2,3I02618YA1ZH9I1U14RX7BIT2T7PUH,2:3I02618YA1ZH9I1U14RX7BIT2T7PUH,3BO3NEOQM0A2Q32YS2FKAT90SUCIAF,undefined,2018-12-14 16:31:34.34908,,,returned
10,2018-12-14 16:40:22.662279,,,,,,f,,{},participant,undefined,mturk,10,3Q5ZZ9ZEVP8FIBCYEMHEDDVNE2E85Y,10:3Q5ZZ9ZEVP8FIBCYEMHEDDVNE2E85Y,3BO3NEOQM0A2Q32YS2FKAT90SUCIAF,undefined,2018-12-14 16:40:24.034782,,,overrecruited
12,2018-12-14 16:42:30.043686,,,,,,f,,{},participant,undefined,mturk,12,3B2X28YI3X8U3DAJMHBTWLZOI3AB6G,12:3B2X28YI3X8U3DAJMHBTWLZOI3AB6G,3BO3NEOQM0A2Q32YS2FKAT90SUCIAF,undefined,2018-12-14 16:42:38.688418,,,overrecruited
11,2018-12-14 16:42:26.387656,,,,,,f,,{},participant,undefined,mturk,11,3RJSC4XJ11NX0M7VJI4ZKYP5V43054,11:3RJSC4XJ11NX0M7VJI4ZKYP5V43054,3BO3NEOQM0A2Q32YS2FKAT90SUCIAF,undefined,2018-12-14 16:42:40.443893,,,overrecruited
13,2018-12-14 16:46:08.553387,,,,,,f,,{},participant,undefined,mturk,13,336YQZE83W7U30E28NRXIVWIY735MJ,13:336YQZE83W7U30E28NRXIVWIY735MJ,3BO3NEOQM0A2Q32YS2FKAT90SUCIAF,undefined,,,,overrecruited
14,2018-12-14 16:48:33.040466,,,,,,f,,{},participant,undefined,mturk,14,336YQZE83W7U30E28NRXIVWIY735MJ,14:336YQZE83W7U30E28NRXIVWIY735MJ,3BO3NEOQM0A2Q32YS2FKAT90SUCIAF,undefined,2018-12-14 16:48:42.89057,,,overrecruited
15,2018-12-14 16:52:21.189144,,,,,,f,,{},participant,undefined,mturk,15,32ZKVD547GGV6UN13FDVPIN48C8B3A,15:32ZKVD547GGV6UN13FDVPIN48C8B3A,3BO3NEOQM0A2Q32YS2FKAT90SUCIAF,undefined,2018-12-14 16:52:22.213882,,,overrecruited
16,2018-12-14 16:53:26.414077,,,,,,f,,{},participant,undefined,mturk,16,3RRCEFRB7N5GOQ653TIEZNFAMC4B4V,16:3RRCEFRB7N5GOQ653TIEZNFAMC4B4V,3BO3NEOQM0A2Q32YS2FKAT90SUCIAF,undefined,2018-12-14 16:53:38.989371,,,overrecruited
6,2018-12-14 16:32:46.304036,,,,,,f,,{},participant,undefined,mturk,6,3JJVG1YBECQYK9A5HY1O4FLOM8ZB50,6:3JJVG1YBECQYK9A5HY1O4FLOM8ZB50,3BO3NEOQM0A2Q32YS2FKAT90SUCIAF,undefined,2018-12-14 16:57:33.445339,,,returned
4,2018-12-14 16:29:48.800708,,,,,,f,,{},participant,undefined,mturk,4,3K5TEWLKGW4P5B3QTZBIU0J0UMLIVN,4:3K5TEWLKGW4P5B3QTZBIU0J0UMLIVN,3BO3NEOQM0A2Q32YS2FKAT90SUCIAF,undefined,2018-12-14 16:57:58.929558,,,abandoned
17,2018-12-14 16:59:02.829948,,,,,,f,,{},participant,undefined,mturk,17,3JJVG1YBECQYK9A5HY1O4FLOM8ZB50,17:3JJVG1YBECQYK9A5HY1O4FLOM8ZB50,3BO3NEOQM0A2Q32YS2FKAT90SUCIAF,undefined,2018-12-14 16:59:05.459192,,,overrecruited
1,2018-12-14 16:28:29.716512,,,,,,f,,{},participant,undefined,mturk,1,3FTYUGLFSVERZ68PVUSUZ59OPTBD59,1:3FTYUGLFSVERZ68PVUSUZ59OPTBD59,3BO3NEOQM0A2Q32YS2FKAT90SUCIAF,undefined,2018-12-14 16:50:14.467671,,,approved
3,2018-12-14 16:28:51.248106,,,,,,f,,{},participant,undefined,mturk,3,3WQ3B2KGE99ZWR9MGBZC1P87ASUB1I,3:3WQ3B2KGE99ZWR9MGBZC1P87ASUB1I,3BO3NEOQM0A2Q32YS2FKAT90SUCIAF,undefined,2018-12-14 16:50:21.741239,,,approved
18,2018-12-14 17:03:15.685271,,,,,,f,,{},participant,undefined,mturk,18,3HSYG7LRBKR2VVZ2UYIN57NW6S3KKE,18:3HSYG7LRBKR2VVZ2UYIN57NW6S3KKE,3BO3NEOQM0A2Q32YS2FKAT90SUCIAF,undefined,2018-12-14 17:03:21.96644,,,overrecruited
5,2018-12-14 16:31:38.919922,,,,,,f,,{},participant,undefined,mturk,5,3S0TNUHWKUBAMORRTSZXBPJFRJCD8B,5:3S0TNUHWKUBAMORRTSZXBPJFRJCD8B,3BO3NEOQM0A2Q32YS2FKAT90SUCIAF,undefined,2018-12-14 16:50:22.077311,,,approved
7,2018-12-14 16:34:01.222342,,,,,,f,,{},participant,undefined,mturk,7,3YDGXNSEO0NXMS8Y0HY48LP9E6J84T,7:3YDGXNSEO0NXMS8Y0HY48LP9E6J84T,3BO3NEOQM0A2Q32YS2FKAT90SUCIAF,undefined,2018-12-14 16:50:29.241084,,,approved
8,2018-12-14 16:36:07.884946,,,,,,f,,{},participant,undefined,mturk,8,3R9WASFE209M446ATOU0C9J425ZFZT,8:3R9WASFE209M446ATOU0C9J425ZFZT,3BO3NEOQM0A2Q32YS2FKAT90SUCIAF,undefined,2018-12-14 16:50:18.606323,,,approved
9,2018-12-14 16:40:06.605194,,,,,,f,,{},participant,undefined,mturk,9,3NPI0JQDAPY295M51Z1N2FWRJF0PTQ,9:3NPI0JQDAPY295M51Z1N2FWRJF0PTQ,3BO3NEOQM0A2Q32YS2FKAT90SUCIAF,undefined,2018-12-14 16:50:13.228944,,,approved
19,2018-12-14 17:15:15.754552,,,,,,f,,{},participant,undefined,mturk,19,3K5TEWLKGW4P5B3QTZBIU0J0UMLIVN,19:3K5TEWLKGW4P5B3QTZBIU0J0UMLIVN,3BO3NEOQM0A2Q32YS2FKAT90SUCIAF,undefined,2018-12-14 17:15:17.456209,,,overrecruited
20,2018-12-14 17:34:09.788218,,,,,,f,,{},participant,undefined,mturk,20,35BLDD71I7QB01S0T3Z4UVMQQZRZV5,20:35BLDD71I7QB01S0T3Z4UVMQQZRZV5,3BO3NEOQM0A2Q32YS2FKAT90SUCIAF,undefined,2018-12-14 17:34:14.684883,,,overrecruited
