id,creation_time,property1,property2,property3,property4,property5,failed,time_of_death,details,type,participant_id,number,question,response
1,2018-12-14 16:50:13.107259,,,,,,f,,{},question,9,1,questionnaire,"{""engagement"":""7"",""difficulty"":""1""}"
2,2018-12-14 16:50:14.329219,,,,,,f,,{},question,1,1,questionnaire,"{""engagement"":""6"",""difficulty"":""5""}"
3,2018-12-14 16:50:18.43236,,,,,,f,,{},question,8,1,questionnaire,"{""engagement"":""7"",""difficulty"":""1""}"
4,2018-12-14 16:50:21.620684,,,,,,f,,{},question,3,1,questionnaire,"{""engagement"":""7"",""difficulty"":""3""}"
5,2018-12-14 16:50:21.813368,,,,,,f,,{},question,5,1,questionnaire,"{""engagement"":""7"",""difficulty"":""7""}"
6,2018-12-14 16:50:28.540169,,,,,,f,,{},question,7,1,questionnaire,"{""engagement"":""6"",""difficulty"":""3""}"
