id,creation_time,property1,property2,property3,property4,property5,failed,time_of_death,details,assignment_id,event_type
1,2018-12-16 23:02:40.68619,,,,,,f,,{},3UOUJI6MTE7MIR3LNV1E1O4W435UXL,AssignmentAccepted
2,2018-12-16 23:02:41.166675,,,,,,f,,{},3C6FJU71TRMBIWTVSRNGK2B569ZUYR,AssignmentAccepted
3,2018-12-16 23:02:42.862823,,,,,,f,,{},3WMINLGALCWE0KESQUO0NA7SWIQACO,AssignmentAccepted
4,2018-12-16 23:02:42.896522,,,,,,f,,{},3L70J4KAZHFO5CK6QQJB7GPAHI2ADO,AssignmentAccepted
5,2018-12-16 23:03:33.445506,,,,,,f,,{},3PMBY0YE28W0V14NYOA0RFW8Q069C6,AssignmentSubmitted
6,2018-12-16 23:06:32.051212,,,,,,f,,{},3CFJTT4SXUJNUL2UB182OM3X8F37IV,AssignmentSubmitted
7,2018-12-16 23:10:26.547272,,,,,,f,,{},3BDCF01OGYN8Z661JDVFTFFMTI5LYN,AssignmentSubmitted
8,2018-12-16 23:10:48.928604,,,,,,f,,{},3JZQSN0I3R3MDNB53W6BR23YRQTGFF,AssignmentSubmitted
9,2018-12-16 23:14:09.975681,,,,,,f,,{},3C6FJU71TRMBIWTVSRNGK2B569ZUYR,AssignmentSubmitted
10,2018-12-16 23:14:21.182985,,,,,,f,,{},3UOUJI6MTE7MIR3LNV1E1O4W435UXL,AssignmentSubmitted
11,2018-12-16 23:15:04.978678,,,,,,f,,{},35K3O9HUAC6OT9FEX1GNRZIMEAFFEY,AssignmentSubmitted
12,2018-12-16 23:33:00.056159,,,,,,f,,{},3WMINLGALCWE0KESQUO0NA7SWIQACO,AssignmentAbandoned
13,2018-12-16 23:33:00.156069,,,,,,f,,{},3L70J4KAZHFO5CK6QQJB7GPAHI2ADO,AssignmentAbandoned
14,2018-12-16 23:33:04.900058,,,,,,f,,{},3L70J4KAZHFO5CK6QQJB7GPAHI2ADO,AssignmentAccepted
15,2018-12-16 23:33:04.941356,,,,,,f,,{},3WMINLGALCWE0KESQUO0NA7SWIQACO,AssignmentAccepted
