id,creation_time,property1,property2,property3,property4,property5,failed,time_of_death,details,type,fingerprint_hash,recruiter_id,worker_id,assignment_id,unique_id,hit_id,mode,end_time,base_pay,bonus,status
1,2018-12-16 23:03:07.598872,,,,,,f,,{},participant,undefined,mturk,1,3C6FJU71TRMBIWTVSRNGK2B569ZUYR,1:3C6FJU71TRMBIWTVSRNGK2B569ZUYR,3S1WOPCJFGM1BR3GQP26IDERRWJJEO,undefined,2018-12-16 23:14:09.981044,1,0.84,approved
2,2018-12-16 23:03:49.420957,,,,,,f,,{},participant,undefined,mturk,2,3UOUJI6MTE7MIR3LNV1E1O4W435UXL,2:3UOUJI6MTE7MIR3LNV1E1O4W435UXL,3S1WOPCJFGM1BR3GQP26IDERRWJJEO,undefined,2018-12-16 23:14:21.188297,1,1.16,approved
3,2018-12-16 23:35:44.865599,,,,,,f,,{},participant,undefined,mturk,3,3L70J4KAZHFO5CK6QQJB7GPAHI2ADO,3:3L70J4KAZHFO5CK6QQJB7GPAHI2ADO,3S1WOPCJFGM1BR3GQP26IDERRWJJEO,undefined,2018-12-16 23:35:53.074628,,,overrecruited
4,2018-12-16 23:57:50.013391,,,,,,f,,{},participant,undefined,mturk,4,3WMINLGALCWE0KESQUO0NA7SWIQACO,4:3WMINLGALCWE0KESQUO0NA7SWIQACO,3S1WOPCJFGM1BR3GQP26IDERRWJJEO,undefined,2018-12-16 23:57:55.48845,,,overrecruited
