id,creation_time,property1,property2,property3,property4,property5,failed,time_of_death,details,assignment_id,event_type
1,2018-12-14 18:44:04.770789,,,,,,f,,{},3HRMW88U17JV8TS1BHLL100RH0DM02,AssignmentAccepted
2,2018-12-14 18:44:04.795915,,,,,,f,,{},3TGOYF991YFU1N9QIQQRHH5SABKUU5,AssignmentAccepted
3,2018-12-14 18:44:04.81643,,,,,,f,,{},3B837J3LDPPM6IP5PR0MX50KIFVSRJ,AssignmentAccepted
4,2018-12-14 18:44:04.94645,,,,,,f,,{},3TYCR1GOTDC84WG6FZXY7MOOZ26LZR,AssignmentAccepted
5,2018-12-14 18:44:05.369362,,,,,,f,,{},3M1CVSFP61YIULOBVCPV7FW90NMQAK,AssignmentAccepted
6,2018-12-14 18:44:08.620231,,,,,,f,,{},36ZN444YTSRUFRUTSNP4Z8PSYU9OIE,AssignmentAccepted
7,2018-12-14 18:44:08.656355,,,,,,f,,{},317HQ483I8LCX6UHR8PRKJPN8K4INT,AssignmentAccepted
8,2018-12-14 18:44:10.088854,,,,,,f,,{},3F6HPJW4JETY9FPTU6VMTMVXC0C2WU,AssignmentAccepted
9,2018-12-14 18:44:50.107764,,,,,,f,,{},3SBEHTYCWOW695YVYAY21ZNUC45IYG,AssignmentSubmitted
10,2018-12-14 18:46:20.894126,,,,,,f,,{},3ATTHHXXWBHH908LTEC0ILGLAYBIXA,AssignmentSubmitted
11,2018-12-14 18:46:29.716415,,,,,,f,,{},3TYCR1GOTDC84WG6FZXY7MOOZ26LZR,AssignmentReturned
12,2018-12-14 18:46:49.864365,,,,,,f,,{},3H7XDTSHKDKOO9X0TLGBVQPYMJGWG6,AssignmentAccepted
13,2018-12-14 18:50:07.872723,,,,,,f,,{},317HQ483I8LCX6UHR8PRKJPN8K4INT,AssignmentReturned
14,2018-12-14 18:50:13.985876,,,,,,f,,{},317HQ483I8LCX6UHR8PRKJPN8K4INT,AssignmentAccepted
15,2018-12-14 18:50:17.107278,,,,,,f,,{},3F6HPJW4JETY9FPTU6VMTMVXC0C2WU,AssignmentSubmitted
16,2018-12-14 18:50:35.709179,,,,,,f,,{},317HQ483I8LCX6UHR8PRKJPN8K4INT,AssignmentSubmitted
17,2018-12-14 18:56:18.625348,,,,,,f,,{},3H7XDTSHKDKOO9X0TLGBVQPYMJGWG6,AssignmentSubmitted
18,2018-12-14 18:58:27.553133,,,,,,f,,{},3TGOYF991YFU1N9QIQQRHH5SABKUU5,AssignmentSubmitted
19,2018-12-14 18:58:35.359106,,,,,,f,,{},3HRMW88U17JV8TS1BHLL100RH0DM02,AssignmentSubmitted
20,2018-12-14 18:58:35.427741,,,,,,f,,{},36ZN444YTSRUFRUTSNP4Z8PSYU9OIE,AssignmentSubmitted
21,2018-12-14 19:01:38.865679,,,,,,f,,{},3M1CVSFP61YIULOBVCPV7FW90NMQAK,AssignmentSubmitted
