id,creation_time,property1,property2,property3,property4,property5,failed,time_of_death,details,type,fingerprint_hash,recruiter_id,worker_id,assignment_id,unique_id,hit_id,mode,end_time,base_pay,bonus,status
3,2018-12-14 18:48:02.399464,,,,,,f,,{},participant,undefined,mturk,3,36ZN444YTSRUFRUTSNP4Z8PSYU9OIE,3:36ZN444YTSRUFRUTSNP4Z8PSYU9OIE,338GLSUI434MG8M28UVQSWQEY83SF6,undefined,2018-12-14 18:58:35.433727,1,1.9,approved
5,2018-12-14 18:49:54.782492,,,,,,f,,{},participant,undefined,mturk,5,3F6HPJW4JETY9FPTU6VMTMVXC0C2WU,5:3F6HPJW4JETY9FPTU6VMTMVXC0C2WU,338GLSUI434MG8M28UVQSWQEY83SF6,undefined,2018-12-14 18:50:17.112799,1,0,approved
1,2018-12-14 18:44:26.350056,,,,,,f,,{},participant,undefined,mturk,1,3M1CVSFP61YIULOBVCPV7FW90NMQAK,1:3M1CVSFP61YIULOBVCPV7FW90NMQAK,338GLSUI434MG8M28UVQSWQEY83SF6,undefined,2018-12-14 19:01:38.871048,1,1.9,approved
6,2018-12-14 18:50:26.121366,,,,,,f,,{},participant,undefined,mturk,6,317HQ483I8LCX6UHR8PRKJPN8K4INT,6:317HQ483I8LCX6UHR8PRKJPN8K4INT,338GLSUI434MG8M28UVQSWQEY83SF6,undefined,2018-12-14 18:50:35.715413,1,0,approved
8,2018-12-14 19:10:00.819618,,,,,,f,,{},participant,undefined,mturk,8,3B837J3LDPPM6IP5PR0MX50KIFVSRJ,8:3B837J3LDPPM6IP5PR0MX50KIFVSRJ,338GLSUI434MG8M28UVQSWQEY83SF6,undefined,2018-12-14 19:10:03.001259,,,overrecruited
7,2018-12-14 18:56:13.067076,,,,,,f,,{},participant,undefined,mturk,7,3H7XDTSHKDKOO9X0TLGBVQPYMJGWG6,7:3H7XDTSHKDKOO9X0TLGBVQPYMJGWG6,338GLSUI434MG8M28UVQSWQEY83SF6,undefined,2018-12-14 18:56:18.631257,1,0,approved
2,2018-12-14 18:44:58.376599,,,,,,f,,{},participant,undefined,mturk,2,3TGOYF991YFU1N9QIQQRHH5SABKUU5,2:3TGOYF991YFU1N9QIQQRHH5SABKUU5,338GLSUI434MG8M28UVQSWQEY83SF6,undefined,2018-12-14 18:58:27.558477,1,1.9,approved
4,2018-12-14 18:48:12.390502,,,,,,f,,{},participant,undefined,mturk,4,3HRMW88U17JV8TS1BHLL100RH0DM02,4:3HRMW88U17JV8TS1BHLL100RH0DM02,338GLSUI434MG8M28UVQSWQEY83SF6,undefined,2018-12-14 18:58:35.36455,1,1.9,approved
