id,creation_time,property1,property2,property3,property4,property5,failed,time_of_death,details,type,participant_id,number,question,response
1,2018-12-14 18:58:21.461197,,,,,,f,,{},question,2,1,questionnaire,"{""engagement"":""4"",""difficulty"":""4""}"
2,2018-12-14 18:58:24.154031,,,,,,f,,{},question,4,1,questionnaire,"{""engagement"":""7"",""difficulty"":""5""}"
3,2018-12-14 18:58:27.575066,,,,,,f,,{},question,1,1,questionnaire,"{""engagement"":""7"",""difficulty"":""4""}"
4,2018-12-14 18:58:27.945552,,,,,,f,,{},question,3,1,questionnaire,"{""engagement"":""7"",""difficulty"":""2""}"
