id,creation_time,property1,property2,property3,property4,property5,failed,time_of_death,details,assignment_id,event_type
1,2018-12-14 17:06:02.139338,,,,,,f,,{},3QECW5O0KIUYGV4MHKS949RASF55TQ,AssignmentAccepted
2,2018-12-14 17:06:02.163394,,,,,,f,,{},3JAOYWH7VJXTY5YTB13ZUYMVKY2L9U,AssignmentAccepted
3,2018-12-14 17:06:02.1856,,,,,,f,,{},3B2X28YI3X8U3DAJMHBTWLZOI3GB6M,AssignmentAccepted
4,2018-12-14 17:06:02.208962,,,,,,f,,{},3LPW2N6LKUVDG8JBHPIJ95DCBTC5UH,AssignmentAccepted
5,2018-12-14 17:06:02.233935,,,,,,f,,{},3L70J4KAZHFO5CK6QQJB7GPAH7IDAL,AssignmentAccepted
6,2018-12-14 17:06:02.256598,,,,,,f,,{},3JPSL1DZ5TSXROBJFKXE3L14VBKNAD,AssignmentAccepted
7,2018-12-14 17:06:05.119928,,,,,,f,,{},3EQHHY4HQTLUBQIGXKT25QCL2LXG5S,AssignmentAccepted
8,2018-12-14 17:06:05.200002,,,,,,f,,{},3WQQ9FUS6BNH7RT7FW8RGZVFOY6B88,AssignmentAccepted
9,2018-12-14 17:06:05.225581,,,,,,f,,{},3E7TUJ2EGDFA0TA1YK5BBLEQBP0D96,AssignmentAccepted
10,2018-12-14 17:06:07.285681,,,,,,f,,{},3X3OR7WPZ0TTK0FJ69XLU2RK0SKL85,AssignmentAccepted
11,2018-12-14 17:06:07.317941,,,,,,f,,{},3CPLWGV3MPSJM51ENEJE7QQKPT2N9Y,AssignmentAccepted
12,2018-12-14 17:06:07.355921,,,,,,f,,{},3QAVNHZ3ENX73O8Y37HZQTXFQGKLA9,AssignmentAccepted
13,2018-12-14 17:06:08.147422,,,,,,f,,{},3V5Q80FXIYK1IHN5KMKKOPK0E61326,AssignmentAccepted
14,2018-12-14 17:06:08.177374,,,,,,f,,{},369J354OFE3QUUIU2337XWQLYG8G68,AssignmentAccepted
15,2018-12-14 17:06:08.209218,,,,,,f,,{},38SKSKU7R2QM96RWFV9C7RLY3OPILA,AssignmentAccepted
16,2018-12-14 17:06:08.242213,,,,,,f,,{},3NG53N1RLWCJBLUHY1QSBJ0452L8PQ,AssignmentAccepted
17,2018-12-14 17:06:54.259625,,,,,,f,,{},3B1NLC6UG0PY400ZHZ2G3WH2TLYGPE,AssignmentAccepted
18,2018-12-14 17:08:51.232958,,,,,,f,,{},3MB8LZR5BGMDF1HKFYUOK70BVSBKLK,AssignmentSubmitted
19,2018-12-14 17:10:55.144189,,,,,,f,,{},3V0Z7YWSIZTLUQPO4WQQ7KCJ5QS2V0,AssignmentSubmitted
20,2018-12-14 17:11:05.301594,,,,,,f,,{},39PAAFCODNTFEPJ1NBAM87L9535VTL,AssignmentSubmitted
21,2018-12-14 17:11:05.333016,,,,,,f,,{},3OCHAWUVGPD8FVY9THXCV1VY21MKX7,AssignmentSubmitted
22,2018-12-14 17:11:05.373693,,,,,,f,,{},3S0TNUHWKUBAMORRTSZXBPJFRJH8DB,AssignmentSubmitted
23,2018-12-14 17:11:05.461523,,,,,,f,,{},3CTOC39K38JJPWM0TJT20NIXLJ27JV,AssignmentSubmitted
24,2018-12-14 17:11:12.946251,,,,,,f,,{},3RXCAC0YISIDY81IVI05HAMC4BWG8S,AssignmentSubmitted
25,2018-12-14 17:11:12.985394,,,,,,f,,{},3KGTPGBS6YELHB0OZ6GLBYA0RJJ2UB,AssignmentSubmitted
26,2018-12-14 17:11:26.144468,,,,,,f,,{},3OB0CAO74II6DANBSSGH1NMFCQ9YHK,AssignmentSubmitted
27,2018-12-14 17:11:51.582097,,,,,,f,,{},38SKSKU7R2QM96RWFV9C7RLY3OPILA,AssignmentAccepted
28,2018-12-14 17:11:51.614958,,,,,,f,,{},38SKSKU7R2QM96RWFV9C7RLY3OPILA,AssignmentReturned
29,2018-12-14 17:11:54.217886,,,,,,f,,{},3F6HPJW4JETY9FPTU6VMTMVXCZU2WA,AssignmentSubmitted
30,2018-12-14 17:12:01.983995,,,,,,f,,{},36U2A8VAG2SXF0OJYDJEEF2747GKYD,AssignmentSubmitted
31,2018-12-14 17:12:02.022456,,,,,,f,,{},369J354OFE3QUUIU2337XWQLYG8G68,AssignmentSubmitted
32,2018-12-14 17:13:39.983643,,,,,,f,,{},3JPSL1DZ5TSXROBJFKXE3L14VBKNAD,AssignmentSubmitted
33,2018-12-14 17:15:50.227754,,,,,,f,,{},3K5TEWLKGW4P5B3QTZBIU0J0UMLIVN,AssignmentSubmitted
34,2018-12-14 17:16:49.233608,,,,,,f,,{},3QAVNHZ3ENX73O8Y37HZQTXFQGKLA9,AssignmentSubmitted
35,2018-12-14 17:17:36.328357,,,,,,f,,{},3HMIGG0U4MZDKZMIPOMBOATG97PY8B,AssignmentAccepted
36,2018-12-14 17:17:37.479264,,,,,,f,,{},3XLBSAQ9Z559PBR4B5WOOH6N4HK7ZL,AssignmentSubmitted
37,2018-12-14 17:21:37.516824,,,,,,f,,{},3V5Q80FXIYK1IHN5KMKKOPK0E61326,AssignmentSubmitted
38,2018-12-14 17:21:37.586744,,,,,,f,,{},3NG53N1RLWCJBLUHY1QSBJ0452L8PQ,AssignmentSubmitted
39,2018-12-14 17:21:56.115696,,,,,,f,,{},3B2X28YI3X8U3DAJMHBTWLZOI3GB6M,AssignmentSubmitted
40,2018-12-14 17:21:56.197078,,,,,,f,,{},3L70J4KAZHFO5CK6QQJB7GPAH7IDAL,AssignmentSubmitted
41,2018-12-14 17:21:56.271997,,,,,,f,,{},3WQQ9FUS6BNH7RT7FW8RGZVFOY6B88,AssignmentSubmitted
42,2018-12-14 17:22:23.829153,,,,,,f,,{},3EQHHY4HQTLUBQIGXKT25QCL2LXG5S,AssignmentSubmitted
43,2018-12-14 17:22:23.887569,,,,,,f,,{},3LPW2N6LKUVDG8JBHPIJ95DCBTC5UH,AssignmentSubmitted
44,2018-12-14 17:22:23.955183,,,,,,f,,{},3CPLWGV3MPSJM51ENEJE7QQKPT2N9Y,AssignmentSubmitted
45,2018-12-14 17:22:24.061675,,,,,,f,,{},3HMIGG0U4MZDKZMIPOMBOATG97PY8B,AssignmentSubmitted
46,2018-12-14 17:26:27.525968,,,,,,f,,{},3483FV8BEFC0F0AN3OIIVSWKOX162D,AssignmentSubmitted
47,2018-12-14 17:26:38.416157,,,,,,f,,{},3X3OR7WPZ0TTK0FJ69XLU2RK0SKL85,AssignmentReturned
48,2018-12-14 17:26:39.759668,,,,,,f,,{},3M0NZ3JDP2RU27DLNCHRQXSRDBP5Z4,AssignmentSubmitted
49,2018-12-14 17:27:04.402072,,,,,,f,,{},3OF2M9AATHHXKQYOUZLXSMB9A1KKZ4,AssignmentSubmitted
50,2018-12-14 17:27:07.550658,,,,,,f,,{},3X3OR7WPZ0TTK0FJ69XLU2RK0SKL85,AssignmentAccepted
51,2018-12-14 17:28:25.707439,,,,,,f,,{},3QECW5O0KIUYGV4MHKS949RASF55TQ,AssignmentReturned
52,2018-12-14 17:29:07.548018,,,,,,f,,{},3OE22WJIGJH29U291H6M7G837P2UQM,AssignmentAccepted
53,2018-12-14 17:29:36.771315,,,,,,f,,{},3X3OR7WPZ0TTK0FJ69XLU2RK0SKL85,AssignmentSubmitted
54,2018-12-14 17:29:36.824746,,,,,,f,,{},3OE22WJIGJH29U291H6M7G837P2UQM,AssignmentSubmitted
55,2018-12-14 17:36:21.675965,,,,,,f,,{},3JAOYWH7VJXTY5YTB13ZUYMVKY2L9U,AssignmentAbandoned
56,2018-12-14 17:36:26.378699,,,,,,f,,{},3B1NLC6UG0PY400ZHZ2G3WH2TLYGPE,AssignmentReturned
57,2018-12-14 17:36:28.475909,,,,,,f,,{},3B1NLC6UG0PY400ZHZ2G3WH2TLYGPE,AssignmentAccepted
58,2018-12-14 17:36:29.978883,,,,,,f,,{},3E7TUJ2EGDFA0TA1YK5BBLEQBP0D96,AssignmentAbandoned
59,2018-12-14 17:36:41.032314,,,,,,f,,{},3JAOYWH7VJXTY5YTB13ZUYMVKY2L9U,AssignmentAccepted
60,2018-12-14 17:41:02.434387,,,,,,f,,{},3B1NLC6UG0PY400ZHZ2G3WH2TLYGPE,AssignmentReturned
61,2018-12-14 17:41:12.492145,,,,,,f,,{},3B1NLC6UG0PY400ZHZ2G3WH2TLYGPE,AssignmentAccepted
62,2018-12-14 18:00:20.616934,,,,,,f,,{},3JAOYWH7VJXTY5YTB13ZUYMVKY2L9U,AssignmentReturned
63,2018-12-14 18:11:18.217061,,,,,,f,,{},3B1NLC6UG0PY400ZHZ2G3WH2TLYGPE,AssignmentAbandoned
64,2018-12-14 18:11:25.487616,,,,,,f,,{},3B1NLC6UG0PY400ZHZ2G3WH2TLYGPE,AssignmentAccepted
