id,creation_time,property1,property2,property3,property4,property5,failed,time_of_death,details,type,fingerprint_hash,recruiter_id,worker_id,assignment_id,unique_id,hit_id,mode,end_time,base_pay,bonus,status
13,2018-12-14 17:29:30.231269,,,,,,f,,{},participant,undefined,mturk,13,3OE22WJIGJH29U291H6M7G837P2UQM,13:3OE22WJIGJH29U291H6M7G837P2UQM,311HQEI8RS962RTAL3RM0XA0NZBZ75,undefined,2018-12-14 17:29:36.830073,1,0,approved
9,2018-12-14 17:11:57.729434,,,,,,f,,{},participant,undefined,mturk,9,369J354OFE3QUUIU2337XWQLYG8G68,9:369J354OFE3QUUIU2337XWQLYG8G68,311HQEI8RS962RTAL3RM0XA0NZBZ75,undefined,2018-12-14 17:12:02.028457,1,0,approved
10,2018-12-14 17:13:27.210948,,,,,,f,,{},participant,undefined,mturk,10,3JPSL1DZ5TSXROBJFKXE3L14VBKNAD,10:3JPSL1DZ5TSXROBJFKXE3L14VBKNAD,311HQEI8RS962RTAL3RM0XA0NZBZ75,undefined,2018-12-14 17:13:39.98892,1,0,approved
11,2018-12-14 17:16:39.052871,,,,,,f,,{},participant,undefined,mturk,11,3QAVNHZ3ENX73O8Y37HZQTXFQGKLA9,11:3QAVNHZ3ENX73O8Y37HZQTXFQGKLA9,311HQEI8RS962RTAL3RM0XA0NZBZ75,undefined,2018-12-14 17:16:49.238639,1,0,approved
1,2018-12-14 17:06:11.848272,,,,,,f,,{},participant,undefined,mturk,1,3NG53N1RLWCJBLUHY1QSBJ0452L8PQ,1:3NG53N1RLWCJBLUHY1QSBJ0452L8PQ,311HQEI8RS962RTAL3RM0XA0NZBZ75,undefined,2018-12-14 17:21:37.592873,1,1.77,approved
14,2018-12-14 17:36:12.698484,,,,,,f,,{},participant,undefined,mturk,14,38SKSKU7R2QM96RWFV9C7RLY3OPILA,14:38SKSKU7R2QM96RWFV9C7RLY3OPILA,311HQEI8RS962RTAL3RM0XA0NZBZ75,undefined,2018-12-14 17:36:19.59097,,,overrecruited
8,2018-12-14 17:11:26.896989,,,,,,f,,{},participant,undefined,mturk,8,3WQQ9FUS6BNH7RT7FW8RGZVFOY6B88,8:3WQQ9FUS6BNH7RT7FW8RGZVFOY6B88,311HQEI8RS962RTAL3RM0XA0NZBZ75,undefined,2018-12-14 17:21:56.278763,1,1.69,approved
15,2018-12-14 17:37:32.034737,,,,,,f,,{},participant,undefined,mturk,15,39LNWE0K4VPPSWEQO91DYEHHGFNIU9,15:39LNWE0K4VPPSWEQO91DYEHHGFNIU9,311HQEI8RS962RTAL3RM0XA0NZBZ75,undefined,2018-12-14 17:37:40.791807,,,overrecruited
4,2018-12-14 17:08:57.513506,,,,,,f,,{},participant,undefined,mturk,4,3EQHHY4HQTLUBQIGXKT25QCL2LXG5S,4:3EQHHY4HQTLUBQIGXKT25QCL2LXG5S,311HQEI8RS962RTAL3RM0XA0NZBZ75,undefined,2018-12-14 17:22:23.83466,1,1.77,approved
3,2018-12-14 17:06:23.717445,,,,,,f,,{},participant,undefined,mturk,3,3LPW2N6LKUVDG8JBHPIJ95DCBTC5UH,3:3LPW2N6LKUVDG8JBHPIJ95DCBTC5UH,311HQEI8RS962RTAL3RM0XA0NZBZ75,undefined,2018-12-14 17:22:23.892869,1,1.77,approved
6,2018-12-14 17:10:34.646046,,,,,,f,,{},participant,undefined,mturk,6,3CPLWGV3MPSJM51ENEJE7QQKPT2N9Y,6:3CPLWGV3MPSJM51ENEJE7QQKPT2N9Y,311HQEI8RS962RTAL3RM0XA0NZBZ75,undefined,2018-12-14 17:22:23.960468,1,1.69,approved
2,2018-12-14 17:06:20.257485,,,,,,f,,{},participant,undefined,mturk,2,3V5Q80FXIYK1IHN5KMKKOPK0E61326,2:3V5Q80FXIYK1IHN5KMKKOPK0E61326,311HQEI8RS962RTAL3RM0XA0NZBZ75,undefined,2018-12-14 17:21:37.522142,1,1.69,approved
5,2018-12-14 17:09:23.210713,,,,,,f,,{},participant,undefined,mturk,5,3L70J4KAZHFO5CK6QQJB7GPAH7IDAL,5:3L70J4KAZHFO5CK6QQJB7GPAH7IDAL,311HQEI8RS962RTAL3RM0XA0NZBZ75,undefined,2018-12-14 17:21:56.204597,1,1.69,approved
7,2018-12-14 17:11:05.861421,,,,,,f,,{},participant,undefined,mturk,7,3B2X28YI3X8U3DAJMHBTWLZOI3GB6M,7:3B2X28YI3X8U3DAJMHBTWLZOI3GB6M,311HQEI8RS962RTAL3RM0XA0NZBZ75,undefined,2018-12-14 17:21:56.122081,1,1.77,approved
16,2018-12-14 18:01:21.983394,,,,,,f,,{},participant,undefined,mturk,16,3JC6VJ2SACCT1Z5DBK1S941I4RTA5L,16:3JC6VJ2SACCT1Z5DBK1S941I4RTA5L,311HQEI8RS962RTAL3RM0XA0NZBZ75,undefined,2018-12-14 18:01:25.522226,,,overrecruited
12,2018-12-14 17:28:58.133602,,,,,,f,,{},participant,undefined,mturk,12,3X3OR7WPZ0TTK0FJ69XLU2RK0SKL85,12:3X3OR7WPZ0TTK0FJ69XLU2RK0SKL85,311HQEI8RS962RTAL3RM0XA0NZBZ75,undefined,2018-12-14 17:29:36.776972,1,0,approved
