id,creation_time,property1,property2,property3,property4,property5,failed,time_of_death,details,type,participant_id,number,question,response
1,2018-12-14 17:21:32.822609,,,,,,f,,{},question,2,1,questionnaire,"{""engagement"":""7"",""difficulty"":""1""}"
2,2018-12-14 17:21:34.651219,,,,,,f,,{},question,1,1,questionnaire,"{""engagement"":""3"",""difficulty"":""5""}"
3,2018-12-14 17:21:37.265269,,,,,,f,,{},question,7,1,questionnaire,"{""engagement"":""7"",""difficulty"":""6""}"
4,2018-12-14 17:21:41.709025,,,,,,f,,{},question,5,1,questionnaire,"{""engagement"":""7"",""difficulty"":""3""}"
5,2018-12-14 17:21:44.802912,,,,,,f,,{},question,8,1,questionnaire,"{""engagement"":""7"",""difficulty"":""5""}"
6,2018-12-14 17:21:50.054753,,,,,,f,,{},question,4,1,questionnaire,"{""engagement"":""7"",""difficulty"":""4""}"
7,2018-12-14 17:21:50.263006,,,,,,f,,{},question,3,1,questionnaire,"{""engagement"":""7"",""difficulty"":""4""}"
8,2018-12-14 17:21:54.000684,,,,,,f,,{},question,6,1,questionnaire,"{""engagement"":""2"",""difficulty"":""1""}"
