id,creation_time,property1,property2,property3,property4,property5,failed,time_of_death,details,assignment_id,event_type
1,2018-12-14 17:38:43.180094,,,,,,f,,{},38YMOXR4MVSMRG8UH87PJZC9S436W2,AssignmentAccepted
2,2018-12-14 17:38:43.209985,,,,,,f,,{},32VNZTT0A8X34XNUZQ44Z2KE4YIR4Z,AssignmentAccepted
3,2018-12-14 17:38:43.23785,,,,,,f,,{},3TE3O857311T1J87VCLG6NNGKKMR23,AssignmentAccepted
4,2018-12-14 17:38:43.264579,,,,,,f,,{},32Z9ZLUT1MDUJWJ9M57JZWODYGKHO2,AssignmentAccepted
5,2018-12-14 17:38:44.363354,,,,,,f,,{},3HVVDCPGTFLWIJE6SMX6F6P3NKEYT4,AssignmentAccepted
6,2018-12-14 17:38:44.39559,,,,,,f,,{},3MTMREQS4WBNEIKX7LO1Z4EVONTWAI,AssignmentAccepted
7,2018-12-14 17:38:44.425297,,,,,,f,,{},3VJ40NV2QJGKO5A4MZO8DFR19AFTOO,AssignmentAccepted
8,2018-12-14 17:38:44.50084,,,,,,f,,{},3YT88D1N09RWZXRV9SQOOL6UV6SK3E,AssignmentAccepted
9,2018-12-14 17:38:44.530106,,,,,,f,,{},351SEKWQS1AP7DTVNT9GG7KABOCMDJ,AssignmentAccepted
10,2018-12-14 17:38:44.557881,,,,,,f,,{},37WLF8U1WQJVWGEDSUOMVOIE5XUK6K,AssignmentAccepted
11,2018-12-14 17:38:44.585907,,,,,,f,,{},3M0BCWMB8WPSXSPPDZOXUFY165EWBD,AssignmentAccepted
12,2018-12-14 17:38:44.613932,,,,,,f,,{},3U5NZHP4LSVC4WVA15KYOWT38LGHPJ,AssignmentAccepted
13,2018-12-14 17:38:44.643024,,,,,,f,,{},3EG49X351V51GGDKRD3BLIQG1696XV,AssignmentAccepted
14,2018-12-14 17:38:54.524326,,,,,,f,,{},3SKEMFQBZ4YI0UX1L9LKF2E5BSKK86,AssignmentAccepted
15,2018-12-14 17:39:04.288065,,,,,,f,,{},3A9AA95ATXF0O3BF03JPZZQD3CPP5A,AssignmentAccepted
16,2018-12-14 17:39:04.319506,,,,,,f,,{},3QJOXOW4XKKUZJ7VJOK0MP2VB0DMEC,AssignmentAccepted
17,2018-12-14 17:41:24.971014,,,,,,f,,{},37TD41K0AI2I0G0M7UAR8A1YIDHSC0,AssignmentSubmitted
18,2018-12-14 17:42:09.232558,,,,,,f,,{},3LQ8PUHQFMLKNA86OAUEFZSRM7MIH9,AssignmentAccepted
19,2018-12-14 17:44:05.775174,,,,,,f,,{},3TE3O857311T1J87VCLG6NNGKKMR23,AssignmentReturned
20,2018-12-14 17:45:02.271271,,,,,,f,,{},3I2PTA7R3UNO6YXX732K1TZ55Y7KQI,AssignmentAccepted
21,2018-12-14 17:46:20.072248,,,,,,f,,{},3SEPORI8WOSR8DP2I888Y88D5PWZAA,AssignmentSubmitted
22,2018-12-14 17:46:20.123309,,,,,,f,,{},3GNCZX450JGXU9NWVZA67A6ZVQPPAF,AssignmentSubmitted
23,2018-12-14 17:46:20.163692,,,,,,f,,{},3E4GGUZ1T9K7EFVC5SCJ5B12PSRK22,AssignmentSubmitted
24,2018-12-14 17:46:26.879704,,,,,,f,,{},3WS1NTTKEZ5P2J0KPUH86AGIKYQF0B,AssignmentSubmitted
25,2018-12-14 17:46:26.917794,,,,,,f,,{},39ASUFLU6Y05TV6ZXVM9X6ITI4WEXN,AssignmentSubmitted
26,2018-12-14 17:46:43.77962,,,,,,f,,{},3SNLUL3WO5GRIXMW9CYQQU99XJGULY,AssignmentSubmitted
27,2018-12-14 17:46:43.817568,,,,,,f,,{},39DD6S19JQ4UYQ6EYDAUURY4Q4UEZK,AssignmentSubmitted
28,2018-12-14 17:46:52.790313,,,,,,f,,{},3TXWC2NHN0JG2ITJVA006K0QCSES9J,AssignmentSubmitted
29,2018-12-14 17:46:59.109189,,,,,,f,,{},3I2PTA7R3UNO6YXX732K1TZ55Y7KQI,AssignmentReturned
30,2018-12-14 18:08:47.472286,,,,,,f,,{},32VNZTT0A8X34XNUZQ44Z2KE4YIR4Z,AssignmentAbandoned
31,2018-12-14 18:08:52.156282,,,,,,f,,{},32VNZTT0A8X34XNUZQ44Z2KE4YIR4Z,AssignmentAccepted
32,2018-12-14 18:08:57.626836,,,,,,f,,{},3VJ40NV2QJGKO5A4MZO8DFR19AFTOO,AssignmentAbandoned
33,2018-12-14 18:08:57.657449,,,,,,f,,{},351SEKWQS1AP7DTVNT9GG7KABOCMDJ,AssignmentAbandoned
