id,creation_time,property1,property2,property3,property4,property5,failed,time_of_death,details,type,fingerprint_hash,recruiter_id,worker_id,assignment_id,unique_id,hit_id,mode,end_time,base_pay,bonus,status
9,2018-12-14 17:47:05.47437,,,,,,f,,{},participant,undefined,mturk,9,3YT88D1N09RWZXRV9SQOOL6UV6SK3E,9:3YT88D1N09RWZXRV9SQOOL6UV6SK3E,3D17ECOUOEOR6C7FBGF4VME85IG13H,undefined,2018-12-14 17:47:08.031303,,,overrecruited
10,2018-12-14 17:49:44.935844,,,,,,f,,{},participant,undefined,mturk,10,33FOTY3KENEI6W1SUBV7C9EPSD7C13,10:33FOTY3KENEI6W1SUBV7C9EPSD7C13,3D17ECOUOEOR6C7FBGF4VME85IG13H,undefined,2018-12-14 17:49:50.465274,,,overrecruited
11,2018-12-14 17:50:15.03406,,,,,,f,,{},participant,undefined,mturk,11,3MTMREQS4WBNEIKX7LO1Z4EVONTWAI,11:3MTMREQS4WBNEIKX7LO1Z4EVONTWAI,3D17ECOUOEOR6C7FBGF4VME85IG13H,undefined,2018-12-14 17:50:19.353205,,,overrecruited
12,2018-12-14 17:55:57.585127,,,,,,f,,{},participant,undefined,mturk,12,3HVVDCPGTFLWIJE6SMX6F6P3NKEYT4,12:3HVVDCPGTFLWIJE6SMX6F6P3NKEYT4,3D17ECOUOEOR6C7FBGF4VME85IG13H,undefined,2018-12-14 17:56:00.741072,,,overrecruited
3,2018-12-14 17:40:18.739163,,,,,,f,,{},participant,undefined,mturk,3,3SKEMFQBZ4YI0UX1L9LKF2E5BSKK86,3:3SKEMFQBZ4YI0UX1L9LKF2E5BSKK86,3D17ECOUOEOR6C7FBGF4VME85IG13H,undefined,2018-12-14 17:56:48.195032,,,approved
4,2018-12-14 17:40:35.238225,,,,,,f,,{},participant,undefined,mturk,4,3U5NZHP4LSVC4WVA15KYOWT38LGHPJ,4:3U5NZHP4LSVC4WVA15KYOWT38LGHPJ,3D17ECOUOEOR6C7FBGF4VME85IG13H,undefined,2018-12-14 17:57:40.973373,,,approved
13,2018-12-14 18:02:08.573145,,,,,,f,,{},participant,undefined,mturk,13,3QJOXOW4XKKUZJ7VJOK0MP2VB0DMEC,13:3QJOXOW4XKKUZJ7VJOK0MP2VB0DMEC,3D17ECOUOEOR6C7FBGF4VME85IG13H,undefined,2018-12-14 18:02:11.801335,,,overrecruited
14,2018-12-14 18:10:06.869243,,,,,,f,,{},participant,undefined,mturk,14,34X6J5FLPURTVERFPI280EZSQABQJV,14:34X6J5FLPURTVERFPI280EZSQABQJV,3D17ECOUOEOR6C7FBGF4VME85IG13H,undefined,2018-12-14 18:10:10.557366,,,overrecruited
1,2018-12-14 17:39:06.701664,,,,,,f,,{},participant,undefined,mturk,1,32Z9ZLUT1MDUJWJ9M57JZWODYGKHO2,1:32Z9ZLUT1MDUJWJ9M57JZWODYGKHO2,3D17ECOUOEOR6C7FBGF4VME85IG13H,undefined,2018-12-14 17:57:00.49283,,,approved
15,2018-12-14 18:11:37.768287,,,,,,f,,{},participant,undefined,mturk,15,3WOKGM4L729J8WDDOX0YT4PWC0NO0E,15:3WOKGM4L729J8WDDOX0YT4PWC0NO0E,3D17ECOUOEOR6C7FBGF4VME85IG13H,undefined,2018-12-14 18:11:39.597939,,,overrecruited
2,2018-12-14 17:39:42.537192,,,,,,f,,{},participant,undefined,mturk,2,3M0BCWMB8WPSXSPPDZOXUFY165EWBD,2:3M0BCWMB8WPSXSPPDZOXUFY165EWBD,3D17ECOUOEOR6C7FBGF4VME85IG13H,undefined,2018-12-14 17:56:53.661522,,,approved
5,2018-12-14 17:42:25.325936,,,,,,f,,{},participant,undefined,mturk,5,3A9AA95ATXF0O3BF03JPZZQD3CPP5A,5:3A9AA95ATXF0O3BF03JPZZQD3CPP5A,3D17ECOUOEOR6C7FBGF4VME85IG13H,undefined,2018-12-14 17:50:17.940723,,,approved
16,2018-12-14 18:15:31.038265,,,,,,f,,{},participant,undefined,mturk,16,32VNZTT0A8X34XNUZQ44Z2KE4YIR4Z,16:32VNZTT0A8X34XNUZQ44Z2KE4YIR4Z,3D17ECOUOEOR6C7FBGF4VME85IG13H,undefined,2018-12-14 18:15:32.77998,,,overrecruited
6,2018-12-14 17:44:47.917128,,,,,,f,,{},participant,undefined,mturk,6,38YMOXR4MVSMRG8UH87PJZC9S436W2,6:38YMOXR4MVSMRG8UH87PJZC9S436W2,3D17ECOUOEOR6C7FBGF4VME85IG13H,undefined,2018-12-14 17:56:57.870113,,,approved
7,2018-12-14 17:46:22.85699,,,,,,f,,{},participant,undefined,mturk,7,3EG49X351V51GGDKRD3BLIQG1696XV,7:3EG49X351V51GGDKRD3BLIQG1696XV,3D17ECOUOEOR6C7FBGF4VME85IG13H,undefined,2018-12-14 17:56:46.148985,,,approved
8,2018-12-14 17:46:38.970987,,,,,,f,,{},participant,undefined,mturk,8,37WLF8U1WQJVWGEDSUOMVOIE5XUK6K,8:37WLF8U1WQJVWGEDSUOMVOIE5XUK6K,3D17ECOUOEOR6C7FBGF4VME85IG13H,undefined,2018-12-14 18:00:48.367492,,,approved
