id,creation_time,property1,property2,property3,property4,property5,failed,time_of_death,details,type,participant_id,number,question,response
1,2018-12-14 17:50:17.804374,,,,,,f,,{},question,5,1,questionnaire,"{""engagement"":""6"",""difficulty"":""5""}"
2,2018-12-14 17:56:46.012786,,,,,,f,,{},question,7,1,questionnaire,"{""engagement"":""5"",""difficulty"":""5""}"
3,2018-12-14 17:56:48.065742,,,,,,f,,{},question,3,1,questionnaire,"{""engagement"":""7"",""difficulty"":""6""}"
4,2018-12-14 17:56:53.144086,,,,,,f,,{},question,2,1,questionnaire,"{""engagement"":""6"",""difficulty"":""5""}"
5,2018-12-14 17:56:57.560202,,,,,,f,,{},question,6,1,questionnaire,"{""engagement"":""6"",""difficulty"":""5""}"
6,2018-12-14 17:57:00.013142,,,,,,f,,{},question,1,1,questionnaire,"{""engagement"":""7"",""difficulty"":""1""}"
7,2018-12-14 17:57:39.883688,,,,,,f,,{},question,4,1,questionnaire,"{""engagement"":""7"",""difficulty"":""5""}"
8,2018-12-14 18:00:48.193604,,,,,,f,,{},question,8,1,questionnaire,"{""engagement"":""7"",""difficulty"":""6""}"
