id,creation_time,property1,property2,property3,property4,property5,failed,time_of_death,details,assignment_id,event_type
1,2018-12-14 15:39:48.718252,,,,,,f,,{},3X31TUMD7YFB90VY7OO6FS4CMMZL16,AssignmentAccepted
2,2018-12-14 15:39:48.751434,,,,,,f,,{},3U8YCDAGXQ9MT8QT3AS2I9KWR0GQ0X,AssignmentAccepted
3,2018-12-14 15:39:48.778445,,,,,,f,,{},3R9WASFE209M446ATOU0C9J425QZF4,AssignmentAccepted
4,2018-12-14 15:39:48.810582,,,,,,f,,{},3JNQLM5FT5FIYLDUQSOKKBEHESDL2N,AssignmentAccepted
5,2018-12-14 15:39:48.841571,,,,,,f,,{},31IBVUNM9TS5VK10SR5XR368EUKFVK,AssignmentAccepted
6,2018-12-14 15:39:48.872109,,,,,,f,,{},36W0OB37HX76I0XGOEI0FUVHIK3ZH2,AssignmentAccepted
7,2018-12-14 15:39:48.906471,,,,,,f,,{},3MX2NQ3YCAN5XCD6MUT6TCCG5BEX5M,AssignmentAccepted
8,2018-12-14 15:39:48.987242,,,,,,f,,{},3JPSL1DZ5TSXROBJFKXE3L14VB5NAY,AssignmentAccepted
9,2018-12-14 15:39:49.034506,,,,,,f,,{},3QY5DC2MXSD5I5C0N1VSVH4P0NBUFA,AssignmentAccepted
10,2018-12-14 15:39:49.219389,,,,,,f,,{},3Z4XG4ZF49KOKUW8KS095WM771FX8O,AssignmentAccepted
11,2018-12-14 15:39:49.668529,,,,,,f,,{},3CN4LGXD5YHC1YZGDLWY7YDB7LE4YV,AssignmentAccepted
12,2018-12-14 15:39:49.703622,,,,,,f,,{},3Z3ZLGNNSJNIA0PQMXALK7I3UC0Q3S,AssignmentAccepted
13,2018-12-14 15:39:50.027341,,,,,,f,,{},35L9RVQFCPBPW136IRJSY2G2G2OUH8,AssignmentAccepted
14,2018-12-14 15:39:50.05874,,,,,,f,,{},3FE7TXL1LJGTPIT7IXWG1XDBOY0Q2H,AssignmentAccepted
15,2018-12-14 15:39:50.102069,,,,,,f,,{},3GNA64GUZFXLOFCU0GYEZ4GN88RQ5I,AssignmentAccepted
16,2018-12-14 15:39:50.134313,,,,,,f,,{},3XIQGXAUMD1KKGRPAN83RWQCWH9X71,AssignmentAccepted
17,2018-12-14 15:39:50.164311,,,,,,f,,{},3QL2OFSM97BLK38HZYT59GRSVEQNC0,AssignmentAccepted
18,2018-12-14 15:39:50.193933,,,,,,f,,{},3U84XHCDID6C6O9L97YHL5MDDFI4ZM,AssignmentAccepted
19,2018-12-14 15:39:50.228031,,,,,,f,,{},3OF2M9AATHHXKQYOUZLXSMB9A17ZK6,AssignmentAccepted
20,2018-12-14 15:39:50.257742,,,,,,f,,{},3S4AW7T80CBS1ZSHU678DQBFY69L4J,AssignmentAccepted
21,2018-12-14 15:39:50.293965,,,,,,f,,{},3RJSC4XJ11NX0M7VJI4ZKYP5V4U500,AssignmentAccepted
22,2018-12-14 15:39:50.324472,,,,,,f,,{},3B3WTRP3DCVNXJCL1VLUF2NMEYX298,AssignmentAccepted
23,2018-12-14 15:39:50.766075,,,,,,f,,{},39ZSFO5CA9PLN7YW6RMDAFWHTUSUJD,AssignmentAccepted
24,2018-12-14 15:39:51.843648,,,,,,f,,{},3TU5ZICBREU4BXVWYE5HBOQEAYSQ8K,AssignmentAccepted
25,2018-12-14 15:39:51.873979,,,,,,f,,{},3F1567XTNXY4P2E636BVBKLPU4AQ99,AssignmentAccepted
26,2018-12-14 15:39:52.080642,,,,,,f,,{},3AAJC4I4FHL296S6CELLR7BWVC7ZJ7,AssignmentAccepted
27,2018-12-14 15:39:52.113224,,,,,,f,,{},382M9COHEI8DCRC4SQBMDZJPOMWUES,AssignmentAccepted
28,2018-12-14 15:39:53.024232,,,,,,f,,{},386CSBG1O0FH7JC85Z8JRAUN432Q6Y,AssignmentAccepted
29,2018-12-14 15:39:53.065007,,,,,,f,,{},384PI804XTUY6O56VEH7D9ZX9O1S0O,AssignmentAccepted
30,2018-12-14 15:39:53.105758,,,,,,f,,{},3IAS3U3I0G96LCRIZFZQ68IC2Y02BI,AssignmentAccepted
31,2018-12-14 15:39:53.14051,,,,,,f,,{},3I33IC7ZWGV122MQT1ZUBXY6KGF2AN,AssignmentAccepted
32,2018-12-14 15:39:53.174308,,,,,,f,,{},3C8HJ7UOP8NSAEYRFBYD7Z3DZ62ZMB,AssignmentAccepted
33,2018-12-14 15:39:53.708779,,,,,,f,,{},36WLNQG7803YGS3YSZUR89R1Z1MBEP,AssignmentSubmitted
34,2018-12-14 15:39:53.740573,,,,,,f,,{},3G2UL9A02E77117T90ZDRJDSZD767D,AssignmentSubmitted
35,2018-12-14 15:39:53.77344,,,,,,f,,{},3B2X28YI3X8U3DAJMHBTWLZOI3Y6BZ,AssignmentSubmitted
36,2018-12-14 15:39:53.845733,,,,,,f,,{},3P1L2B7AD2IW5S2ZDQMHROHKFX6LOQ,AssignmentSubmitted
37,2018-12-14 15:39:53.878436,,,,,,f,,{},3SKEMFQBZ4YI0UX1L9LKF2E5BSX8K7,AssignmentSubmitted
38,2018-12-14 15:39:53.91078,,,,,,f,,{},33F859I5676A02U0I02XTCOERHEBH5,AssignmentSubmitted
39,2018-12-14 15:40:27.488311,,,,,,f,,{},3F6KKYWMNCUVPVEVZUOGTM9AGEZDNN,AssignmentSubmitted
40,2018-12-14 15:40:45.789619,,,,,,f,,{},3DZQRBDBSM8UNG43E1ZQF7X4C0JS3H,AssignmentSubmitted
41,2018-12-14 15:40:54.138747,,,,,,f,,{},3RJSC4XJ11NX0M7VJI4ZKYP5V4U500,AssignmentReturned
42,2018-12-14 15:41:23.970495,,,,,,f,,{},3UNH76FOCTYS5OOMJPWUTSUBTCYYMJ,AssignmentAccepted
43,2018-12-14 15:41:34.499724,,,,,,f,,{},3FE7TXL1LJGTPIT7IXWG1XDBOY0Q2H,AssignmentAccepted
44,2018-12-14 15:41:34.530349,,,,,,f,,{},3FE7TXL1LJGTPIT7IXWG1XDBOY0Q2H,AssignmentReturned
45,2018-12-14 15:42:09.898365,,,,,,f,,{},3WMOAN2SRCQHJCEHQFOAZ8FHGL4NVX,AssignmentSubmitted
46,2018-12-14 15:42:26.482618,,,,,,f,,{},3D3VGR7TA18IM14QZCZLPXS8QYZ3R3,AssignmentSubmitted
47,2018-12-14 15:42:33.289143,,,,,,f,,{},3S4AW7T80CBS1ZSHU678DQBFY69L4J,AssignmentReturned
48,2018-12-14 15:42:38.148392,,,,,,f,,{},3S4AW7T80CBS1ZSHU678DQBFY69L4J,AssignmentAccepted
49,2018-12-14 15:42:38.92063,,,,,,f,,{},3ZR9AIQJUC2F433V5DLPF6JRV8X04O,AssignmentSubmitted
50,2018-12-14 15:44:20.601768,,,,,,f,,{},39ZSFO5CA9PLN7YW6RMDAFWHTUSUJD,AssignmentSubmitted
51,2018-12-14 15:44:48.343484,,,,,,f,,{},31IBVUNM9TS5VK10SR5XR368EUKFVK,AssignmentReturned
52,2018-12-14 15:45:06.706706,,,,,,f,,{},31IBVUNM9TS5VK10SR5XR368EUKFVK,AssignmentAccepted
53,2018-12-14 15:45:49.397619,,,,,,f,,{},31IBVUNM9TS5VK10SR5XR368EUKFVK,AssignmentSubmitted
54,2018-12-14 15:45:52.147086,,,,,,f,,{},3MX2NQ3YCAN5XCD6MUT6TCCG5BEX5M,AssignmentSubmitted
55,2018-12-14 15:46:15.355157,,,,,,f,,{},3U84XHCDID6C6O9L97YHL5MDDFI4ZM,AssignmentSubmitted
56,2018-12-14 15:46:15.492301,,,,,,f,,{},39GXDJN2OU7WG5RDKDZRHBPMRQ5V8H,AssignmentSubmitted
57,2018-12-14 15:46:32.371784,,,,,,f,,{},3U8YCDAGXQ9MT8QT3AS2I9KWR0GQ0X,AssignmentSubmitted
58,2018-12-14 15:46:32.451329,,,,,,f,,{},3TVRFO09GL8JZ1GREH9DA18DR1CXL8,AssignmentSubmitted
59,2018-12-14 15:47:00.59007,,,,,,f,,{},3TDXMTX3CCN4QLOPSR3AI831DTK6IA,AssignmentSubmitted
60,2018-12-14 15:47:00.636683,,,,,,f,,{},3TXD01ZLD5AVKPFB3KZ94D7YBX14UV,AssignmentSubmitted
61,2018-12-14 15:49:31.774995,,,,,,f,,{},3I33IC7ZWGV122MQT1ZUBXY6KGF2AN,AssignmentReturned
62,2018-12-14 15:49:41.372108,,,,,,f,,{},3I33IC7ZWGV122MQT1ZUBXY6KGF2AN,AssignmentAccepted
63,2018-12-14 15:55:08.078874,,,,,,f,,"{""feedback"": ""I pressed back on the main hit page while the game was still waiting for players. I played through the game but it didn't seem to work properly. It did not end after the timer went down and collecting points did not work. "", ""error_text"": ""There has been an error and so you are unable to\r\n        continue, sorry!"", ""error_type"": ""already_started_exp_mturk"", ""request_data"": {""hit_id"": null, ""worker_id"": null, ""participant_id"": null}}",unknown,ExperimentError
64,2018-12-14 15:55:25.327378,,,,,,f,,"{""feedback"": ""I read the instructions for the game. When the game started, I saw the grid and big blank box, but nothing worked.  The screen just sat there with no activity no matter what buttons I pressed."", ""error_text"": ""There has been an error and so you are unable to\r\n        continue, sorry!"", ""error_type"": ""already_started_exp_mturk"", ""request_data"": {""hit_id"": null, ""worker_id"": null, ""participant_id"": null}}",unknown,ExperimentError
69,2018-12-14 16:00:25.670627,,,,,,f,,{},3S4AW7T80CBS1ZSHU678DQBFY69L4J,AssignmentReturned
70,2018-12-14 16:00:40.03692,,,,,,f,,{},3S4AW7T80CBS1ZSHU678DQBFY69L4J,AssignmentAccepted
65,2018-12-14 15:58:16.953824,,,,,,f,,"{""feedback"": """", ""error_text"": ""There has been an error and so you are unable to\r\n        continue, sorry!"", ""error_type"": ""already_started_exp_mturk"", ""request_data"": {""hit_id"": null, ""worker_id"": null, ""participant_id"": null}}",unknown,ExperimentError
66,2018-12-14 16:00:12.346158,,,,,,f,,"{""feedback"": ""There was no way to submit when the game ended."", ""error_text"": ""There has been an error and so you are unable to\r\n        continue, sorry!"", ""error_type"": ""already_started_exp_mturk"", ""request_data"": {""hit_id"": null, ""worker_id"": null, ""participant_id"": null}}",unknown,ExperimentError
67,2018-12-14 16:00:19.150359,,,,,,f,,"{""feedback"": ""I clicked submit after finishing the survey and getting the code."", ""error_text"": ""There has been an error and so you are unable to\r\n        continue, sorry!"", ""error_type"": ""already_started_exp_mturk"", ""request_data"": {""hit_id"": null, ""worker_id"": null, ""participant_id"": null}}",unknown,ExperimentError
68,2018-12-14 16:00:20.838566,,,,,,f,,"{""feedback"": """", ""error_text"": ""There has been an error and so you are unable to\r\n        continue, sorry!"", ""error_type"": ""already_started_exp_mturk"", ""request_data"": {""hit_id"": null, ""worker_id"": null, ""participant_id"": null}}",unknown,ExperimentError
71,2018-12-14 16:00:47.283723,,,,,,f,,{},3X31TUMD7YFB90VY7OO6FS4CMMZL16,AssignmentReturned
73,2018-12-14 16:01:15.937076,,,,,,f,,{},35L9RVQFCPBPW136IRJSY2G2G2OUH8,AssignmentReturned
75,2018-12-14 16:01:38.973509,,,,,,f,,{},35L9RVQFCPBPW136IRJSY2G2G2OUH8,AssignmentAccepted
77,2018-12-14 16:09:13.91343,,,,,,f,,{},3FE7TXL1LJGTPIT7IXWG1XDBOY0Q2H,AssignmentReturned
79,2018-12-14 16:09:54.767869,,,,,,f,,{},3Z3ZLGNNSJNIA0PQMXALK7I3UC0Q3S,AssignmentAbandoned
81,2018-12-14 16:10:05.557348,,,,,,f,,{},3XIQGXAUMD1KKGRPAN83RWQCWH9X71,AssignmentAbandoned
83,2018-12-14 16:10:12.423512,,,,,,f,,{},3F1567XTNXY4P2E636BVBKLPU4AQ99,AssignmentAbandoned
85,2018-12-14 16:18:27.651678,,,,,,f,,{},3F1567XTNXY4P2E636BVBKLPU4AQ99,AssignmentReturned
72,2018-12-14 16:01:03.516732,,,,,,f,,{},3X31TUMD7YFB90VY7OO6FS4CMMZL16,AssignmentAccepted
74,2018-12-14 16:01:30.700457,,,,,,f,,{},3JPSL1DZ5TSXROBJFKXE3L14VB5NAY,AssignmentReturned
76,2018-12-14 16:04:18.512322,,,,,,f,,{},3Z4XG4ZF49KOKUW8KS095WM771FX8O,AssignmentReturned
78,2018-12-14 16:09:39.377,,,,,,f,,{},3I33IC7ZWGV122MQT1ZUBXY6KGF2AN,AssignmentReturned
80,2018-12-14 16:10:05.498692,,,,,,f,,{},3I33IC7ZWGV122MQT1ZUBXY6KGF2AN,AssignmentAccepted
82,2018-12-14 16:10:09.41411,,,,,,f,,{},382M9COHEI8DCRC4SQBMDZJPOMWUES,AssignmentAbandoned
84,2018-12-14 16:10:12.465089,,,,,,f,,{},3F1567XTNXY4P2E636BVBKLPU4AQ99,AssignmentAccepted
