id,creation_time,property1,property2,property3,property4,property5,failed,time_of_death,details,type,fingerprint_hash,recruiter_id,worker_id,assignment_id,unique_id,hit_id,mode,end_time,base_pay,bonus,status
4,2018-12-14 15:40:33.632187,,,,,,f,,{},participant,undefined,mturk,4,3FE7TXL1LJGTPIT7IXWG1XDBOY0Q2H,4:3FE7TXL1LJGTPIT7IXWG1XDBOY0Q2H,3B286OTISEAYLEM4AK0KMUO059XAJF,undefined,2018-12-14 15:41:34.538358,,,returned
12,2018-12-14 15:42:26.308235,,,,,,f,,{},participant,undefined,mturk,12,3S4AW7T80CBS1ZSHU678DQBFY69L4J,12:3S4AW7T80CBS1ZSHU678DQBFY69L4J,3B286OTISEAYLEM4AK0KMUO059XAJF,undefined,2018-12-14 15:42:33.299091,,,returned
20,2018-12-14 15:45:36.484366,,,,,,f,,{},participant,undefined,mturk,20,31IBVUNM9TS5VK10SR5XR368EUKFVK,20:31IBVUNM9TS5VK10SR5XR368EUKFVK,3B286OTISEAYLEM4AK0KMUO059XAJF,undefined,2018-12-14 15:45:49.407026,1,0,approved
1,2018-12-14 15:40:09.589159,,,,,,f,,{},participant,undefined,mturk,1,39ZSFO5CA9PLN7YW6RMDAFWHTUSUJD,1:39ZSFO5CA9PLN7YW6RMDAFWHTUSUJD,3B286OTISEAYLEM4AK0KMUO059XAJF,undefined,2018-12-14 15:44:20.611373,1,0.01,approved
13,2018-12-14 15:42:27.533433,,,,,,f,,{},participant,undefined,mturk,13,31IBVUNM9TS5VK10SR5XR368EUKFVK,13:31IBVUNM9TS5VK10SR5XR368EUKFVK,3B286OTISEAYLEM4AK0KMUO059XAJF,undefined,2018-12-14 15:44:48.351726,,,returned
25,2018-12-14 15:49:17.675531,,,,,,f,,{},participant,undefined,mturk,25,3UNH76FOCTYS5OOMJPWUTSUBTCYYMJ,25:3UNH76FOCTYS5OOMJPWUTSUBTCYYMJ,3B286OTISEAYLEM4AK0KMUO059XAJF,undefined,2018-12-14 15:49:21.527556,,,overrecruited
10,2018-12-14 15:42:00.286721,,,,,,f,,{},participant,undefined,mturk,10,3I33IC7ZWGV122MQT1ZUBXY6KGF2AN,10:3I33IC7ZWGV122MQT1ZUBXY6KGF2AN,3B286OTISEAYLEM4AK0KMUO059XAJF,undefined,2018-12-14 15:49:31.783354,,,returned
21,2018-12-14 15:45:37.829209,,,,,,f,,{},participant,undefined,mturk,21,3MX2NQ3YCAN5XCD6MUT6TCCG5BEX5M,21:3MX2NQ3YCAN5XCD6MUT6TCCG5BEX5M,3B286OTISEAYLEM4AK0KMUO059XAJF,undefined,2018-12-14 15:45:52.155093,1,0,approved
23,2018-12-14 15:46:26.229325,,,,,,f,,{},participant,undefined,mturk,23,3U8YCDAGXQ9MT8QT3AS2I9KWR0GQ0X,23:3U8YCDAGXQ9MT8QT3AS2I9KWR0GQ0X,3B286OTISEAYLEM4AK0KMUO059XAJF,undefined,2018-12-14 15:46:32.389898,1,0,approved
16,2018-12-14 15:43:13.807893,,,,,,f,,{},participant,undefined,mturk,16,3TU5ZICBREU4BXVWYE5HBOQEAYSQ8K,16:3TU5ZICBREU4BXVWYE5HBOQEAYSQ8K,3B286OTISEAYLEM4AK0KMUO059XAJF,undefined,2018-12-14 15:54:54.74993,,,approved
22,2018-12-14 15:45:59.818938,,,,,,f,,{},participant,undefined,mturk,22,3U84XHCDID6C6O9L97YHL5MDDFI4ZM,22:3U84XHCDID6C6O9L97YHL5MDDFI4ZM,3B286OTISEAYLEM4AK0KMUO059XAJF,undefined,2018-12-14 15:46:15.363158,1,0,approved
24,2018-12-14 15:48:17.255507,,,,,,f,,{},participant,undefined,mturk,24,3GNA64GUZFXLOFCU0GYEZ4GN88RQ5I,24:3GNA64GUZFXLOFCU0GYEZ4GN88RQ5I,3B286OTISEAYLEM4AK0KMUO059XAJF,undefined,2018-12-14 15:48:20.632381,,,overrecruited
3,2018-12-14 15:40:30.716959,,,,,,f,,{},participant,undefined,mturk,3,3OF2M9AATHHXKQYOUZLXSMB9A17ZK6,3:3OF2M9AATHHXKQYOUZLXSMB9A17ZK6,3B286OTISEAYLEM4AK0KMUO059XAJF,undefined,2018-12-14 15:55:43.820382,,,approved
26,2018-12-14 15:49:55.147053,,,,,,f,,{},participant,undefined,mturk,26,384PI804XTUY6O56VEH7D9ZX9O1S0O,26:384PI804XTUY6O56VEH7D9ZX9O1S0O,3B286OTISEAYLEM4AK0KMUO059XAJF,undefined,2018-12-14 15:50:04.778631,,,overrecruited
28,2018-12-14 15:50:29.109446,,,,,,f,,{},participant,undefined,mturk,28,3R9WASFE209M446ATOU0C9J425QZF4,28:3R9WASFE209M446ATOU0C9J425QZF4,3B286OTISEAYLEM4AK0KMUO059XAJF,undefined,2018-12-14 15:50:30.631058,,,overrecruited
27,2018-12-14 15:50:23.915196,,,,,,f,,{},participant,undefined,mturk,27,3IAS3U3I0G96LCRIZFZQ68IC2Y02BI,27:3IAS3U3I0G96LCRIZFZQ68IC2Y02BI,3B286OTISEAYLEM4AK0KMUO059XAJF,undefined,2018-12-14 15:50:44.79363,,,overrecruited
29,2018-12-14 15:53:00.039159,,,,,,f,,{},participant,undefined,mturk,29,36W0OB37HX76I0XGOEI0FUVHIK3ZH2,29:36W0OB37HX76I0XGOEI0FUVHIK3ZH2,3B286OTISEAYLEM4AK0KMUO059XAJF,undefined,2018-12-14 15:53:05.051332,,,overrecruited
17,2018-12-14 15:43:33.391305,,,,,,f,,{},participant,undefined,mturk,17,3B3WTRP3DCVNXJCL1VLUF2NMEYX298,17:3B3WTRP3DCVNXJCL1VLUF2NMEYX298,3B286OTISEAYLEM4AK0KMUO059XAJF,undefined,2018-12-14 15:55:06.992029,,,approved
30,2018-12-14 15:55:15.93745,,,,,,f,,{},participant,undefined,mturk,30,3C8HJ7UOP8NSAEYRFBYD7Z3DZ62ZMB,30:3C8HJ7UOP8NSAEYRFBYD7Z3DZ62ZMB,3B286OTISEAYLEM4AK0KMUO059XAJF,undefined,2018-12-14 15:55:23.916191,,,overrecruited
11,2018-12-14 15:42:22.031594,,,,,,f,,{},participant,undefined,mturk,11,3QY5DC2MXSD5I5C0N1VSVH4P0NBUFA,11:3QY5DC2MXSD5I5C0N1VSVH4P0NBUFA,3B286OTISEAYLEM4AK0KMUO059XAJF,undefined,2018-12-14 15:47:40.49376,,,approved
2,2018-12-14 15:40:25.649969,,,,,,f,,{},participant,undefined,mturk,2,3AAJC4I4FHL296S6CELLR7BWVC7ZJ7,2:3AAJC4I4FHL296S6CELLR7BWVC7ZJ7,3B286OTISEAYLEM4AK0KMUO059XAJF,undefined,2018-12-14 15:55:55.517176,,,approved
7,2018-12-14 15:41:16.494007,,,,,,f,,{},participant,undefined,mturk,7,386CSBG1O0FH7JC85Z8JRAUN432Q6Y,7:386CSBG1O0FH7JC85Z8JRAUN432Q6Y,3B286OTISEAYLEM4AK0KMUO059XAJF,undefined,2018-12-14 15:58:01.715273,,,approved
8,2018-12-14 15:41:40.721248,,,,,,f,,{},participant,undefined,mturk,8,3CN4LGXD5YHC1YZGDLWY7YDB7LE4YV,8:3CN4LGXD5YHC1YZGDLWY7YDB7LE4YV,3B286OTISEAYLEM4AK0KMUO059XAJF,undefined,2018-12-14 15:55:26.058931,,,approved
18,2018-12-14 15:43:45.097528,,,,,,f,,{},participant,undefined,mturk,18,3S4AW7T80CBS1ZSHU678DQBFY69L4J,18:3S4AW7T80CBS1ZSHU678DQBFY69L4J,3B286OTISEAYLEM4AK0KMUO059XAJF,undefined,2018-12-14 16:00:25.679288,,,returned
9,2018-12-14 15:41:41.199843,,,,,,f,,{},participant,undefined,mturk,9,3X31TUMD7YFB90VY7OO6FS4CMMZL16,9:3X31TUMD7YFB90VY7OO6FS4CMMZL16,3B286OTISEAYLEM4AK0KMUO059XAJF,undefined,2018-12-14 16:00:47.291794,,,returned
5,2018-12-14 15:40:35.767807,,,,,,f,,{},participant,undefined,mturk,5,35L9RVQFCPBPW136IRJSY2G2G2OUH8,5:35L9RVQFCPBPW136IRJSY2G2G2OUH8,3B286OTISEAYLEM4AK0KMUO059XAJF,undefined,2018-12-14 16:01:15.947073,,,returned
15,2018-12-14 15:43:02.930661,,,,,,f,,{},participant,undefined,mturk,15,3JPSL1DZ5TSXROBJFKXE3L14VB5NAY,15:3JPSL1DZ5TSXROBJFKXE3L14VB5NAY,3B286OTISEAYLEM4AK0KMUO059XAJF,undefined,2018-12-14 16:01:30.708495,,,returned
31,2018-12-14 16:02:05.030782,,,,,,f,,{},participant,undefined,mturk,31,3S4AW7T80CBS1ZSHU678DQBFY69L4J,31:3S4AW7T80CBS1ZSHU678DQBFY69L4J,3B286OTISEAYLEM4AK0KMUO059XAJF,undefined,2018-12-14 16:02:07.613034,,,overrecruited
32,2018-12-14 16:03:18.605892,,,,,,f,,{},participant,undefined,mturk,32,3X31TUMD7YFB90VY7OO6FS4CMMZL16,32:3X31TUMD7YFB90VY7OO6FS4CMMZL16,3B286OTISEAYLEM4AK0KMUO059XAJF,undefined,2018-12-14 16:03:20.144145,,,overrecruited
33,2018-12-14 16:03:52.59715,,,,,,f,,{},participant,undefined,mturk,33,3II4UPYCOK0GSSRNFMGXXG4FLPUDQI,33:3II4UPYCOK0GSSRNFMGXXG4FLPUDQI,3B286OTISEAYLEM4AK0KMUO059XAJF,undefined,2018-12-14 16:04:19.205543,,,overrecruited
35,2018-12-14 16:09:09.454118,,,,,,f,,{},participant,undefined,mturk,35,33NF62TLXKV7KBTKCDIB4SNJR3ZKJB,35:33NF62TLXKV7KBTKCDIB4SNJR3ZKJB,3B286OTISEAYLEM4AK0KMUO059XAJF,undefined,2018-12-14 16:09:20.986486,,,overrecruited
6,2018-12-14 15:40:39.223157,,,,,,f,,{},participant,undefined,mturk,6,3JNQLM5FT5FIYLDUQSOKKBEHESDL2N,6:3JNQLM5FT5FIYLDUQSOKKBEHESDL2N,3B286OTISEAYLEM4AK0KMUO059XAJF,undefined,2018-12-14 15:48:54.894178,,,approved
19,2018-12-14 15:45:24.577984,,,,,,f,,{},participant,undefined,mturk,19,3Z4XG4ZF49KOKUW8KS095WM771FX8O,19:3Z4XG4ZF49KOKUW8KS095WM771FX8O,3B286OTISEAYLEM4AK0KMUO059XAJF,undefined,2018-12-14 16:04:18.520586,,,returned
34,2018-12-14 16:06:55.503596,,,,,,f,,{},participant,undefined,mturk,34,3QL2OFSM97BLK38HZYT59GRSVEQNC0,34:3QL2OFSM97BLK38HZYT59GRSVEQNC0,3B286OTISEAYLEM4AK0KMUO059XAJF,undefined,2018-12-14 16:08:26.633773,,,overrecruited
14,2018-12-14 15:42:48.300511,,,,,,f,,{},participant,undefined,mturk,14,3FE7TXL1LJGTPIT7IXWG1XDBOY0Q2H,14:3FE7TXL1LJGTPIT7IXWG1XDBOY0Q2H,3B286OTISEAYLEM4AK0KMUO059XAJF,undefined,2018-12-14 16:09:13.922426,,,returned
36,2018-12-14 16:11:46.996157,,,,,,f,,{},participant,undefined,mturk,36,323Q6SJS8J90DJ6GN2OTC2FZ6FFHF2,36:323Q6SJS8J90DJ6GN2OTC2FZ6FFHF2,3B286OTISEAYLEM4AK0KMUO059XAJF,undefined,2018-12-14 16:11:52.447293,,,overrecruited
37,2018-12-14 16:18:19.106367,,,,,,f,,{},participant,undefined,mturk,37,35L9RVQFCPBPW136IRJSY2G2G2OUH8,37:35L9RVQFCPBPW136IRJSY2G2G2OUH8,3B286OTISEAYLEM4AK0KMUO059XAJF,undefined,2018-12-14 16:18:20.489613,,,overrecruited
38,2018-12-14 16:19:10.463604,,,,,,f,,{},participant,undefined,mturk,38,32RIADZISTXF5CN7EF49PCPAQ0NS4A,38:32RIADZISTXF5CN7EF49PCPAQ0NS4A,3B286OTISEAYLEM4AK0KMUO059XAJF,undefined,2018-12-14 16:19:14.08114,,,overrecruited
40,2018-12-14 16:26:11.670102,,,,,,f,,{},participant,undefined,mturk,40,3HQUKB7LNG7KRFXMISCTFNRCMUSHH0,40:3HQUKB7LNG7KRFXMISCTFNRCMUSHH0,3B286OTISEAYLEM4AK0KMUO059XAJF,undefined,2018-12-14 16:26:18.226039,,,overrecruited
42,2018-12-14 16:34:27.45567,,,,,,f,,{},participant,undefined,mturk,42,3I33IC7ZWGV122MQT1ZUBXY6KGF2AN,42:3I33IC7ZWGV122MQT1ZUBXY6KGF2AN,3B286OTISEAYLEM4AK0KMUO059XAJF,undefined,2018-12-14 16:34:28.58403,,,overrecruited
39,2018-12-14 16:25:43.408633,,,,,,f,,{},participant,undefined,mturk,39,3U4J9857OF4D7DOO5RGL2ZZKDER7B8,39:3U4J9857OF4D7DOO5RGL2ZZKDER7B8,3B286OTISEAYLEM4AK0KMUO059XAJF,undefined,2018-12-14 16:25:51.511676,,,overrecruited
41,2018-12-14 16:26:21.25681,,,,,,f,,{},participant,undefined,mturk,41,3ZOTGHDK5J4J95XPXZJI3AVF7ROOSH,41:3ZOTGHDK5J4J95XPXZJI3AVF7ROOSH,3B286OTISEAYLEM4AK0KMUO059XAJF,undefined,2018-12-14 16:26:25.492697,,,overrecruited
