id,creation_time,property1,property2,property3,property4,property5,failed,time_of_death,details,type,participant_id,number,question,response
1,2018-12-14 15:44:00.846014,,,,,,f,,{},question,1,1,questionnaire,"{""engagement"":""5"",""difficulty"":""6""}"
2,2018-12-14 15:47:40.361414,,,,,,f,,{},question,11,1,questionnaire,"{""engagement"":""3"",""difficulty"":""5""}"
3,2018-12-14 15:48:54.796745,,,,,,f,,{},question,6,1,questionnaire,"{""engagement"":""1"",""difficulty"":""4""}"
4,2018-12-14 15:54:54.549271,,,,,,f,,{},question,16,1,questionnaire,"{""engagement"":""6"",""difficulty"":""1""}"
5,2018-12-14 15:55:06.746827,,,,,,f,,{},question,17,1,questionnaire,"{""engagement"":""7"",""difficulty"":""7""}"
6,2018-12-14 15:55:25.97378,,,,,,f,,{},question,8,1,questionnaire,"{""engagement"":""7"",""difficulty"":""7""}"
7,2018-12-14 15:55:43.74506,,,,,,f,,{},question,3,1,questionnaire,"{""engagement"":""2"",""difficulty"":""7""}"
8,2018-12-14 15:55:55.375554,,,,,,f,,{},question,2,1,questionnaire,"{""engagement"":""4"",""difficulty"":""7""}"
9,2018-12-14 15:58:01.608885,,,,,,f,,{},question,7,1,questionnaire,"{""engagement"":""5"",""difficulty"":""5""}"
