id,creation_time,property1,property2,property3,property4,property5,failed,time_of_death,details,assignment_id,event_type
1,2018-12-17 01:12:18.428546,,,,,,f,,{},3TU5ZICBREU4BXVWYE5HBOQEA948Q0,AssignmentAccepted
2,2018-12-17 01:12:20.43816,,,,,,f,,{},3ZQIG0FLQF9766NVIGFXVRS898LVWV,AssignmentAccepted
3,2018-12-17 01:14:16.009532,,,,,,f,,{},3TU5ZICBREU4BXVWYE5HBOQEA948Q0,AssignmentReturned
4,2018-12-17 01:15:04.331435,,,,,,f,,{},3CN4LGXD5YHC1YZGDLWY7YDB7WP4YS,AssignmentAccepted
5,2018-12-17 01:15:11.869239,,,,,,f,,"{""feedback"": """", ""error_text"": ""There has been an error and so you are unable to\r\n        continue, sorry!"", ""error_type"": ""already_started_exp_mturk"", ""request_data"": {""hit_id"": null, ""worker_id"": null, ""participant_id"": null}}",unknown,ExperimentError
6,2018-12-17 01:15:19.334751,,,,,,f,,{},3ZQIG0FLQF9766NVIGFXVRS898LVWV,AssignmentReturned
7,2018-12-17 01:15:38.287781,,,,,,f,,{},3ZQIG0FLQF9766NVIGFXVRS898LVWV,AssignmentAccepted
8,2018-12-17 01:18:50.978554,,,,,,f,,{},3ZQIG0FLQF9766NVIGFXVRS898LVWV,AssignmentReturned
9,2018-12-17 01:18:59.665093,,,,,,f,,{},3ZQIG0FLQF9766NVIGFXVRS898LVWV,AssignmentAccepted
