id,creation_time,property1,property2,property3,property4,property5,failed,time_of_death,details,type,fingerprint_hash,recruiter_id,worker_id,assignment_id,unique_id,hit_id,mode,end_time,base_pay,bonus,status
1,2018-12-17 01:12:38.036011,,,,,,f,,{},participant,undefined,mturk,1,3ZQIG0FLQF9766NVIGFXVRS898LVWV,1:3ZQIG0FLQF9766NVIGFXVRS898LVWV,3T5ZXGO9DEHG89YPH20S0ORVTYWZQF,undefined,2018-12-17 01:15:19.344948,,,returned
2,2018-12-17 01:17:50.685214,,,,,,f,,{},participant,undefined,mturk,2,3ZQIG0FLQF9766NVIGFXVRS898LVWV,2:3ZQIG0FLQF9766NVIGFXVRS898LVWV,3T5ZXGO9DEHG89YPH20S0ORVTYWZQF,undefined,2018-12-17 01:18:50.989142,,,returned
4,2018-12-17 01:33:05.958576,,,,,,f,,{},participant,undefined,mturk,4,3ZQIG0FLQF9766NVIGFXVRS898LVWV,4:3ZQIG0FLQF9766NVIGFXVRS898LVWV,3T5ZXGO9DEHG89YPH20S0ORVTYWZQF,undefined,2018-12-17 01:33:09.090835,,,overrecruited
3,2018-12-17 01:25:08.798268,,,,,,f,,{},participant,undefined,mturk,3,3CN4LGXD5YHC1YZGDLWY7YDB7WP4YS,3:3CN4LGXD5YHC1YZGDLWY7YDB7WP4YS,3T5ZXGO9DEHG89YPH20S0ORVTYWZQF,undefined,2018-12-17 01:26:06.536051,,,approved
