id,creation_time,property1,property2,property3,property4,property5,failed,time_of_death,details,assignment_id,event_type
1,2018-12-14 19:20:41.844312,,,,,,f,,{},3Z7ISHFUH1ODPPWNLAOU2H2IF2BZ8N,AssignmentAccepted
2,2018-12-14 19:20:41.876756,,,,,,f,,{},3PW9OPU9PRD58E9QXI610W53GN721Z,AssignmentAccepted
3,2018-12-14 19:20:43.129612,,,,,,f,,{},3JZQSN0I3R3MDNB53W6BR23YRGVFGW,AssignmentAccepted
4,2018-12-14 19:20:43.843454,,,,,,f,,{},3634BBTX0PN09EH0TK6ECEGE6TNFIO,AssignmentAccepted
5,2018-12-14 19:20:43.900196,,,,,,f,,{},33OOO72IVIEJFGD1WUFHIFXKKXBCTR,AssignmentAccepted
6,2018-12-14 19:20:43.950677,,,,,,f,,{},3FFJ6VRIL2H9CA2AQ2NT97TA0RYI0N,AssignmentAccepted
7,2018-12-14 19:20:50.086965,,,,,,f,,{},3JC6VJ2SACCT1Z5DBK1S941I4R45AR,AssignmentAccepted
8,2018-12-14 19:20:50.268474,,,,,,f,,{},3V5Q80FXIYK1IHN5KMKKOPK0E7L23R,AssignmentAccepted
9,2018-12-14 19:21:16.280743,,,,,,f,,{},3TVRFO09GL8JZ1GREH9DA18DR2BXL9,AssignmentSubmitted
10,2018-12-14 19:21:26.081774,,,,,,f,,{},3JC6VJ2SACCT1Z5DBK1S941I4R45AR,AssignmentReturned
11,2018-12-14 19:21:26.116235,,,,,,f,,{},3JC6VJ2SACCT1Z5DBK1S941I4R45AR,AssignmentAccepted
12,2018-12-14 19:21:45.342053,,,,,,f,,{},3JZQSN0I3R3MDNB53W6BR23YRGVFGW,AssignmentReturned
13,2018-12-14 19:22:38.572922,,,,,,f,,{},3XXU1SWE8NOU6SJCEEVGS95RNJT0A1,AssignmentAccepted
14,2018-12-14 19:22:59.031238,,,,,,f,,{},3HWRJOOET6VXXEK03LGMYY113Q8SE9,AssignmentSubmitted
15,2018-12-14 19:26:32.290347,,,,,,f,,{},3FFJ6VRIL2H9CA2AQ2NT97TA0RYI0N,AssignmentSubmitted
16,2018-12-14 19:28:54.0119,,,,,,f,,{},3JC6VJ2SACCT1Z5DBK1S941I4R45AR,AssignmentReturned
17,2018-12-14 19:28:54.049491,,,,,,f,,{},3JC6VJ2SACCT1Z5DBK1S941I4R45AR,AssignmentAccepted
18,2018-12-14 19:29:37.896727,,,,,,f,,{},3JC6VJ2SACCT1Z5DBK1S941I4R45AR,AssignmentSubmitted
19,2018-12-14 19:33:17.768186,,,,,,f,,{},3Z7ISHFUH1ODPPWNLAOU2H2IF2BZ8N,AssignmentSubmitted
20,2018-12-14 19:33:25.936908,,,,,,f,,{},3PW9OPU9PRD58E9QXI610W53GN721Z,AssignmentSubmitted
21,2018-12-14 19:33:33.958509,,,,,,f,,{},3634BBTX0PN09EH0TK6ECEGE6TNFIO,AssignmentSubmitted
22,2018-12-14 19:33:34.034714,,,,,,f,,{},3V5Q80FXIYK1IHN5KMKKOPK0E7L23R,AssignmentSubmitted
23,2018-12-14 19:34:10.846334,,,,,,f,,{},3A7Y0R2P2PHD4BSRBWX0UMVLND6XJ7,AssignmentSubmitted
24,2018-12-14 19:35:16.076573,,,,,,f,,{},3XXU1SWE8NOU6SJCEEVGS95RNJT0A1,AssignmentSubmitted
25,2018-12-14 19:39:28.095571,,,,,,f,,{},3TXMY6UCAFH6N0L9FQLMDAMX0QAQCP,AssignmentSubmitted
26,2018-12-14 19:51:24.308602,,,,,,f,,{},33OOO72IVIEJFGD1WUFHIFXKKXBCTR,AssignmentAbandoned
27,2018-12-14 19:51:43.602627,,,,,,f,,{},3AAJC4I4FHL296S6CELLR7BWVD9ZJB,AssignmentAccepted
28,2018-12-14 19:52:19.644104,,,,,,f,,{},3AAJC4I4FHL296S6CELLR7BWVD9ZJB,AssignmentSubmitted
