id,creation_time,property1,property2,property3,property4,property5,failed,time_of_death,details,type,fingerprint_hash,recruiter_id,worker_id,assignment_id,unique_id,hit_id,mode,end_time,base_pay,bonus,status
5,2018-12-14 19:25:59.40696,,,,,,f,,{},participant,undefined,mturk,5,3FFJ6VRIL2H9CA2AQ2NT97TA0RYI0N,5:3FFJ6VRIL2H9CA2AQ2NT97TA0RYI0N,3GV1I4SEO9I3T2Y1NSVLM4Z6DFWL6M,undefined,2018-12-14 19:26:32.296596,1,0,approved
7,2018-12-14 19:34:48.258347,,,,,,f,,{},participant,undefined,mturk,7,3XXU1SWE8NOU6SJCEEVGS95RNJT0A1,7:3XXU1SWE8NOU6SJCEEVGS95RNJT0A1,3GV1I4SEO9I3T2Y1NSVLM4Z6DFWL6M,undefined,2018-12-14 19:35:16.083002,1,0,approved
6,2018-12-14 19:29:28.573535,,,,,,f,,{},participant,undefined,mturk,6,3JC6VJ2SACCT1Z5DBK1S941I4R45AR,6:3JC6VJ2SACCT1Z5DBK1S941I4R45AR,3GV1I4SEO9I3T2Y1NSVLM4Z6DFWL6M,undefined,2018-12-14 19:29:37.903046,1,0,approved
2,2018-12-14 19:21:10.219981,,,,,,f,,{},participant,undefined,mturk,2,3Z7ISHFUH1ODPPWNLAOU2H2IF2BZ8N,2:3Z7ISHFUH1ODPPWNLAOU2H2IF2BZ8N,3GV1I4SEO9I3T2Y1NSVLM4Z6DFWL6M,undefined,2018-12-14 19:33:17.775248,1,0.69,approved
8,2018-12-14 19:52:10.045852,,,,,,f,,{},participant,undefined,mturk,8,3AAJC4I4FHL296S6CELLR7BWVD9ZJB,8:3AAJC4I4FHL296S6CELLR7BWVD9ZJB,3GV1I4SEO9I3T2Y1NSVLM4Z6DFWL6M,undefined,2018-12-14 19:52:19.650359,1,0,approved
3,2018-12-14 19:21:49.743819,,,,,,f,,{},participant,undefined,mturk,3,3PW9OPU9PRD58E9QXI610W53GN721Z,3:3PW9OPU9PRD58E9QXI610W53GN721Z,3GV1I4SEO9I3T2Y1NSVLM4Z6DFWL6M,undefined,2018-12-14 19:33:25.943191,1,0.69,approved
4,2018-12-14 19:23:02.441347,,,,,,f,,{},participant,undefined,mturk,4,3634BBTX0PN09EH0TK6ECEGE6TNFIO,4:3634BBTX0PN09EH0TK6ECEGE6TNFIO,3GV1I4SEO9I3T2Y1NSVLM4Z6DFWL6M,undefined,2018-12-14 19:33:33.965332,1,0.58,approved
1,2018-12-14 19:20:57.451334,,,,,,f,,{},participant,undefined,mturk,1,3V5Q80FXIYK1IHN5KMKKOPK0E7L23R,1:3V5Q80FXIYK1IHN5KMKKOPK0E7L23R,3GV1I4SEO9I3T2Y1NSVLM4Z6DFWL6M,undefined,2018-12-14 19:33:34.042083,1,0.58,approved
