id,creation_time,property1,property2,property3,property4,property5,failed,time_of_death,details,type,participant_id,number,question,response
1,2018-12-14 19:33:12.227112,,,,,,f,,{},question,2,1,questionnaire,"{""engagement"":""7"",""difficulty"":""3""}"
2,2018-12-14 19:33:14.988817,,,,,,f,,{},question,3,1,questionnaire,"{""engagement"":""6"",""difficulty"":""2""}"
3,2018-12-14 19:33:17.128744,,,,,,f,,{},question,1,1,questionnaire,"{""engagement"":""7"",""difficulty"":""2""}"
4,2018-12-14 19:33:24.618096,,,,,,f,,{},question,4,1,questionnaire,"{""engagement"":""5"",""difficulty"":""7""}"
