id,creation_time,property1,property2,property3,property4,property5,failed,time_of_death,details,assignment_id,event_type
1,2018-12-16 22:48:43.319712,,,,,,f,,{},3SITXWYCNW27MSUFN4KJWYC8FIXBXK,AssignmentAccepted
2,2018-12-16 22:48:43.34318,,,,,,f,,{},3JZQSN0I3R3MDNB53W6BR23YRQTGFF,AssignmentAccepted
3,2018-12-16 22:48:43.361147,,,,,,f,,{},3BDCF01OGYN8Z661JDVFTFFMTI5LYN,AssignmentAccepted
4,2018-12-16 22:48:46.380729,,,,,,f,,{},3PMBY0YE28W0V14NYOA0RFW8Q069C6,AssignmentAccepted
5,2018-12-16 22:48:52.773325,,,,,,f,,{},3BV8HQ2ZZXUPK35RG3BX1AFI0WC6AP,AssignmentSubmitted
6,2018-12-16 22:53:03.989301,,,,,,f,,{},3LQ8PUHQFMLKNA86OAUEFZSRMIWIH5,AssignmentSubmitted
7,2018-12-16 23:19:04.792017,,,,,,f,,{},3SITXWYCNW27MSUFN4KJWYC8FIXBXK,AssignmentAbandoned
8,2018-12-16 23:19:04.915393,,,,,,f,,{},3SITXWYCNW27MSUFN4KJWYC8FIXBXK,AssignmentAccepted
9,2018-12-16 23:43:02.271376,,,,,,f,,{},3SITXWYCNW27MSUFN4KJWYC8FIXBXK,AssignmentReturned
10,2018-12-16 23:43:10.964359,,,,,,f,,{},3SITXWYCNW27MSUFN4KJWYC8FIXBXK,AssignmentAccepted
