id,creation_time,property1,property2,property3,property4,property5,failed,time_of_death,details,type,fingerprint_hash,recruiter_id,worker_id,assignment_id,unique_id,hit_id,mode,end_time,base_pay,bonus,status
3,2018-12-16 23:03:15.652725,,,,,,f,,{},participant,undefined,mturk,3,3PMBY0YE28W0V14NYOA0RFW8Q069C6,3:3PMBY0YE28W0V14NYOA0RFW8Q069C6,3TL87MO8CMIZCVRCOLYPGACJ7M2LF9,undefined,2018-12-16 23:03:23.642486,,,overrecruited
1,2018-12-16 22:50:14.270742,,,,,,f,,{},participant,undefined,mturk,1,3BDCF01OGYN8Z661JDVFTFFMTI5LYN,1:3BDCF01OGYN8Z661JDVFTFFMTI5LYN,3TL87MO8CMIZCVRCOLYPGACJ7M2LF9,undefined,2018-12-16 23:10:15.25503,,,approved
2,2018-12-16 23:00:06.440487,,,,,,f,,{},participant,undefined,mturk,2,3JZQSN0I3R3MDNB53W6BR23YRQTGFF,2:3JZQSN0I3R3MDNB53W6BR23YRQTGFF,3TL87MO8CMIZCVRCOLYPGACJ7M2LF9,undefined,2018-12-16 23:10:28.851521,,,approved
4,2018-12-16 23:46:58.329127,,,,,,f,,{},participant,undefined,mturk,4,3SITXWYCNW27MSUFN4KJWYC8FIXBXK,4:3SITXWYCNW27MSUFN4KJWYC8FIXBXK,3TL87MO8CMIZCVRCOLYPGACJ7M2LF9,undefined,2018-12-16 23:47:03.425931,,,overrecruited
