id,creation_time,property1,property2,property3,property4,property5,failed,time_of_death,details,assignment_id,event_type
1,2018-12-16 21:58:42.950087,,,,,,f,,{},33FOTY3KENEI6W1SUBV7C9EPSODC1V,AssignmentAccepted
2,2018-12-16 21:58:42.978416,,,,,,f,,{},3ZGVPD4G6UAWN9OBO8ZPTDY5TPPTZJ,AssignmentAccepted
3,2018-12-16 21:58:43.000418,,,,,,f,,{},3Z7ISHFUH1ODPPWNLAOU2H2IFC4Z80,AssignmentAccepted
4,2018-12-16 21:58:44.206078,,,,,,f,,{},3IAEQB9FMFDLCPN9RVF3P5M191XWDD,AssignmentAccepted
5,2018-12-16 21:58:44.242326,,,,,,f,,{},3DZQRBDBSM8UNG43E1ZQF7X4CBCS3W,AssignmentAccepted
6,2018-12-16 21:58:44.303044,,,,,,f,,{},3SEPORI8WOSR8DP2I888Y88D504ZA4,AssignmentAccepted
7,2018-12-16 21:58:44.38924,,,,,,f,,{},3N1FSUEFL6T93N4PHP9KUD3AP8Z4D0,AssignmentAccepted
8,2018-12-16 21:58:45.997632,,,,,,f,,{},3EF8EXOTT2O5EA7Y43CTZDRKI8M1JY,AssignmentAccepted
9,2018-12-16 22:04:45.579531,,,,,,f,,{},37UQDCYH6YOSGRMUA87L3BTRGHS7VL,AssignmentSubmitted
10,2018-12-16 22:28:47.933996,,,,,,f,,{},3ZGVPD4G6UAWN9OBO8ZPTDY5TPPTZJ,AssignmentAbandoned
11,2018-12-16 22:29:06.776172,,,,,,f,,{},3ZGVPD4G6UAWN9OBO8ZPTDY5TPPTZJ,AssignmentAccepted
12,2018-12-16 22:59:08.464193,,,,,,f,,{},3ZGVPD4G6UAWN9OBO8ZPTDY5TPPTZJ,AssignmentAbandoned
13,2018-12-16 22:59:27.210096,,,,,,f,,{},3ZGVPD4G6UAWN9OBO8ZPTDY5TPPTZJ,AssignmentAccepted
