id,creation_time,property1,property2,property3,property4,property5,failed,time_of_death,details,type,fingerprint_hash,recruiter_id,worker_id,assignment_id,unique_id,hit_id,mode,end_time,base_pay,bonus,status
5,2018-12-16 22:06:15.731842,,,,,,f,,{},participant,undefined,mturk,5,3SEPORI8WOSR8DP2I888Y88D504ZA4,5:3SEPORI8WOSR8DP2I888Y88D504ZA4,3R6RZGK0XF588RK17FSJS4H14VPVYU,undefined,2018-12-16 22:06:16.791675,,,overrecruited
6,2018-12-16 22:06:21.611447,,,,,,f,,{},participant,undefined,mturk,6,33FOTY3KENEI6W1SUBV7C9EPSODC1V,6:33FOTY3KENEI6W1SUBV7C9EPSODC1V,3R6RZGK0XF588RK17FSJS4H14VPVYU,undefined,2018-12-16 22:06:22.868938,,,overrecruited
7,2018-12-16 22:08:48.888693,,,,,,f,,{},participant,undefined,mturk,7,3IAEQB9FMFDLCPN9RVF3P5M191XWDD,7:3IAEQB9FMFDLCPN9RVF3P5M191XWDD,3R6RZGK0XF588RK17FSJS4H14VPVYU,undefined,2018-12-16 22:08:55.198947,,,overrecruited
1,2018-12-16 21:58:58.920686,,,,,,f,,{},participant,undefined,mturk,1,3DZQRBDBSM8UNG43E1ZQF7X4CBCS3W,1:3DZQRBDBSM8UNG43E1ZQF7X4CBCS3W,3R6RZGK0XF588RK17FSJS4H14VPVYU,undefined,2018-12-16 22:13:43.971118,,,approved
2,2018-12-16 21:59:33.292439,,,,,,f,,{},participant,undefined,mturk,2,3N1FSUEFL6T93N4PHP9KUD3AP8Z4D0,2:3N1FSUEFL6T93N4PHP9KUD3AP8Z4D0,3R6RZGK0XF588RK17FSJS4H14VPVYU,undefined,2018-12-16 22:13:45.371485,,,approved
3,2018-12-16 21:59:36.258664,,,,,,f,,{},participant,undefined,mturk,3,3EF8EXOTT2O5EA7Y43CTZDRKI8M1JY,3:3EF8EXOTT2O5EA7Y43CTZDRKI8M1JY,3R6RZGK0XF588RK17FSJS4H14VPVYU,undefined,2018-12-16 22:13:47.865159,,,approved
4,2018-12-16 22:03:35.262806,,,,,,f,,{},participant,undefined,mturk,4,3Z7ISHFUH1ODPPWNLAOU2H2IFC4Z80,4:3Z7ISHFUH1ODPPWNLAOU2H2IFC4Z80,3R6RZGK0XF588RK17FSJS4H14VPVYU,undefined,2018-12-16 22:13:56.134574,,,approved
8,2018-12-16 23:02:15.409981,,,,,,f,,{},participant,undefined,mturk,8,3ZGVPD4G6UAWN9OBO8ZPTDY5TPPTZJ,8:3ZGVPD4G6UAWN9OBO8ZPTDY5TPPTZJ,3R6RZGK0XF588RK17FSJS4H14VPVYU,undefined,2018-12-16 23:02:16.849094,,,overrecruited
