id,creation_time,property1,property2,property3,property4,property5,failed,time_of_death,details,type,participant_id,number,question,response
1,2018-12-16 22:13:43.868333,,,,,,f,,{},question,1,1,questionnaire,"{""engagement"":""7"",""difficulty"":""1""}"
2,2018-12-16 22:13:45.215563,,,,,,f,,{},question,2,1,questionnaire,"{""engagement"":""7"",""difficulty"":""2""}"
3,2018-12-16 22:13:47.496168,,,,,,f,,{},question,3,1,questionnaire,"{""engagement"":""7"",""difficulty"":""6""}"
4,2018-12-16 22:13:56.01464,,,,,,f,,{},question,4,1,questionnaire,"{""engagement"":""7"",""difficulty"":""1""}"
