id,creation_time,property1,property2,property3,property4,property5,failed,time_of_death,details,assignment_id,event_type
1,2018-12-16 21:20:35.819049,,,,,,f,,{},3MD9PLUKKJ7YSWJRRCDDKESD46ZNZ6,AssignmentAccepted
2,2018-12-16 21:20:35.856777,,,,,,f,,{},3ZY8KE4ISKW2M9R967GR32AML6GQVW,AssignmentAccepted
3,2018-12-16 21:20:37.782914,,,,,,f,,{},3X87C8JFV74MUHA5CCBMSFQFM2MQSR,AssignmentAccepted
4,2018-12-16 21:20:37.820935,,,,,,f,,{},336KAV9KYRL2YKKT97DAEJGDNH4Y2Z,AssignmentAccepted
5,2018-12-16 21:20:37.886269,,,,,,f,,{},3VA45EW49OGJFLYVKG4Y7986H1RO1X,AssignmentAccepted
6,2018-12-16 21:20:37.925414,,,,,,f,,{},388U7OUMF8UM595TGPH2NZU1NX60RI,AssignmentAccepted
7,2018-12-16 21:20:37.963011,,,,,,f,,{},3YHH42UU5C8B2BAGB5K61NL2H4GL0A,AssignmentAccepted
8,2018-12-16 21:20:51.29988,,,,,,f,,{},39GXDJN2OU7WG5RDKDZRHBPMR0UV8Q,AssignmentAccepted
9,2018-12-16 21:22:13.255596,,,,,,f,,{},39GXDJN2OU7WG5RDKDZRHBPMR0UV8Q,AssignmentSubmitted
10,2018-12-16 21:22:39.698269,,,,,,f,,{},3VA45EW49OGJFLYVKG4Y7986H1RO1X,AssignmentSubmitted
11,2018-12-16 21:22:39.791036,,,,,,f,,{},336KAV9KYRL2YKKT97DAEJGDNH4Y2Z,AssignmentSubmitted
