id,creation_time,property1,property2,property3,property4,property5,failed,time_of_death,details,type,fingerprint_hash,recruiter_id,worker_id,assignment_id,unique_id,hit_id,mode,end_time,base_pay,bonus,status
5,2018-12-16 21:21:55.909623,,,,,,f,,{},participant,undefined,mturk,5,39GXDJN2OU7WG5RDKDZRHBPMR0UV8Q,5:39GXDJN2OU7WG5RDKDZRHBPMR0UV8Q,3LCXHSGDLTZUAUM6DJBKAE5ENFNSE4,undefined,2018-12-16 21:22:13.266362,1,0,approved
6,2018-12-16 21:22:08.274697,,,,,,f,,{},participant,undefined,mturk,6,3VA45EW49OGJFLYVKG4Y7986H1RO1X,6:3VA45EW49OGJFLYVKG4Y7986H1RO1X,3LCXHSGDLTZUAUM6DJBKAE5ENFNSE4,undefined,2018-12-16 21:22:39.708593,1,0,approved
7,2018-12-16 21:22:21.004134,,,,,,f,,{},participant,undefined,mturk,7,336KAV9KYRL2YKKT97DAEJGDNH4Y2Z,7:336KAV9KYRL2YKKT97DAEJGDNH4Y2Z,3LCXHSGDLTZUAUM6DJBKAE5ENFNSE4,undefined,2018-12-16 21:22:39.802403,1,0,approved
8,2018-12-16 21:42:02.917227,,,,,,f,,{},participant,undefined,mturk,8,3MD9PLUKKJ7YSWJRRCDDKESD46ZNZ6,8:3MD9PLUKKJ7YSWJRRCDDKESD46ZNZ6,3LCXHSGDLTZUAUM6DJBKAE5ENFNSE4,undefined,2018-12-16 21:42:13.084883,,,overrecruited
1,2018-12-16 21:20:45.33738,,,,,,f,,{},participant,undefined,mturk,1,3ZY8KE4ISKW2M9R967GR32AML6GQVW,1:3ZY8KE4ISKW2M9R967GR32AML6GQVW,3LCXHSGDLTZUAUM6DJBKAE5ENFNSE4,undefined,2018-12-16 21:31:59.198775,,,approved
3,2018-12-16 21:21:13.340373,,,,,,f,,{},participant,undefined,mturk,3,388U7OUMF8UM595TGPH2NZU1NX60RI,3:388U7OUMF8UM595TGPH2NZU1NX60RI,3LCXHSGDLTZUAUM6DJBKAE5ENFNSE4,undefined,2018-12-16 21:32:13.437869,,,approved
2,2018-12-16 21:20:53.307062,,,,,,f,,{},participant,undefined,mturk,2,3X87C8JFV74MUHA5CCBMSFQFM2MQSR,2:3X87C8JFV74MUHA5CCBMSFQFM2MQSR,3LCXHSGDLTZUAUM6DJBKAE5ENFNSE4,undefined,2018-12-16 21:31:59.436694,,,approved
4,2018-12-16 21:21:51.778657,,,,,,f,,{},participant,undefined,mturk,4,3YHH42UU5C8B2BAGB5K61NL2H4GL0A,4:3YHH42UU5C8B2BAGB5K61NL2H4GL0A,3LCXHSGDLTZUAUM6DJBKAE5ENFNSE4,undefined,2018-12-16 21:32:06.206676,,,approved
