id,creation_time,property1,property2,property3,property4,property5,failed,time_of_death,details,type,participant_id,number,question,response
1,2018-12-16 21:31:59.05467,,,,,,f,,{},question,1,1,questionnaire,"{""engagement"":""6"",""difficulty"":""6""}"
2,2018-12-16 21:31:59.34907,,,,,,f,,{},question,2,1,questionnaire,"{""engagement"":""6"",""difficulty"":""4""}"
3,2018-12-16 21:32:06.063674,,,,,,f,,{},question,4,1,questionnaire,"{""engagement"":""7"",""difficulty"":""5""}"
4,2018-12-16 21:32:12.819727,,,,,,f,,{},question,3,1,questionnaire,"{""engagement"":""6"",""difficulty"":""2""}"
