id,creation_time,property1,property2,property3,property4,property5,failed,time_of_death,details,assignment_id,event_type
1,2018-12-14 15:55:05.612739,,,,,,f,,{},3FQ5JJ512MH331K5RBA3XZ400N2KND,AssignmentAccepted
2,2018-12-14 15:55:05.641112,,,,,,f,,{},3FIJLY1B6VXSQ0446FWYLBHQS6MFP2,AssignmentAccepted
3,2018-12-14 15:55:05.662826,,,,,,f,,{},35LDD5557BXXLJZ5FAV3KKF0VXSKMD,AssignmentAccepted
4,2018-12-14 15:55:05.687886,,,,,,f,,{},31QTRG6Q2U6YQRLZB5OMAWO6YHCPY9,AssignmentAccepted
5,2018-12-14 15:55:05.713964,,,,,,f,,{},382M9COHEI8DCRC4SQBMDZJPOMZUEV,AssignmentAccepted
6,2018-12-14 15:55:05.737495,,,,,,f,,{},3LWJHTCVCDFDQC5J6SBNLG70X28FQT,AssignmentAccepted
7,2018-12-14 15:55:06.303089,,,,,,f,,{},3E13VNJ1NOO9JZNSMLRTNCCK5I8I1S,AssignmentAccepted
8,2018-12-14 15:55:06.373365,,,,,,f,,{},38F71OA9GUPM5X7REZ4647NVN1BFM6,AssignmentAccepted
9,2018-12-14 15:55:06.397072,,,,,,f,,{},37TD41K0AI2I0G0M7UAR8A1YID1SCK,AssignmentAccepted
10,2018-12-14 15:55:06.423175,,,,,,f,,{},392CY0QWG2KQBYKB93AVLAJNH2II45,AssignmentAccepted
11,2018-12-14 15:55:06.447518,,,,,,f,,{},3WEV0KO0ONLS58607Q52SGJG3DDSDK,AssignmentAccepted
12,2018-12-14 15:55:06.471557,,,,,,f,,{},3CPLWGV3MPSJM51ENEJE7QQKPTQN9M,AssignmentAccepted
13,2018-12-14 15:55:06.495776,,,,,,f,,{},3QILPRALQ6OJ80I4IMD07UV95N8N8X,AssignmentAccepted
14,2018-12-14 15:55:06.520408,,,,,,f,,{},3NPI0JQDAPY295M51Z1N2FWRJFUPTK,AssignmentAccepted
15,2018-12-14 15:55:06.544878,,,,,,f,,{},31UV0MXWNR587HOBN8T5Q2P1HYDI5A,AssignmentAccepted
16,2018-12-14 15:55:06.570484,,,,,,f,,{},3P529IW9KZE2ZFP6EN3R4U86NWLFL4,AssignmentAccepted
17,2018-12-14 15:55:06.594649,,,,,,f,,{},3NKQQ8O39ZY8KLY4WV027H14OAYUD2,AssignmentAccepted
18,2018-12-14 15:55:06.619826,,,,,,f,,{},30LSNF239VOG8K5O5PR7SVMPXOMI29,AssignmentAccepted
19,2018-12-14 15:55:06.644222,,,,,,f,,{},304SM51WA4XZQB8GTUEWXQVG0S1SBD,AssignmentAccepted
20,2018-12-14 15:55:07.845249,,,,,,f,,{},3F6KKYWMNCUVPVEVZUOGTM9AGE5ND3,AssignmentAccepted
21,2018-12-14 15:55:11.221622,,,,,,f,,{},3QY5DC2MXSD5I5C0N1VSVH4P0NEUFD,AssignmentAccepted
22,2018-12-14 15:55:11.252212,,,,,,f,,{},3JPSL1DZ5TSXROBJFKXE3L14VB8NA1,AssignmentAccepted
23,2018-12-14 15:55:11.315334,,,,,,f,,{},3TK8OJTYM2EHMXQU6U123XKCG0APV0,AssignmentAccepted
24,2018-12-14 15:55:11.341618,,,,,,f,,{},3ZSANO2JCG0P3SKWYW0SGGM1FQTSFV,AssignmentAccepted
25,2018-12-14 15:55:11.375527,,,,,,f,,{},3S06PH7KSSXSBO76U7QIWFW7DD0D1L,AssignmentAccepted
26,2018-12-14 15:55:12.284064,,,,,,f,,{},3ZWFC4W1UV0D2DKJJ70NQ6H5TOAFRU,AssignmentAccepted
27,2018-12-14 15:55:12.321575,,,,,,f,,{},3Z7EFSHGNA7QWXML14GE7IIQXS3CXC,AssignmentAccepted
28,2018-12-14 15:55:12.352297,,,,,,f,,{},3HWRJOOET6VXXEK03LGMYY113PESED,AssignmentAccepted
29,2018-12-14 15:55:12.380425,,,,,,f,,{},3TEM0PF1Q6QS4ZMOYOMIIADX8LUD0I,AssignmentAccepted
30,2018-12-14 15:55:15.071714,,,,,,f,,{},30X31N5D64JU713ONGE02FBAIAGSAI,AssignmentAccepted
31,2018-12-14 15:55:15.09953,,,,,,f,,{},3Z4AIRP3C7669UCNL7RUQMZZTVCX17,AssignmentAccepted
32,2018-12-14 15:55:15.129296,,,,,,f,,{},3J88R45B2HR9QMVP692KRIHXWBIPX3,AssignmentAccepted
33,2018-12-14 15:55:18.779679,,,,,,f,,{},3TU5ZICBREU4BXVWYE5HBOQEAYSQ8K,AssignmentSubmitted
34,2018-12-14 15:55:18.813023,,,,,,f,,{},3B3WTRP3DCVNXJCL1VLUF2NMEYX298,AssignmentSubmitted
35,2018-12-14 15:55:20.362868,,,,,,f,,{},3OLQQLKKNTI4YB1AGR786XAE760JEN,AssignmentSubmitted
36,2018-12-14 15:55:33.143868,,,,,,f,,{},3B2X28YI3X8U3DAJMHBTWLZOI33B69,AssignmentSubmitted
37,2018-12-14 15:55:47.944592,,,,,,f,,"{""feedback"": ""Logged in.... Error. Lol"", ""error_text"": ""There has been an error and so you are unable to\r\n        continue, sorry!"", ""error_type"": ""browser_type_not_allowed"", ""request_data"": {""hit_id"": null, ""worker_id"": null, ""participant_id"": null}}",unknown,ExperimentError
38,2018-12-14 15:55:49.068462,,,,,,f,,{},3OF2M9AATHHXKQYOUZLXSMB9A17ZK6,AssignmentSubmitted
39,2018-12-14 15:55:49.10653,,,,,,f,,{},3CN4LGXD5YHC1YZGDLWY7YDB7LE4YV,AssignmentSubmitted
40,2018-12-14 15:55:49.142312,,,,,,f,,{},3C8HJ7UOP8NSAEYRFBYD7Z3DZ62ZMB,AssignmentSubmitted
41,2018-12-14 15:55:49.1718,,,,,,f,,{},34V1S5K3GTUBFKVMOXXX5F4YU3069U,AssignmentSubmitted
42,2018-12-14 15:55:52.680199,,,,,,f,,{},3LBXNTKX0SOOYZFIPK6N5SHIR709XS,AssignmentSubmitted
43,2018-12-14 15:56:01.562623,,,,,,f,,{},382M9COHEI8DCRC4SQBMDZJPOMZUEV,AssignmentReturned
44,2018-12-14 15:56:01.596141,,,,,,f,,{},382M9COHEI8DCRC4SQBMDZJPOMZUEV,AssignmentAccepted
45,2018-12-14 15:56:08.161212,,,,,,f,,{},3AAJC4I4FHL296S6CELLR7BWVC7ZJ7,AssignmentSubmitted
46,2018-12-14 15:56:22.297588,,,,,,f,,{},3NLZY2D53QIZQ4FFS3ELGTCKUYTLQ3,AssignmentSubmitted
47,2018-12-14 15:56:23.925343,,,,,,f,,{},392CY0QWG2KQBYKB93AVLAJNH2II45,AssignmentReturned
48,2018-12-14 15:56:38.208946,,,,,,f,,{},3Z2R0DQ0JI74SF32961G7GOX5VEE2V,AssignmentSubmitted
49,2018-12-14 15:56:48.331275,,,,,,f,,{},3P529IW9KZE2ZFP6EN3R4U86NWLFL4,AssignmentReturned
50,2018-12-14 15:56:51.670039,,,,,,f,,{},392CY0QWG2KQBYKB93AVLAJNH2II45,AssignmentAccepted
51,2018-12-14 15:57:11.472205,,,,,,f,,{},3GDTJDAPVV4DQIX46LY0UF690XX8MH,AssignmentSubmitted
52,2018-12-14 15:57:12.807765,,,,,,f,,{},38JBBYETQP3EVTIPDKK40VLVP9CE4T,AssignmentAccepted
53,2018-12-14 15:57:27.374588,,,,,,f,,{},3UNH76FOCTYS5OOMJPWUTSUBTCYYMJ,AssignmentSubmitted
54,2018-12-14 15:57:41.117905,,,,,,f,,{},3H7Z272LX80EQSE0SQZWGOMAP22LP7,AssignmentSubmitted
55,2018-12-14 15:57:56.672754,,,,,,f,,{},3JRJSWSMQIETDXZLD6FLQQTPB9EE36,AssignmentSubmitted
56,2018-12-14 15:58:08.806446,,,,,,f,,"{""feedback"": """", ""error_text"": ""There has been an error and so you are unable to\r\n        continue, sorry!"", ""error_type"": ""already_started_exp_mturk"", ""request_data"": {""hit_id"": null, ""worker_id"": null, ""participant_id"": null}}",unknown,ExperimentError
57,2018-12-14 15:58:39.341068,,,,,,f,,{},386CSBG1O0FH7JC85Z8JRAUN432Q6Y,AssignmentSubmitted
58,2018-12-14 15:58:48.804095,,,,,,f,,{},37TRT2X24RK6R8PQ605I5P4T49NJBN,AssignmentSubmitted
59,2018-12-14 15:59:16.424375,,,,,,f,,{},35H6S234SBTSEXTAL7KGTZZW87J564,AssignmentAccepted
60,2018-12-14 15:59:38.183129,,,,,,f,,{},38F71OA9GUPM5X7REZ4647NVN1BFM6,AssignmentReturned
61,2018-12-14 15:59:55.513953,,,,,,f,,{},38F71OA9GUPM5X7REZ4647NVN1BFM6,AssignmentAccepted
62,2018-12-14 16:00:08.97598,,,,,,f,,{},324G5B4FB41CNQLE7BJWII31MAN078,AssignmentSubmitted
63,2018-12-14 16:00:26.778036,,,,,,f,,{},3LBXNTKX0SOOYZFIPK6N5SHIR71X9H,AssignmentAccepted
64,2018-12-14 16:00:28.129055,,,,,,f,,{},32M8BPYGAUF6NEDV44CWUZGQ77QGIP,AssignmentSubmitted
65,2018-12-14 16:01:14.432412,,,,,,f,,"{""feedback"": """", ""error_text"": ""There has been an error and so you are unable to\r\n        continue, sorry!"", ""error_type"": ""already_started_exp_mturk"", ""request_data"": {""hit_id"": null, ""worker_id"": null, ""participant_id"": null}}",unknown,ExperimentError
66,2018-12-14 16:01:21.231792,,,,,,f,,{},3QILPRALQ6OJ80I4IMD07UV95N8N8X,AssignmentReturned
67,2018-12-14 16:02:28.63137,,,,,,f,,{},3J88R45B2HR9QMVP692KRIHXWBIPX3,AssignmentReturned
68,2018-12-14 16:04:35.208366,,,,,,f,,"{""feedback"": ""reloaded page ,game froze"", ""error_text"": ""There has been an error and so you are unable to\r\n        continue, sorry!"", ""error_type"": ""already_started_exp_mturk"", ""request_data"": {""hit_id"": null, ""worker_id"": null, ""participant_id"": null}}",unknown,ExperimentError
80,2018-12-14 16:21:09.162881,,,,,,f,,"{""feedback"": ""The game play fine but it showed 1 points the whole time and I was unsure if it was supposed to stay that way or add up as I collected. The timer expired and the game did not end."", ""error_text"": ""There has been an error and so you are unable to\r\n        continue, sorry!"", ""error_type"": ""already_started_exp_mturk"", ""request_data"": {""hit_id"": null, ""worker_id"": null, ""participant_id"": null}}",unknown,ExperimentError
86,2018-12-14 16:24:08.761508,,,,,,f,,"{""feedback"": ""The hit still wont let me submit even after filling out the form the first time and clicking submit. I finished the game as the time expired in the game but the game continued to play instead of ending."", ""error_text"": ""There has been an error and so you are unable to\r\n        continue, sorry!"", ""error_type"": ""already_started_exp_mturk"", ""request_data"": {""hit_id"": null, ""worker_id"": null, ""participant_id"": null}}",unknown,ExperimentError
69,2018-12-14 16:10:05.596183,,,,,,f,,{},38JBBYETQP3EVTIPDKK40VLVP9CE4T,AssignmentReturned
70,2018-12-14 16:11:43.236813,,,,,,f,,{},3Z4AIRP3C7669UCNL7RUQMZZTVCX17,AssignmentReturned
71,2018-12-14 16:13:25.462171,,,,,,f,,"{""feedback"": ""There has been an error and so you are unable to continue, sorry!"", ""error_text"": ""There has been an error and so you are unable to\r\n        continue, sorry!"", ""error_type"": ""already_started_exp_mturk"", ""request_data"": {""hit_id"": null, ""worker_id"": null, ""participant_id"": null}}",unknown,ExperimentError
72,2018-12-14 16:15:05.300763,,,,,,f,,"{""feedback"": ""Game worked except that the point counter would not go up from 0. After the game timer ran out, there was no way to advance in the task. A30MP4LXV4MIFD"", ""error_text"": ""There has been an error and so you are unable to\r\n        continue, sorry!"", ""error_type"": ""already_started_exp_mturk"", ""request_data"": {""hit_id"": null, ""worker_id"": null, ""participant_id"": null}}",unknown,ExperimentError
73,2018-12-14 16:15:35.092966,,,,,,f,,{},3F6KKYWMNCUVPVEVZUOGTM9AGE5ND3,AssignmentReturned
77,2018-12-14 16:18:01.828564,,,,,,f,,"{""feedback"": """", ""error_text"": ""There has been an error and so you are unable to\r\n        continue, sorry!"", ""error_type"": ""already_started_exp_mturk"", ""request_data"": {""hit_id"": null, ""worker_id"": null, ""participant_id"": null}}",unknown,ExperimentError
78,2018-12-14 16:19:32.173398,,,,,,f,,{},31QTRG6Q2U6YQRLZB5OMAWO6YHCPY9,AssignmentAccepted
79,2018-12-14 16:19:32.213137,,,,,,f,,{},31QTRG6Q2U6YQRLZB5OMAWO6YHCPY9,AssignmentReturned
81,2018-12-14 16:21:34.190287,,,,,,f,,{},31QTRG6Q2U6YQRLZB5OMAWO6YHCPY9,AssignmentReturned
82,2018-12-14 16:21:46.829341,,,,,,f,,{},3TK8OJTYM2EHMXQU6U123XKCG0APV0,AssignmentReturned
83,2018-12-14 16:21:54.027253,,,,,,f,,{},31QTRG6Q2U6YQRLZB5OMAWO6YHCPY9,AssignmentAccepted
84,2018-12-14 16:22:15.955958,,,,,,f,,{},3TK8OJTYM2EHMXQU6U123XKCG0APV0,AssignmentAccepted
85,2018-12-14 16:22:29.036921,,,,,,f,,{},3HWRJOOET6VXXEK03LGMYY113PESED,AssignmentReturned
87,2018-12-14 16:24:23.242661,,,,,,f,,{},3LWJHTCVCDFDQC5J6SBNLG70X28FQT,AssignmentReturned
88,2018-12-14 16:24:43.794402,,,,,,f,,{},3LWJHTCVCDFDQC5J6SBNLG70X28FQT,AssignmentAccepted
89,2018-12-14 16:25:17.342601,,,,,,f,,{},3FQ5JJ512MH331K5RBA3XZ400N2KND,AssignmentAbandoned
90,2018-12-14 16:25:17.374235,,,,,,f,,{},3FIJLY1B6VXSQ0446FWYLBHQS6MFP2,AssignmentAbandoned
91,2018-12-14 16:25:19.782642,,,,,,f,,{},37TD41K0AI2I0G0M7UAR8A1YID1SCK,AssignmentAbandoned
92,2018-12-14 16:25:34.704631,,,,,,f,,{},3FQ5JJ512MH331K5RBA3XZ400N2KND,AssignmentAccepted
93,2018-12-14 16:25:41.557522,,,,,,f,,{},37TD41K0AI2I0G0M7UAR8A1YID1SCK,AssignmentAccepted
74,2018-12-14 16:15:46.985541,,,,,,f,,"{""feedback"": ""I finished the game but the screen did not advance. There was only an opt out button at the bottom of the screen."", ""error_text"": ""There has been an error and so you are unable to\r\n        continue, sorry!"", ""error_type"": ""already_started_exp_mturk"", ""request_data"": {""hit_id"": null, ""worker_id"": null, ""participant_id"": null}}",unknown,ExperimentError
75,2018-12-14 16:15:53.450993,,,,,,f,,"{""feedback"": ""The game just broke shortly into it. I couldn't collect points any longer, it kept looping like it was getting my current position, then the game wouldn't end. "", ""error_text"": ""There has been an error and so you are unable to\r\n        continue, sorry!"", ""error_type"": ""already_started_exp_mturk"", ""request_data"": {""hit_id"": null, ""worker_id"": null, ""participant_id"": null}}",unknown,ExperimentError
76,2018-12-14 16:16:42.789204,,,,,,f,,"{""feedback"": ""already_started_exp_mturk"", ""error_text"": ""There has been an error and so you are unable to\r\n        continue, sorry!"", ""error_type"": ""already_started_exp_mturk"", ""request_data"": {""hit_id"": null, ""worker_id"": null, ""participant_id"": null}}",unknown,ExperimentError
