id,creation_time,property1,property2,property3,property4,property5,failed,time_of_death,details,type,fingerprint_hash,recruiter_id,worker_id,assignment_id,unique_id,hit_id,mode,end_time,base_pay,bonus,status
17,2018-12-14 16:00:57.256447,,,,,,f,,{},participant,undefined,mturk,17,3Z7EFSHGNA7QWXML14GE7IIQXS3CXC,17:3Z7EFSHGNA7QWXML14GE7IIQXS3CXC,3OYHVNTV5TRIY2MN2O5EO48I9F2OKS,undefined,2018-12-14 16:00:59.354963,,,overrecruited
16,2018-12-14 16:00:47.736221,,,,,,f,,{},participant,undefined,mturk,16,30X31N5D64JU713ONGE02FBAIAGSAI,16:30X31N5D64JU713ONGE02FBAIAGSAI,3OYHVNTV5TRIY2MN2O5EO48I9F2OKS,undefined,2018-12-14 16:04:55.091939,,,approved
18,2018-12-14 16:01:15.59386,,,,,,f,,{},participant,undefined,mturk,18,3E13VNJ1NOO9JZNSMLRTNCCK5I8I1S,18:3E13VNJ1NOO9JZNSMLRTNCCK5I8I1S,3OYHVNTV5TRIY2MN2O5EO48I9F2OKS,undefined,2018-12-14 16:01:21.073454,,,overrecruited
3,2018-12-14 15:56:11.825991,,,,,,f,,{},participant,undefined,mturk,3,3QILPRALQ6OJ80I4IMD07UV95N8N8X,3:3QILPRALQ6OJ80I4IMD07UV95N8N8X,3OYHVNTV5TRIY2MN2O5EO48I9F2OKS,undefined,2018-12-14 16:01:21.237586,,,returned
13,2018-12-14 15:59:39.557444,,,,,,f,,{},participant,undefined,mturk,13,3ZWFC4W1UV0D2DKJJ70NQ6H5TOAFRU,13:3ZWFC4W1UV0D2DKJJ70NQ6H5TOAFRU,3OYHVNTV5TRIY2MN2O5EO48I9F2OKS,undefined,2018-12-14 16:15:20.361496,,,approved
19,2018-12-14 16:01:54.488286,,,,,,f,,{},participant,undefined,mturk,19,3WEV0KO0ONLS58607Q52SGJG3DDSDK,19:3WEV0KO0ONLS58607Q52SGJG3DDSDK,3OYHVNTV5TRIY2MN2O5EO48I9F2OKS,undefined,2018-12-14 16:01:57.325236,,,overrecruited
20,2018-12-14 16:02:15.183932,,,,,,f,,{},participant,undefined,mturk,20,3J88R45B2HR9QMVP692KRIHXWBIPX3,20:3J88R45B2HR9QMVP692KRIHXWBIPX3,3OYHVNTV5TRIY2MN2O5EO48I9F2OKS,undefined,,,,overrecruited
21,2018-12-14 16:02:19.992264,,,,,,f,,{},participant,undefined,mturk,21,3NPI0JQDAPY295M51Z1N2FWRJFUPTK,21:3NPI0JQDAPY295M51Z1N2FWRJFUPTK,3OYHVNTV5TRIY2MN2O5EO48I9F2OKS,undefined,2018-12-14 16:02:27.964256,,,overrecruited
22,2018-12-14 16:03:43.976433,,,,,,f,,{},participant,undefined,mturk,22,3S06PH7KSSXSBO76U7QIWFW7DD0D1L,22:3S06PH7KSSXSBO76U7QIWFW7DD0D1L,3OYHVNTV5TRIY2MN2O5EO48I9F2OKS,undefined,2018-12-14 16:03:44.989964,,,overrecruited
23,2018-12-14 16:03:47.811075,,,,,,f,,{},participant,undefined,mturk,23,35LDD5557BXXLJZ5FAV3KKF0VXSKMD,23:35LDD5557BXXLJZ5FAV3KKF0VXSKMD,3OYHVNTV5TRIY2MN2O5EO48I9F2OKS,undefined,2018-12-14 16:03:49.490933,,,overrecruited
11,2018-12-14 15:59:05.462774,,,,,,f,,{},participant,undefined,mturk,11,31UV0MXWNR587HOBN8T5Q2P1HYDI5A,11:31UV0MXWNR587HOBN8T5Q2P1HYDI5A,3OYHVNTV5TRIY2MN2O5EO48I9F2OKS,undefined,2018-12-14 16:11:22.592889,,,approved
24,2018-12-14 16:05:26.348394,,,,,,f,,{},participant,undefined,mturk,24,38F71OA9GUPM5X7REZ4647NVN1BFM6,24:38F71OA9GUPM5X7REZ4647NVN1BFM6,3OYHVNTV5TRIY2MN2O5EO48I9F2OKS,undefined,2018-12-14 16:05:33.586111,,,overrecruited
25,2018-12-14 16:05:38.757002,,,,,,f,,{},participant,undefined,mturk,25,3QY5DC2MXSD5I5C0N1VSVH4P0NEUFD,25:3QY5DC2MXSD5I5C0N1VSVH4P0NEUFD,3OYHVNTV5TRIY2MN2O5EO48I9F2OKS,undefined,2018-12-14 16:05:39.969101,,,overrecruited
26,2018-12-14 16:06:02.576755,,,,,,f,,{},participant,undefined,mturk,26,3CPLWGV3MPSJM51ENEJE7QQKPTQN9M,26:3CPLWGV3MPSJM51ENEJE7QQKPTQN9M,3OYHVNTV5TRIY2MN2O5EO48I9F2OKS,undefined,2018-12-14 16:06:11.502255,,,overrecruited
27,2018-12-14 16:08:53.268886,,,,,,f,,{},participant,undefined,mturk,27,3ZSANO2JCG0P3SKWYW0SGGM1FQTSFV,27:3ZSANO2JCG0P3SKWYW0SGGM1FQTSFV,3OYHVNTV5TRIY2MN2O5EO48I9F2OKS,undefined,2018-12-14 16:08:58.81267,,,overrecruited
12,2018-12-14 15:59:32.064681,,,,,,f,,{},participant,undefined,mturk,12,392CY0QWG2KQBYKB93AVLAJNH2II45,12:392CY0QWG2KQBYKB93AVLAJNH2II45,3OYHVNTV5TRIY2MN2O5EO48I9F2OKS,undefined,2018-12-14 16:01:36.047318,,,approved
10,2018-12-14 15:59:03.726717,,,,,,f,,{},participant,undefined,mturk,10,3Z4AIRP3C7669UCNL7RUQMZZTVCX17,10:3Z4AIRP3C7669UCNL7RUQMZZTVCX17,3OYHVNTV5TRIY2MN2O5EO48I9F2OKS,undefined,2018-12-14 16:11:43.242541,,,returned
7,2018-12-14 15:57:35.739275,,,,,,f,,{},participant,undefined,mturk,7,3NKQQ8O39ZY8KLY4WV027H14OAYUD2,7:3NKQQ8O39ZY8KLY4WV027H14OAYUD2,3OYHVNTV5TRIY2MN2O5EO48I9F2OKS,undefined,2018-12-14 16:03:51.782511,,,approved
1,2018-12-14 15:55:45.965212,,,,,,f,,{},participant,undefined,mturk,1,3TEM0PF1Q6QS4ZMOYOMIIADX8LUD0I,1:3TEM0PF1Q6QS4ZMOYOMIIADX8LUD0I,3OYHVNTV5TRIY2MN2O5EO48I9F2OKS,undefined,2018-12-14 16:16:27.421885,,,approved
28,2018-12-14 16:12:46.917022,,,,,,f,,{},participant,undefined,mturk,28,3IHR8NYAM8UISK7FMY0FU7KZ3GGP4R,28:3IHR8NYAM8UISK7FMY0FU7KZ3GGP4R,3OYHVNTV5TRIY2MN2O5EO48I9F2OKS,undefined,2018-12-14 16:12:51.687413,,,overrecruited
14,2018-12-14 16:00:30.03576,,,,,,f,,{},participant,undefined,mturk,14,304SM51WA4XZQB8GTUEWXQVG0S1SBD,14:304SM51WA4XZQB8GTUEWXQVG0S1SBD,3OYHVNTV5TRIY2MN2O5EO48I9F2OKS,undefined,2018-12-14 16:01:06.725645,,,approved
4,2018-12-14 15:56:43.459607,,,,,,f,,{},participant,undefined,mturk,4,3F6KKYWMNCUVPVEVZUOGTM9AGE5ND3,4:3F6KKYWMNCUVPVEVZUOGTM9AGE5ND3,3OYHVNTV5TRIY2MN2O5EO48I9F2OKS,undefined,2018-12-14 16:15:35.157535,,,returned
6,2018-12-14 15:57:05.850616,,,,,,f,,{},participant,undefined,mturk,6,382M9COHEI8DCRC4SQBMDZJPOMZUEV,6:382M9COHEI8DCRC4SQBMDZJPOMZUEV,3OYHVNTV5TRIY2MN2O5EO48I9F2OKS,undefined,2018-12-14 16:12:12.079598,,,approved
29,2018-12-14 16:16:56.827999,,,,,,f,,{},participant,undefined,mturk,29,30LSNF239VOG8K5O5PR7SVMPXOMI29,29:30LSNF239VOG8K5O5PR7SVMPXOMI29,3OYHVNTV5TRIY2MN2O5EO48I9F2OKS,undefined,2018-12-14 16:16:58.485089,,,overrecruited
30,2018-12-14 16:19:05.956396,,,,,,f,,{},participant,undefined,mturk,30,3SKEMFQBZ4YI0UX1L9LKF2E5BS58KF,30:3SKEMFQBZ4YI0UX1L9LKF2E5BS58KF,3OYHVNTV5TRIY2MN2O5EO48I9F2OKS,undefined,2018-12-14 16:19:12.853743,,,overrecruited
5,2018-12-14 15:56:47.964935,,,,,,f,,{},participant,undefined,mturk,5,31QTRG6Q2U6YQRLZB5OMAWO6YHCPY9,5:31QTRG6Q2U6YQRLZB5OMAWO6YHCPY9,3OYHVNTV5TRIY2MN2O5EO48I9F2OKS,undefined,2018-12-14 16:19:32.219281,,,returned
9,2018-12-14 15:58:59.09261,,,,,,f,,{},participant,undefined,mturk,9,3TK8OJTYM2EHMXQU6U123XKCG0APV0,9:3TK8OJTYM2EHMXQU6U123XKCG0APV0,3OYHVNTV5TRIY2MN2O5EO48I9F2OKS,undefined,2018-12-14 16:21:46.835435,,,returned
8,2018-12-14 15:57:57.955848,,,,,,f,,{},participant,undefined,mturk,8,3HWRJOOET6VXXEK03LGMYY113PESED,8:3HWRJOOET6VXXEK03LGMYY113PESED,3OYHVNTV5TRIY2MN2O5EO48I9F2OKS,undefined,2018-12-14 16:22:29.043029,,,returned
31,2018-12-14 16:23:04.157783,,,,,,f,,{},participant,undefined,mturk,31,31QTRG6Q2U6YQRLZB5OMAWO6YHCPY9,31:31QTRG6Q2U6YQRLZB5OMAWO6YHCPY9,3OYHVNTV5TRIY2MN2O5EO48I9F2OKS,undefined,2018-12-14 16:23:08.853095,,,overrecruited
32,2018-12-14 16:24:41.754433,,,,,,f,,{},participant,undefined,mturk,32,3TK8OJTYM2EHMXQU6U123XKCG0APV0,32:3TK8OJTYM2EHMXQU6U123XKCG0APV0,3OYHVNTV5TRIY2MN2O5EO48I9F2OKS,undefined,2018-12-14 16:24:48.353481,,,overrecruited
33,2018-12-14 16:24:56.098657,,,,,,f,,{},participant,undefined,mturk,33,3L0KT67Y8F9V3J1R3MSG51THL1OSYX,33:3L0KT67Y8F9V3J1R3MSG51THL1OSYX,3OYHVNTV5TRIY2MN2O5EO48I9F2OKS,undefined,2018-12-14 16:24:58.420358,,,overrecruited
15,2018-12-14 16:00:42.999575,,,,,,f,,{},participant,undefined,mturk,15,37TD41K0AI2I0G0M7UAR8A1YID1SCK,15:37TD41K0AI2I0G0M7UAR8A1YID1SCK,3OYHVNTV5TRIY2MN2O5EO48I9F2OKS,undefined,2018-12-14 16:25:19.788508,,,abandoned
2,2018-12-14 15:55:51.286618,,,,,,f,,{},participant,undefined,mturk,2,3JPSL1DZ5TSXROBJFKXE3L14VB8NA1,2:3JPSL1DZ5TSXROBJFKXE3L14VB8NA1,3OYHVNTV5TRIY2MN2O5EO48I9F2OKS,undefined,2018-12-14 16:12:30.730159,,,approved
34,2018-12-14 16:26:19.612213,,,,,,f,,{},participant,undefined,mturk,34,3WOKGM4L729J8WDDOX0YT4PWCZ4O0T,34:3WOKGM4L729J8WDDOX0YT4PWCZ4O0T,3OYHVNTV5TRIY2MN2O5EO48I9F2OKS,undefined,2018-12-14 16:26:28.569011,,,overrecruited
37,2018-12-14 16:28:11.971658,,,,,,f,,{},participant,undefined,mturk,37,3HQUKB7LNG7KRFXMISCTFNRCMUVHH3,37:3HQUKB7LNG7KRFXMISCTFNRCMUVHH3,3OYHVNTV5TRIY2MN2O5EO48I9F2OKS,undefined,2018-12-14 16:28:20.772466,,,overrecruited
38,2018-12-14 16:28:24.698677,,,,,,f,,{},participant,undefined,mturk,38,3FQ5JJ512MH331K5RBA3XZ400N2KND,38:3FQ5JJ512MH331K5RBA3XZ400N2KND,3OYHVNTV5TRIY2MN2O5EO48I9F2OKS,undefined,2018-12-14 16:28:29.01617,,,overrecruited
39,2018-12-14 16:29:27.675992,,,,,,f,,{},participant,undefined,mturk,39,3COPXFW7XC536MWI7QNV1O9V027PKI,39:3COPXFW7XC536MWI7QNV1O9V027PKI,3OYHVNTV5TRIY2MN2O5EO48I9F2OKS,undefined,2018-12-14 16:29:28.823289,,,overrecruited
35,2018-12-14 16:27:00.448354,,,,,,f,,{},participant,undefined,mturk,35,36W0OB37HX76I0XGOEI0FUVHIKBZHA,35:36W0OB37HX76I0XGOEI0FUVHIKBZHA,3OYHVNTV5TRIY2MN2O5EO48I9F2OKS,undefined,2018-12-14 16:27:05.155449,,,overrecruited
36,2018-12-14 16:27:51.111657,,,,,,f,,{},participant,undefined,mturk,36,3LWJHTCVCDFDQC5J6SBNLG70X28FQT,36:3LWJHTCVCDFDQC5J6SBNLG70X28FQT,3OYHVNTV5TRIY2MN2O5EO48I9F2OKS,undefined,2018-12-14 16:27:57.128,,,overrecruited
40,2018-12-14 16:29:30.324717,,,,,,f,,{},participant,undefined,mturk,40,37TD41K0AI2I0G0M7UAR8A1YID1SCK,40:37TD41K0AI2I0G0M7UAR8A1YID1SCK,3OYHVNTV5TRIY2MN2O5EO48I9F2OKS,undefined,2018-12-14 16:29:36.371997,,,overrecruited
