id,creation_time,property1,property2,property3,property4,property5,failed,time_of_death,details,type,participant_id,number,question,response
1,2018-12-14 16:01:06.641372,,,,,,f,,{},question,14,1,questionnaire,"{""engagement"":""1"",""difficulty"":""4""}"
2,2018-12-14 16:01:35.914756,,,,,,f,,{},question,12,1,questionnaire,"{""engagement"":""5"",""difficulty"":""3""}"
3,2018-12-14 16:03:51.711954,,,,,,f,,{},question,7,1,questionnaire,"{""engagement"":""6"",""difficulty"":""6""}"
4,2018-12-14 16:04:54.939465,,,,,,f,,{},question,16,1,questionnaire,"{""engagement"":""4"",""difficulty"":""5""}"
5,2018-12-14 16:11:21.965223,,,,,,f,,{},question,11,1,questionnaire,"{""engagement"":""5"",""difficulty"":""6""}"
6,2018-12-14 16:12:11.988579,,,,,,f,,{},question,6,1,questionnaire,"{""engagement"":""7"",""difficulty"":""5""}"
7,2018-12-14 16:12:30.623789,,,,,,f,,{},question,2,1,questionnaire,"{""engagement"":""3"",""difficulty"":""7""}"
8,2018-12-14 16:15:20.241999,,,,,,f,,{},question,13,1,questionnaire,"{""engagement"":""6"",""difficulty"":""7""}"
9,2018-12-14 16:16:27.180552,,,,,,f,,{},question,1,1,questionnaire,"{""engagement"":""3"",""difficulty"":""1""}"
