id,creation_time,property1,property2,property3,property4,property5,failed,time_of_death,details,assignment_id,event_type
1,2018-12-16 21:26:03.878885,,,,,,f,,{},3WLEIWSYHPAGCPU4Z79MSJLAXMSH2M,AssignmentAccepted
2,2018-12-16 21:26:03.907527,,,,,,f,,{},3GA6AFUKOPH5X7QN37NRBTQ230SH3X,AssignmentAccepted
3,2018-12-16 21:26:03.933429,,,,,,f,,{},3A1PQ49WVIA9N4C8G398N0B55GEH15,AssignmentAccepted
4,2018-12-16 21:26:03.961785,,,,,,f,,{},39LNWE0K4VPPSWEQO91DYEHHGPQUI8,AssignmentAccepted
5,2018-12-16 21:26:03.990582,,,,,,f,,{},3YGXWBAF71AZYVYBHTE9A7LS48JC44,AssignmentAccepted
6,2018-12-16 21:26:04.018846,,,,,,f,,{},3EG49X351V51GGDKRD3BLIQG1GCX69,AssignmentAccepted
7,2018-12-16 21:26:13.068473,,,,,,f,,{},382M9COHEI8DCRC4SQBMDZJPOXKEUM,AssignmentAccepted
8,2018-12-16 21:26:13.153771,,,,,,f,,{},3Q8GYXHFEQVHUE2BVYXJFZR644EC59,AssignmentAccepted
9,2018-12-16 21:28:14.750586,,,,,,f,,{},3EG49X351V51GGDKRD3BLIQG1GCX69,AssignmentSubmitted
10,2018-12-16 21:32:03.426576,,,,,,f,,{},3X87C8JFV74MUHA5CCBMSFQFM2MQSR,AssignmentSubmitted
11,2018-12-16 21:32:03.47271,,,,,,f,,{},3ZY8KE4ISKW2M9R967GR32AML6GQVW,AssignmentSubmitted
12,2018-12-16 21:32:22.558226,,,,,,f,,{},3Q8GYXHFEQVHUE2BVYXJFZR644EC59,AssignmentSubmitted
13,2018-12-16 21:32:22.631772,,,,,,f,,{},3YHH42UU5C8B2BAGB5K61NL2H4GL0A,AssignmentSubmitted
14,2018-12-16 21:32:34.437198,,,,,,f,,{},388U7OUMF8UM595TGPH2NZU1NX60RI,AssignmentSubmitted
15,2018-12-16 21:37:27.540696,,,,,,f,,{},382M9COHEI8DCRC4SQBMDZJPOXKEUM,AssignmentSubmitted
16,2018-12-16 21:38:17.908801,,,,,,f,,{},3A1PQ49WVIA9N4C8G398N0B55GEH15,AssignmentSubmitted
17,2018-12-16 21:38:17.975071,,,,,,f,,{},39LNWE0K4VPPSWEQO91DYEHHGPQUI8,AssignmentSubmitted
18,2018-12-16 21:38:18.066356,,,,,,f,,{},3GA6AFUKOPH5X7QN37NRBTQ230SH3X,AssignmentSubmitted
19,2018-12-16 21:38:47.655926,,,,,,f,,{},3YGXWBAF71AZYVYBHTE9A7LS48JC44,AssignmentSubmitted
20,2018-12-16 21:39:14.827636,,,,,,f,,{},3WLEIWSYHPAGCPU4Z79MSJLAXMSH2M,AssignmentSubmitted
21,2018-12-16 21:42:27.765044,,,,,,f,,{},3MD9PLUKKJ7YSWJRRCDDKESD46ZNZ6,AssignmentSubmitted
