id,creation_time,property1,property2,property3,property4,property5,failed,time_of_death,details,type,fingerprint_hash,recruiter_id,worker_id,assignment_id,unique_id,hit_id,mode,end_time,base_pay,bonus,status
5,2018-12-16 21:27:50.576862,,,,,,f,,{},participant,undefined,mturk,5,3EG49X351V51GGDKRD3BLIQG1GCX69,5:3EG49X351V51GGDKRD3BLIQG1GCX69,32204AGAAB534Z4H8KP963JORKMGHP,undefined,2018-12-16 21:28:14.757964,1,0,approved
7,2018-12-16 21:38:32.55011,,,,,,f,,{},participant,undefined,mturk,7,3YGXWBAF71AZYVYBHTE9A7LS48JC44,7:3YGXWBAF71AZYVYBHTE9A7LS48JC44,32204AGAAB534Z4H8KP963JORKMGHP,undefined,2018-12-16 21:38:47.66367,1,0,approved
6,2018-12-16 21:32:07.227743,,,,,,f,,{},participant,undefined,mturk,6,3Q8GYXHFEQVHUE2BVYXJFZR644EC59,6:3Q8GYXHFEQVHUE2BVYXJFZR644EC59,32204AGAAB534Z4H8KP963JORKMGHP,undefined,2018-12-16 21:32:22.565395,1,0,approved
1,2018-12-16 21:26:23.994083,,,,,,f,,{},participant,undefined,mturk,1,382M9COHEI8DCRC4SQBMDZJPOXKEUM,1:382M9COHEI8DCRC4SQBMDZJPOXKEUM,32204AGAAB534Z4H8KP963JORKMGHP,undefined,2018-12-16 21:37:27.548336,1,1,approved
8,2018-12-16 21:39:06.454464,,,,,,f,,{},participant,undefined,mturk,8,3WLEIWSYHPAGCPU4Z79MSJLAXMSH2M,8:3WLEIWSYHPAGCPU4Z79MSJLAXMSH2M,32204AGAAB534Z4H8KP963JORKMGHP,undefined,2018-12-16 21:39:14.890264,1,0,approved
3,2018-12-16 21:27:21.120629,,,,,,f,,{},participant,undefined,mturk,3,3A1PQ49WVIA9N4C8G398N0B55GEH15,3:3A1PQ49WVIA9N4C8G398N0B55GEH15,32204AGAAB534Z4H8KP963JORKMGHP,undefined,2018-12-16 21:38:17.916692,1,1.02,approved
4,2018-12-16 21:27:44.504881,,,,,,f,,{},participant,undefined,mturk,4,39LNWE0K4VPPSWEQO91DYEHHGPQUI8,4:39LNWE0K4VPPSWEQO91DYEHHGPQUI8,32204AGAAB534Z4H8KP963JORKMGHP,undefined,2018-12-16 21:38:17.982136,1,1.14,approved
2,2018-12-16 21:26:58.011664,,,,,,f,,{},participant,undefined,mturk,2,3GA6AFUKOPH5X7QN37NRBTQ230SH3X,2:3GA6AFUKOPH5X7QN37NRBTQ230SH3X,32204AGAAB534Z4H8KP963JORKMGHP,undefined,2018-12-16 21:38:18.07479,1,0.94,approved
