id,creation_time,property1,property2,property3,property4,property5,failed,time_of_death,details,type,participant_id,number,question,response
1,2018-12-16 21:37:14.094101,,,,,,f,,{},question,1,1,questionnaire,"{""engagement"":""4"",""difficulty"":""1""}"
2,2018-12-16 21:37:58.755387,,,,,,f,,{},question,4,1,questionnaire,"{""engagement"":""7"",""difficulty"":""3""}"
3,2018-12-16 21:38:02.610468,,,,,,f,,{},question,3,1,questionnaire,"{""engagement"":""7"",""difficulty"":""2""}"
4,2018-12-16 21:38:03.035298,,,,,,f,,{},question,2,1,questionnaire,"{""engagement"":""7"",""difficulty"":""2""}"
