id,creation_time,property1,property2,property3,property4,property5,failed,time_of_death,details,assignment_id,event_type
1,2018-12-14 18:02:41.938288,,,,,,f,,{},3EJJQNKU9SYXG9BPEXONTRTI948HRH,AssignmentAccepted
2,2018-12-14 18:02:43.615668,,,,,,f,,{},3KV0LJBBH3EJ8NC05U40LW1EQQ7MRV,AssignmentAccepted
3,2018-12-14 18:02:43.648374,,,,,,f,,{},3W2LOLRXLC8OIZCXKIRK6J9A1LCRKV,AssignmentAccepted
4,2018-12-14 18:02:43.690752,,,,,,f,,{},3BXQMRHWK0RBOF4H9OZ5Q7OYXPBUM7,AssignmentAccepted
5,2018-12-14 18:02:44.090698,,,,,,f,,{},3ERET4BTVN2IEZGBQ1RYFY9GVZ6K91,AssignmentAccepted
6,2018-12-14 18:02:44.133434,,,,,,f,,{},36V4Q8R5ZLTJWMX0SFF0G6R9U45MQU,AssignmentAccepted
7,2018-12-14 18:02:44.172514,,,,,,f,,{},3R6BYFZZP85XZ96VS66FFO3TU6GXFV,AssignmentAccepted
8,2018-12-14 18:02:44.244906,,,,,,f,,{},39ASUFLU6Y05TV6ZXVM9X6ITI51XED,AssignmentAccepted
9,2018-12-14 18:02:53.446969,,,,,,f,,{},3VHP9MDGROD9WBV01AAS1BIJTOSFCB,AssignmentAccepted
10,2018-12-14 18:02:53.483107,,,,,,f,,{},35L9RVQFCPBPW136IRJSY2G2G3CHUL,AssignmentAccepted
11,2018-12-14 18:02:53.51907,,,,,,f,,{},3NGMS9VZTMBGZNFASC0T9H3MQ1KFFM,AssignmentAccepted
12,2018-12-14 18:02:53.549543,,,,,,f,,{},35K3O9HUAC6OT9FEX1GNRZIME05FE4,AssignmentAccepted
13,2018-12-14 18:02:53.580809,,,,,,f,,{},3LYA37P8IRG12SV8OL5U6446JZ9KBB,AssignmentAccepted
14,2018-12-14 18:02:53.611369,,,,,,f,,{},3ZSY5X72NY478QXCIAJDD0QJLQMORC,AssignmentAccepted
15,2018-12-14 18:02:53.640667,,,,,,f,,{},3OSWBBLG1FQ01PSZ10BPRO08IT0XDK,AssignmentAccepted
16,2018-12-14 18:02:53.672239,,,,,,f,,{},3K2755HG5TWJ131E1653LH01EO4FDB,AssignmentAccepted
17,2018-12-14 18:03:56.481794,,,,,,f,,{},3TR2532VIQN0LW8VA9OAU9I1Q8XJ6N,AssignmentSubmitted
18,2018-12-14 18:04:34.402814,,,,,,f,,{},34S9DKFK74IYN69MVQBU67JBY3WNYY,AssignmentAccepted
19,2018-12-14 18:06:10.508525,,,,,,f,,{},34S9DKFK74IYN69MVQBU67JBY3WNYY,AssignmentSubmitted
20,2018-12-14 18:06:14.992921,,,,,,f,,{},3VHP9MDGROD9WBV01AAS1BIJTOSFCB,AssignmentReturned
21,2018-12-14 18:07:09.428219,,,,,,f,,{},3PIWWX1FJKZC9RN2USIZ3DN6CFJJJX,AssignmentAccepted
22,2018-12-14 18:07:35.130736,,,,,,f,,{},3YDTZAI2WY9FBSOD1WPPTB2100R41J,AssignmentSubmitted
23,2018-12-14 18:07:35.171046,,,,,,f,,{},3SUWZRL0MZ6SAGM3W8DJXT59L01E6X,AssignmentSubmitted
24,2018-12-14 18:07:35.206463,,,,,,f,,{},39ASUFLU6Y05TV6ZXVM9X6ITI51XED,AssignmentSubmitted
25,2018-12-14 18:07:35.277885,,,,,,f,,{},3180JW2OT5542S8H5QE52341UDMJ57,AssignmentSubmitted
26,2018-12-14 18:07:35.303753,,,,,,f,,{},3SLE99ER0O6WRNUUOM84TJSJN7LBZL,AssignmentSubmitted
27,2018-12-14 18:07:35.335892,,,,,,f,,{},3VP0C6EFSHPQM4EGD612A1AIU2S6ME,AssignmentSubmitted
28,2018-12-14 18:07:35.360439,,,,,,f,,{},31HQ4X3T3T3B3KUSK73QBTRLCMZLSD,AssignmentSubmitted
29,2018-12-14 18:07:47.985874,,,,,,f,,{},30BUDKLTXEOWRCMPRP3E5NR9P5QE5H,AssignmentSubmitted
30,2018-12-14 18:07:48.023415,,,,,,f,,{},3KV0LJBBH3EJ8NC05U40LW1EQQ7MRV,AssignmentSubmitted
31,2018-12-14 18:08:18.009408,,,,,,f,,{},3BXQMRHWK0RBOF4H9OZ5Q7OYXPBUM7,AssignmentSubmitted
32,2018-12-14 18:08:56.078925,,,,,,f,,{},3PIWWX1FJKZC9RN2USIZ3DN6CFJJJX,AssignmentSubmitted
33,2018-12-14 18:09:52.422239,,,,,,f,,{},3NGMS9VZTMBGZNFASC0T9H3MQ1KFFM,AssignmentReturned
34,2018-12-14 18:10:03.896963,,,,,,f,,{},3NGMS9VZTMBGZNFASC0T9H3MQ1KFFM,AssignmentAccepted
35,2018-12-14 18:13:15.989026,,,,,,f,,{},3W2LOLRXLC8OIZCXKIRK6J9A1LCRKV,AssignmentReturned
36,2018-12-14 18:13:40.575217,,,,,,f,,{},3W2LOLRXLC8OIZCXKIRK6J9A1LCRKV,AssignmentAccepted
