id,creation_time,property1,property2,property3,property4,property5,failed,time_of_death,details,type,fingerprint_hash,recruiter_id,worker_id,assignment_id,unique_id,hit_id,mode,end_time,base_pay,bonus,status
6,2018-12-14 18:04:49.492522,,,,,,f,,{},participant,undefined,mturk,6,3VHP9MDGROD9WBV01AAS1BIJTOSFCB,6:3VHP9MDGROD9WBV01AAS1BIJTOSFCB,3DQYSJDTYL426B857TH79MM61MNEXF,undefined,2018-12-14 18:06:14.998744,,,returned
15,2018-12-14 18:10:22.137782,,,,,,f,,{},participant,undefined,mturk,15,3NGMS9VZTMBGZNFASC0T9H3MQ1KFFM,15:3NGMS9VZTMBGZNFASC0T9H3MQ1KFFM,3DQYSJDTYL426B857TH79MM61MNEXF,undefined,2018-12-14 18:13:06.260495,,,overrecruited
7,2018-12-14 18:04:50.817206,,,,,,f,,{},participant,undefined,mturk,7,3W2LOLRXLC8OIZCXKIRK6J9A1LCRKV,7:3W2LOLRXLC8OIZCXKIRK6J9A1LCRKV,3DQYSJDTYL426B857TH79MM61MNEXF,undefined,2018-12-14 18:13:15.994845,,,returned
10,2018-12-14 18:07:26.430671,,,,,,f,,{},participant,undefined,mturk,10,39ASUFLU6Y05TV6ZXVM9X6ITI51XED,10:39ASUFLU6Y05TV6ZXVM9X6ITI51XED,3DQYSJDTYL426B857TH79MM61MNEXF,undefined,2018-12-14 18:07:35.212112,1,0,approved
11,2018-12-14 18:07:30.922784,,,,,,f,,{},participant,undefined,mturk,11,3KV0LJBBH3EJ8NC05U40LW1EQQ7MRV,11:3KV0LJBBH3EJ8NC05U40LW1EQQ7MRV,3DQYSJDTYL426B857TH79MM61MNEXF,undefined,2018-12-14 18:07:48.02926,1,0,approved
16,2018-12-14 18:14:50.247979,,,,,,f,,{},participant,undefined,mturk,16,3R6BYFZZP85XZ96VS66FFO3TU6GXFV,16:3R6BYFZZP85XZ96VS66FFO3TU6GXFV,3DQYSJDTYL426B857TH79MM61MNEXF,undefined,2018-12-14 18:14:53.267731,,,overrecruited
12,2018-12-14 18:07:52.255253,,,,,,f,,{},participant,undefined,mturk,12,3BXQMRHWK0RBOF4H9OZ5Q7OYXPBUM7,12:3BXQMRHWK0RBOF4H9OZ5Q7OYXPBUM7,3DQYSJDTYL426B857TH79MM61MNEXF,undefined,2018-12-14 18:08:18.016661,1,0,approved
17,2018-12-14 18:15:06.549345,,,,,,f,,{},participant,undefined,mturk,17,3W2LOLRXLC8OIZCXKIRK6J9A1LCRKV,17:3W2LOLRXLC8OIZCXKIRK6J9A1LCRKV,3DQYSJDTYL426B857TH79MM61MNEXF,undefined,2018-12-14 18:15:14.541297,,,overrecruited
13,2018-12-14 18:08:29.265851,,,,,,f,,{},participant,undefined,mturk,13,3PIWWX1FJKZC9RN2USIZ3DN6CFJJJX,13:3PIWWX1FJKZC9RN2USIZ3DN6CFJJJX,3DQYSJDTYL426B857TH79MM61MNEXF,undefined,2018-12-14 18:08:56.084681,1,0,approved
14,2018-12-14 18:09:57.968305,,,,,,f,,{},participant,undefined,mturk,14,3ZSY5X72NY478QXCIAJDD0QJLQMORC,14:3ZSY5X72NY478QXCIAJDD0QJLQMORC,3DQYSJDTYL426B857TH79MM61MNEXF,undefined,2018-12-14 18:10:08.11772,,,overrecruited
1,2018-12-14 18:03:03.523379,,,,,,f,,{},participant,undefined,mturk,1,36V4Q8R5ZLTJWMX0SFF0G6R9U45MQU,1:36V4Q8R5ZLTJWMX0SFF0G6R9U45MQU,3DQYSJDTYL426B857TH79MM61MNEXF,undefined,2018-12-14 18:15:21.43193,,,approved
4,2018-12-14 18:03:39.697819,,,,,,f,,{},participant,undefined,mturk,4,35L9RVQFCPBPW136IRJSY2G2G3CHUL,4:35L9RVQFCPBPW136IRJSY2G2G3CHUL,3DQYSJDTYL426B857TH79MM61MNEXF,undefined,2018-12-14 18:15:18.086411,,,approved
18,2018-12-14 18:24:44.492004,,,,,,f,,{},participant,undefined,mturk,18,3K2755HG5TWJ131E1653LH01EO4FDB,18:3K2755HG5TWJ131E1653LH01EO4FDB,3DQYSJDTYL426B857TH79MM61MNEXF,undefined,2018-12-14 18:24:52.567563,,,overrecruited
3,2018-12-14 18:03:29.441989,,,,,,f,,{},participant,undefined,mturk,3,3EJJQNKU9SYXG9BPEXONTRTI948HRH,3:3EJJQNKU9SYXG9BPEXONTRTI948HRH,3DQYSJDTYL426B857TH79MM61MNEXF,undefined,2018-12-14 18:15:22.20586,,,approved
2,2018-12-14 18:03:04.899725,,,,,,f,,{},participant,undefined,mturk,2,35K3O9HUAC6OT9FEX1GNRZIME05FE4,2:35K3O9HUAC6OT9FEX1GNRZIME05FE4,3DQYSJDTYL426B857TH79MM61MNEXF,undefined,2018-12-14 18:15:32.467914,,,approved
5,2018-12-14 18:04:38.334149,,,,,,f,,{},participant,undefined,mturk,5,3ERET4BTVN2IEZGBQ1RYFY9GVZ6K91,5:3ERET4BTVN2IEZGBQ1RYFY9GVZ6K91,3DQYSJDTYL426B857TH79MM61MNEXF,undefined,2018-12-14 18:15:21.51854,,,approved
8,2018-12-14 18:05:12.729752,,,,,,f,,{},participant,undefined,mturk,8,3OSWBBLG1FQ01PSZ10BPRO08IT0XDK,8:3OSWBBLG1FQ01PSZ10BPRO08IT0XDK,3DQYSJDTYL426B857TH79MM61MNEXF,undefined,2018-12-14 18:15:25.553491,,,approved
9,2018-12-14 18:07:17.716223,,,,,,f,,{},participant,undefined,mturk,9,3LYA37P8IRG12SV8OL5U6446JZ9KBB,9:3LYA37P8IRG12SV8OL5U6446JZ9KBB,3DQYSJDTYL426B857TH79MM61MNEXF,undefined,2018-12-14 18:15:20.632511,,,approved
