id,creation_time,property1,property2,property3,property4,property5,failed,time_of_death,details,type,participant_id,number,question,response
1,2018-12-14 18:15:17.949659,,,,,,f,,{},question,4,1,questionnaire,"{""engagement"":""5"",""difficulty"":""5""}"
2,2018-12-14 18:15:20.482941,,,,,,f,,{},question,9,1,questionnaire,"{""engagement"":""7"",""difficulty"":""6""}"
3,2018-12-14 18:15:21.264622,,,,,,f,,{},question,1,1,questionnaire,"{""engagement"":""7"",""difficulty"":""1""}"
4,2018-12-14 18:15:21.443818,,,,,,f,,{},question,5,1,questionnaire,"{""engagement"":""2"",""difficulty"":""1""}"
5,2018-12-14 18:15:22.089579,,,,,,f,,{},question,3,1,questionnaire,"{""engagement"":""7"",""difficulty"":""1""}"
6,2018-12-14 18:15:25.43007,,,,,,f,,{},question,8,1,questionnaire,"{""engagement"":""7"",""difficulty"":""5""}"
7,2018-12-14 18:15:32.28954,,,,,,f,,{},question,2,1,questionnaire,"{""engagement"":""4"",""difficulty"":""2""}"
