id,creation_time,property1,property2,property3,property4,property5,failed,time_of_death,details,assignment_id,event_type
1,2018-12-14 03:35:03.380436,,,,,,f,,{},3VHHR074H4APKMA0W45FG2VPP2LL7D,AssignmentAccepted
2,2018-12-14 03:35:03.409628,,,,,,f,,{},3S06PH7KSSXSBO76U7QIWFW7D7K1DH,AssignmentAccepted
3,2018-12-14 03:35:04.789318,,,,,,f,,{},3180JW2OT5542S8H5QE52341U7LJ5U,AssignmentAccepted
4,2018-12-14 03:35:06.661974,,,,,,f,,{},3NQL1CS15S1BVBIVXHXLGODOKZWYVA,AssignmentAccepted
5,2018-12-14 03:35:06.696816,,,,,,f,,{},39KFRKBFIOOG5R9YW5B7LWJGO6ZYO8,AssignmentAccepted
6,2018-12-14 03:35:06.730905,,,,,,f,,{},3HVVDCPGTFLWIJE6SMX6F6P3NEGYTU,AssignmentAccepted
7,2018-12-14 03:35:06.766451,,,,,,f,,{},3L4PIM1GQU9J241EOXSBFROLZTJYRH,AssignmentAccepted
8,2018-12-14 03:35:06.872672,,,,,,f,,{},32SVAV9L3G2QNKI9X1DZU73YQO13A9,AssignmentAccepted
9,2018-12-14 03:35:08.015504,,,,,,f,,{},36NEMU28XG6OGJTM4OE68V9VIYKWMS,AssignmentAccepted
10,2018-12-14 03:35:09.875409,,,,,,f,,{},3A1PQ49WVIA9N4C8G398N0B55ZD1HQ,AssignmentAccepted
11,2018-12-14 03:35:09.907538,,,,,,f,,{},3D3VGR7TA18IM14QZCZLPXS8QSOR34,AssignmentAccepted
12,2018-12-14 03:35:09.941396,,,,,,f,,{},3P1L2B7AD2IW5S2ZDQMHROHKFRVOL6,AssignmentAccepted
13,2018-12-14 03:35:09.975447,,,,,,f,,{},31QTRG6Q2U6YQRLZB5OMAWO6YBVYPP,AssignmentAccepted
14,2018-12-14 03:35:10.006886,,,,,,f,,{},3DI28L7YXB7X3UL6Q2122XESDJL1EA,AssignmentAccepted
15,2018-12-14 03:35:10.035157,,,,,,f,,{},39O5D9O87ULEGZF7HF9Q02TMQRM3CB,AssignmentAccepted
16,2018-12-14 03:35:10.063478,,,,,,f,,{},3ZAK8W07I57EL1XAKJC7SAHLUF8U0G,AssignmentAccepted
17,2018-12-14 03:35:10.096632,,,,,,f,,{},3YW4XOSQKREESQISG2G76F0VZ7EU1J,AssignmentAccepted
18,2018-12-14 03:35:11.893337,,,,,,f,,{},345LHZDEDYLA2TW736UQU8FSXRSU3B,AssignmentAccepted
19,2018-12-14 03:35:12.306404,,,,,,f,,{},3DH6GAKTYZIS4VN5YEMO1UQK8A2YZA,AssignmentAccepted
20,2018-12-14 03:35:13.471336,,,,,,f,,{},3RXPCZQMQQ4VN8HXWXRQ20Z4QZ01GR,AssignmentAccepted
21,2018-12-14 03:35:13.496796,,,,,,f,,{},37M28K1J0R618YKY0M5MAEKNMLMJA0,AssignmentAccepted
22,2018-12-14 03:35:13.523575,,,,,,f,,{},3H7XDTSHKDKOO9X0TLGBVQPYMC8WGK,AssignmentAccepted
23,2018-12-14 03:35:13.55046,,,,,,f,,{},3VELCLL3GLCP98L2LDL8KFZSPK01FS,AssignmentAccepted
24,2018-12-14 03:35:13.58014,,,,,,f,,{},3IGI0VL648DMTS5KP32W4GL9KMVON8,AssignmentAccepted
25,2018-12-14 03:35:13.608164,,,,,,f,,{},3CTOC39K38JJPWM0TJT20NIXLDGJ79,AssignmentAccepted
26,2018-12-14 03:35:13.637787,,,,,,f,,{},3EICBYG645PP1DHWK01DG9ABMO7JC2,AssignmentAccepted
27,2018-12-14 03:35:13.935183,,,,,,f,,{},3JRJSWSMQIETDXZLD6FLQQTPB3Z3E4,AssignmentAccepted
28,2018-12-14 03:35:15.561568,,,,,,f,,{},3SKRO2GZ72K0PUDGMOC50SRXXGH1KU,AssignmentAccepted
29,2018-12-14 03:35:24.000371,,,,,,f,,{},3LPW2N6LKUVDG8JBHPIJ95DCBNJU51,AssignmentAccepted
30,2018-12-14 03:35:27.641382,,,,,,f,,{},3YWRV122CTSW3Q2DFNPMLPN3DDKU83,AssignmentAccepted
31,2018-12-14 03:35:28.436945,,,,,,f,,{},31QTRG6Q2U6YQRLZB5OMAWO6YBVYPP,AssignmentReturned
32,2018-12-14 03:35:35.048046,,,,,,f,,{},3GD6L00D3TQVFIDJ70PLF5J1MLC1MZ,AssignmentAccepted
33,2018-12-14 03:35:47.524101,,,,,,f,,{},3B1NLC6UG0PY400ZHZ2G3WH2TF6GPA,AssignmentAccepted
34,2018-12-14 03:36:05.768912,,,,,,f,,{},31QTRG6Q2U6YQRLZB5OMAWO6YBVYPP,AssignmentAccepted
35,2018-12-14 03:36:22.053336,,,,,,f,,{},3HHRAGRYX9Y14Q1QOTJRMFQPFXCO97,AssignmentSubmitted
36,2018-12-14 03:36:31.32961,,,,,,f,,{},3PM8NZGV8Z9UQYW46MH9RN7711LQX0,AssignmentSubmitted
37,2018-12-14 03:36:42.732602,,,,,,f,,{},3IHR8NYAM8UISK7FMY0FU7KZ3AX4PB,AssignmentAccepted
38,2018-12-14 03:36:42.769465,,,,,,f,,{},3NLZY2D53QIZQ4FFS3ELGTCKUSBLQ9,AssignmentSubmitted
39,2018-12-14 03:37:15.382187,,,,,,f,,{},3SKEMFQBZ4YI0UX1L9LKF2E5BMNK8X,AssignmentAccepted
40,2018-12-14 03:37:36.435787,,,,,,f,,{},3KIBXJ1WD6NLLMKHSQAGCO45QRRKO0,AssignmentAccepted
41,2018-12-14 03:37:40.190706,,,,,,f,,{},3TVRFO09GL8JZ1GREH9DA18DRVZXLJ,AssignmentSubmitted
42,2018-12-14 03:37:40.278781,,,,,,f,,{},3SKEMFQBZ4YI0UX1L9LKF2E5BMNK8X,AssignmentSubmitted
43,2018-12-14 03:38:02.580923,,,,,,f,,{},3AMYWKA6YCFEM7ZSQMGF25ZNPW4O6W,AssignmentSubmitted
44,2018-12-14 03:38:07.056096,,,,,,f,,{},3R6P78PK7L4WWST6YGB086IZIIOTGP,AssignmentSubmitted
45,2018-12-14 03:38:07.083881,,,,,,f,,{},3ZY8KE4ISKW2M9R967GR32AMLQDQVX,AssignmentSubmitted
46,2018-12-14 03:38:07.114565,,,,,,f,,{},3MX2NQ3YCAN5XCD6MUT6TCCG55YX5U,AssignmentSubmitted
47,2018-12-14 03:38:09.369744,,,,,,f,,{},3MB8LZR5BGMDF1HKFYUOK70BVMIKLF,AssignmentSubmitted
48,2018-12-14 03:38:12.809819,,,,,,f,,{},3DH6GAKTYZIS4VN5YEMO1UQK8A2YZA,AssignmentReturned
49,2018-12-14 03:38:30.767902,,,,,,f,,{},337RC3OW06VRVCBWE28VMGBSBKQLV3,AssignmentSubmitted
50,2018-12-14 03:38:30.801071,,,,,,f,,{},3ZGVPD4G6UAWN9OBO8ZPTDY5T8IZTK,AssignmentSubmitted
51,2018-12-14 03:38:30.83423,,,,,,f,,{},37W3JXSD671OA0I0NR2H2QW2R8WYWI,AssignmentSubmitted
52,2018-12-14 03:38:30.866708,,,,,,f,,{},3XLBSAQ9Z559PBR4B5WOOH6N4BR7ZG,AssignmentSubmitted
53,2018-12-14 03:38:30.897283,,,,,,f,,{},3X87C8JFV74MUHA5CCBMSFQFMMJQSS,AssignmentSubmitted
54,2018-12-14 03:38:30.931141,,,,,,f,,{},31HQ4X3T3T3B3KUSK73QBTRLCGWLSY,AssignmentSubmitted
55,2018-12-14 03:38:30.966529,,,,,,f,,{},3XIQGXAUMD1KKGRPAN83RWQCWBTX79,AssignmentSubmitted
56,2018-12-14 03:38:48.097177,,,,,,f,,{},3TGOYF991YFU1N9QIQQRHH5SA4DUUK,AssignmentAccepted
57,2018-12-14 03:38:49.340822,,,,,,f,,{},31QTRG6Q2U6YQRLZB5OMAWO6YBVYPP,AssignmentSubmitted
58,2018-12-14 03:38:49.418771,,,,,,f,,{},35BLDD71I7QB01S0T3Z4UVMQQTYZV0,AssignmentSubmitted
59,2018-12-14 03:38:49.445135,,,,,,f,,{},32SVAV9L3G2QNKI9X1DZU73YQO13A9,AssignmentSubmitted
60,2018-12-14 03:39:43.633255,,,,,,f,,"{""feedback"": ""the game never loaded I got the instructions and then it came up with this "", ""error_text"": ""There has been an error and so you are unable to\r\n        continue, sorry!"", ""error_type"": ""already_started_exp_mturk"", ""request_data"": {""hit_id"": null, ""worker_id"": null, ""participant_id"": null}}",unknown,ExperimentError
61,2018-12-14 03:40:13.946157,,,,,,f,,"{""feedback"": ""None"", ""error_text"": ""There has been an error and so you are unable to\r\n        continue, sorry!"", ""error_type"": ""already_started_exp_mturk"", ""request_data"": {""hit_id"": null, ""worker_id"": null, ""participant_id"": null}}",unknown,ExperimentError
62,2018-12-14 03:40:18.817905,,,,,,f,,{},3DI28L7YXB7X3UL6Q2122XESDJL1EA,AssignmentSubmitted
63,2018-12-14 03:40:18.880164,,,,,,f,,{},3TGOYF991YFU1N9QIQQRHH5SA4DUUK,AssignmentSubmitted
64,2018-12-14 03:40:25.464952,,,,,,f,,{},3YWRV122CTSW3Q2DFNPMLPN3DDKU83,AssignmentReturned
65,2018-12-14 03:41:04.68387,,,,,,f,,{},3BWI6RSP7H2BEG08FIIB3755G6ME7N,AssignmentAccepted
66,2018-12-14 03:41:12.754542,,,,,,f,,{},3HOSI13XH0HM3JNIA0ADXHXG24KDDG,AssignmentSubmitted
67,2018-12-14 03:42:05.369175,,,,,,f,,{},3GD6L00D3TQVFIDJ70PLF5J1MLC1MZ,AssignmentSubmitted
68,2018-12-14 03:42:05.424178,,,,,,f,,{},3JRJSWSMQIETDXZLD6FLQQTPB3Z3E4,AssignmentSubmitted
69,2018-12-14 03:42:42.82561,,,,,,f,,{},37M28K1J0R618YKY0M5MAEKNMLMJA0,AssignmentSubmitted
70,2018-12-14 03:42:45.470766,,,,,,f,,{},3J2UYBXQQM5TJQ79O1E4C435RTP60P,AssignmentSubmitted
73,2018-12-14 03:43:40.009099,,,,,,f,,{},39O5D9O87ULEGZF7HF9Q02TMQRM3CB,AssignmentSubmitted
89,2018-12-14 03:46:25.009704,,,,,,f,,{},3BWI6RSP7H2BEG08FIIB3755G6ME7N,AssignmentSubmitted
97,2018-12-14 03:48:37.474309,,,,,,f,,{},39KFRKBFIOOG5R9YW5B7LWJGO6ZYO8,AssignmentSubmitted
99,2018-12-14 03:48:37.597784,,,,,,f,,{},3S06PH7KSSXSBO76U7QIWFW7D7K1DH,AssignmentSubmitted
103,2018-12-14 03:49:10.188789,,,,,,f,,{},3A1PQ49WVIA9N4C8G398N0B55ZD1HQ,AssignmentSubmitted
104,2018-12-14 03:49:35.596564,,,,,,f,,{},3SKRO2GZ72K0PUDGMOC50SRXXGH1KU,AssignmentSubmitted
71,2018-12-14 03:42:50.943732,,,,,,f,,{},3D3VGR7TA18IM14QZCZLPXS8QSOR34,AssignmentSubmitted
72,2018-12-14 03:43:39.96684,,,,,,f,,{},3YT88D1N09RWZXRV9SQOOL6UV0UK34,AssignmentSubmitted
74,2018-12-14 03:43:40.063914,,,,,,f,,{},3P1L2B7AD2IW5S2ZDQMHROHKFRVOL6,AssignmentSubmitted
75,2018-12-14 03:43:40.131732,,,,,,f,,{},3M23Y66PO30TKZRLX3XOMA9OML6S6W,AssignmentSubmitted
76,2018-12-14 03:43:40.172816,,,,,,f,,{},3B1NLC6UG0PY400ZHZ2G3WH2TF6GPA,AssignmentSubmitted
77,2018-12-14 03:44:11.432329,,,,,,f,,{},3RYC5T2D74MPTQ9DXAWS20V9VPIPRI,AssignmentAccepted
78,2018-12-14 03:44:19.492867,,,,,,f,,{},3CTOC39K38JJPWM0TJT20NIXLDGJ79,AssignmentReturned
79,2018-12-14 03:44:25.146716,,,,,,f,,{},3EJPLAJKEN9QLBDZSVRWI36R9056ZE,AssignmentSubmitted
80,2018-12-14 03:44:25.175931,,,,,,f,,{},3NQL1CS15S1BVBIVXHXLGODOKZWYVA,AssignmentReturned
81,2018-12-14 03:44:58.871534,,,,,,f,,{},32ZKVD547GGV6UN13FDVPIN487O3B8,AssignmentAccepted
82,2018-12-14 03:45:04.600619,,,,,,f,,{},31EUONYN2WWZ1XETRUONEXFM6QZVO0,AssignmentAccepted
83,2018-12-14 03:45:17.222819,,,,,,f,,{},3HFNH7HEMI7J4C1EHCH5317CYCTQGE,AssignmentAccepted
84,2018-12-14 03:45:29.905605,,,,,,f,,{},32ZKVD547GGV6UN13FDVPIN487O3B8,AssignmentSubmitted
85,2018-12-14 03:45:40.262623,,,,,,f,,{},3RYC5T2D74MPTQ9DXAWS20V9VPIPRI,AssignmentSubmitted
86,2018-12-14 03:46:08.336211,,,,,,f,,{},345LHZDEDYLA2TW736UQU8FSXRSU3B,AssignmentReturned
87,2018-12-14 03:46:23.946635,,,,,,f,,{},3C8HJ7UOP8NSAEYRFBYD7Z3DZ1QZMP,AssignmentAccepted
88,2018-12-14 03:46:24.946136,,,,,,f,,{},3VELCLL3GLCP98L2LDL8KFZSPK01FS,AssignmentSubmitted
90,2018-12-14 03:46:34.845583,,,,,,f,,{},3YZ8UPK3VUFYFTSQWZ5RNBJM357UCD,AssignmentAccepted
91,2018-12-14 03:46:40.83617,,,,,,f,,{},3LUY3GC630TFB7PYOWYMXJ49UDP7P2,AssignmentAccepted
92,2018-12-14 03:46:47.002324,,,,,,f,,{},31EUONYN2WWZ1XETRUONEXFM6QZVO0,AssignmentSubmitted
93,2018-12-14 03:47:25.419797,,,,,,f,,{},3KJYX6QCMA4L0MNWBHWI61Y07WQJV6,AssignmentAccepted
94,2018-12-14 03:47:58.203206,,,,,,f,,{},31T4R4OBOT9WHIGUJRCGDJ52VUAC7T,AssignmentAccepted
95,2018-12-14 03:48:10.17332,,,,,,f,,{},3KJYX6QCMA4L0MNWBHWI61Y07WQJV6,AssignmentSubmitted
96,2018-12-14 03:48:10.205569,,,,,,f,,{},3LUY3GC630TFB7PYOWYMXJ49UDP7P2,AssignmentSubmitted
98,2018-12-14 03:48:37.53824,,,,,,f,,{},3ZAK8W07I57EL1XAKJC7SAHLUF8U0G,AssignmentSubmitted
100,2018-12-14 03:49:10.031801,,,,,,f,,{},31T4R4OBOT9WHIGUJRCGDJ52VUAC7T,AssignmentSubmitted
101,2018-12-14 03:49:10.103042,,,,,,f,,{},3IHR8NYAM8UISK7FMY0FU7KZ3AX4PB,AssignmentSubmitted
102,2018-12-14 03:49:10.132769,,,,,,f,,{},3EICBYG645PP1DHWK01DG9ABMO7JC2,AssignmentSubmitted
105,2018-12-14 03:49:40.295583,,,,,,f,,{},3180JW2OT5542S8H5QE52341U7LJ5U,AssignmentSubmitted
106,2018-12-14 03:50:18.359547,,,,,,f,,"{""feedback"": ""I was playing and then it seemed like I was no longer able to get points even though I moved around..  The timer kept ticking, the game didn't stop even when the timer went to zero"", ""error_text"": ""There has been an error and so you are unable to\r\n        continue, sorry!"", ""error_type"": ""already_started_exp_mturk"", ""request_data"": {""hit_id"": null, ""worker_id"": null, ""participant_id"": null}}",unknown,ExperimentError
107,2018-12-14 03:52:00.12766,,,,,,f,,"{""feedback"": ""I was still able to move around but the points stopped coming in.  "", ""error_text"": ""There has been an error and so you are unable to\r\n        continue, sorry!"", ""error_type"": ""already_started_exp_mturk"", ""request_data"": {""hit_id"": null, ""worker_id"": null, ""participant_id"": null}}",unknown,ExperimentError
108,2018-12-14 03:52:14.088528,,,,,,f,,{},3LPW2N6LKUVDG8JBHPIJ95DCBNJU51,AssignmentReturned
109,2018-12-14 03:55:30.530349,,,,,,f,,{},3RXPCZQMQQ4VN8HXWXRQ20Z4QZ01GR,AssignmentReturned
110,2018-12-14 03:57:41.477403,,,,,,f,,{},3IGI0VL648DMTS5KP32W4GL9KMVON8,AssignmentReturned
111,2018-12-14 03:57:55.608842,,,,,,f,,{},36NEMU28XG6OGJTM4OE68V9VIYKWMS,AssignmentReturned
112,2018-12-14 04:07:39.92775,,,,,,f,,{},3KIBXJ1WD6NLLMKHSQAGCO45QRRKO0,AssignmentAbandoned
113,2018-12-14 04:08:06.075934,,,,,,f,,{},3KIBXJ1WD6NLLMKHSQAGCO45QRRKO0,AssignmentAccepted
