id,creation_time,property1,property2,property3,property4,property5,failed,time_of_death,details,type,fingerprint_hash,recruiter_id,worker_id,assignment_id,unique_id,hit_id,mode,end_time,base_pay,bonus,status
4,2018-12-14 03:35:29.909657,,,,,,f,,{},participant,undefined,mturk,4,3YW4XOSQKREESQISG2G76F0VZ7EU1J,4:3YW4XOSQKREESQISG2G76F0VZ7EU1J,3R868ACW4S5PVK4BE6VG6ANTMZAZGI,undefined,2018-12-14 03:50:59.222454,,,approved
14,2018-12-14 03:37:43.448409,,,,,,f,,{},participant,undefined,mturk,14,3JRJSWSMQIETDXZLD6FLQQTPB3Z3E4,14:3JRJSWSMQIETDXZLD6FLQQTPB3Z3E4,3R868ACW4S5PVK4BE6VG6ANTMZAZGI,undefined,2018-12-14 03:42:05.429927,1,0.09,approved
19,2018-12-14 03:40:07.420539,,,,,,f,,{},participant,undefined,mturk,19,3TGOYF991YFU1N9QIQQRHH5SA4DUUK,19:3TGOYF991YFU1N9QIQQRHH5SA4DUUK,3R868ACW4S5PVK4BE6VG6ANTMZAZGI,undefined,2018-12-14 03:40:18.886213,1,0,approved
16,2018-12-14 03:38:10.110995,,,,,,f,,{},participant,undefined,mturk,16,3DI28L7YXB7X3UL6Q2122XESDJL1EA,16:3DI28L7YXB7X3UL6Q2122XESDJL1EA,3R868ACW4S5PVK4BE6VG6ANTMZAZGI,undefined,2018-12-14 03:40:18.82442,1,0.08,approved
17,2018-12-14 03:38:17.968567,,,,,,f,,{},participant,undefined,mturk,17,31QTRG6Q2U6YQRLZB5OMAWO6YBVYPP,17:31QTRG6Q2U6YQRLZB5OMAWO6YBVYPP,3R868ACW4S5PVK4BE6VG6ANTMZAZGI,undefined,2018-12-14 03:38:49.348619,1,0,approved
5,2018-12-14 03:35:53.333597,,,,,,f,,{},participant,undefined,mturk,5,3YWRV122CTSW3Q2DFNPMLPN3DDKU83,5:3YWRV122CTSW3Q2DFNPMLPN3DDKU83,3R868ACW4S5PVK4BE6VG6ANTMZAZGI,undefined,2018-12-14 03:40:25.471331,,,returned
18,2018-12-14 03:38:30.275368,,,,,,f,,{},participant,undefined,mturk,18,32SVAV9L3G2QNKI9X1DZU73YQO13A9,18:32SVAV9L3G2QNKI9X1DZU73YQO13A9,3R868ACW4S5PVK4BE6VG6ANTMZAZGI,undefined,2018-12-14 03:38:49.451022,1,0,approved
9,2018-12-14 03:36:12.981712,,,,,,f,,{},participant,undefined,mturk,9,3GD6L00D3TQVFIDJ70PLF5J1MLC1MZ,9:3GD6L00D3TQVFIDJ70PLF5J1MLC1MZ,3R868ACW4S5PVK4BE6VG6ANTMZAZGI,undefined,2018-12-14 03:42:05.375516,1,0.09,approved
21,2018-12-14 03:42:30.610536,,,,,,f,,{},participant,undefined,mturk,21,3D3VGR7TA18IM14QZCZLPXS8QSOR34,21:3D3VGR7TA18IM14QZCZLPXS8QSOR34,3R868ACW4S5PVK4BE6VG6ANTMZAZGI,undefined,2018-12-14 03:42:50.949996,1,0,approved
2,2018-12-14 03:35:14.157711,,,,,,f,,{},participant,undefined,mturk,2,3CTOC39K38JJPWM0TJT20NIXLDGJ79,2:3CTOC39K38JJPWM0TJT20NIXLDGJ79,3R868ACW4S5PVK4BE6VG6ANTMZAZGI,undefined,2018-12-14 03:44:19.499314,,,returned
20,2018-12-14 03:42:02.563743,,,,,,f,,{},participant,undefined,mturk,20,37M28K1J0R618YKY0M5MAEKNMLMJA0,20:37M28K1J0R618YKY0M5MAEKNMLMJA0,3R868ACW4S5PVK4BE6VG6ANTMZAZGI,undefined,2018-12-14 03:42:42.831792,1,0,approved
24,2018-12-14 03:43:28.259749,,,,,,f,,{},participant,undefined,mturk,24,39O5D9O87ULEGZF7HF9Q02TMQRM3CB,24:39O5D9O87ULEGZF7HF9Q02TMQRM3CB,3R868ACW4S5PVK4BE6VG6ANTMZAZGI,undefined,2018-12-14 03:43:40.015715,1,0,approved
22,2018-12-14 03:43:11.85824,,,,,,f,,{},participant,undefined,mturk,22,3B1NLC6UG0PY400ZHZ2G3WH2TF6GPA,22:3B1NLC6UG0PY400ZHZ2G3WH2TF6GPA,3R868ACW4S5PVK4BE6VG6ANTMZAZGI,undefined,2018-12-14 03:43:40.179672,1,0,approved
23,2018-12-14 03:43:12.297275,,,,,,f,,{},participant,undefined,mturk,23,3P1L2B7AD2IW5S2ZDQMHROHKFRVOL6,23:3P1L2B7AD2IW5S2ZDQMHROHKFRVOL6,3R868ACW4S5PVK4BE6VG6ANTMZAZGI,undefined,2018-12-14 03:43:40.069885,1,0,approved
25,2018-12-14 03:45:14.313878,,,,,,f,,{},participant,undefined,mturk,25,32ZKVD547GGV6UN13FDVPIN487O3B8,25:32ZKVD547GGV6UN13FDVPIN487O3B8,3R868ACW4S5PVK4BE6VG6ANTMZAZGI,undefined,2018-12-14 03:45:29.912107,1,0,approved
27,2018-12-14 03:46:11.007445,,,,,,f,,{},participant,undefined,mturk,27,3VELCLL3GLCP98L2LDL8KFZSPK01FS,27:3VELCLL3GLCP98L2LDL8KFZSPK01FS,3R868ACW4S5PVK4BE6VG6ANTMZAZGI,undefined,2018-12-14 03:46:24.952389,1,0,approved
28,2018-12-14 03:47:55.313155,,,,,,f,,{},participant,undefined,mturk,28,3LUY3GC630TFB7PYOWYMXJ49UDP7P2,28:3LUY3GC630TFB7PYOWYMXJ49UDP7P2,3R868ACW4S5PVK4BE6VG6ANTMZAZGI,undefined,2018-12-14 03:48:10.211453,1,0,approved
26,2018-12-14 03:46:06.248788,,,,,,f,,{},participant,undefined,mturk,26,3BWI6RSP7H2BEG08FIIB3755G6ME7N,26:3BWI6RSP7H2BEG08FIIB3755G6ME7N,3R868ACW4S5PVK4BE6VG6ANTMZAZGI,undefined,2018-12-14 03:46:25.016341,1,0,approved
1,2018-12-14 03:35:11.523414,,,,,,f,,{},participant,undefined,mturk,1,3ZAK8W07I57EL1XAKJC7SAHLUF8U0G,1:3ZAK8W07I57EL1XAKJC7SAHLUF8U0G,3R868ACW4S5PVK4BE6VG6ANTMZAZGI,undefined,2018-12-14 03:48:37.544265,1,0.09,approved
6,2018-12-14 03:35:57.948779,,,,,,f,,{},participant,undefined,mturk,6,3SKRO2GZ72K0PUDGMOC50SRXXGH1KU,6:3SKRO2GZ72K0PUDGMOC50SRXXGH1KU,3R868ACW4S5PVK4BE6VG6ANTMZAZGI,undefined,2018-12-14 03:49:35.603795,1,0.09,approved
3,2018-12-14 03:35:19.576635,,,,,,f,,{},participant,undefined,mturk,3,3S06PH7KSSXSBO76U7QIWFW7D7K1DH,3:3S06PH7KSSXSBO76U7QIWFW7D7K1DH,3R868ACW4S5PVK4BE6VG6ANTMZAZGI,undefined,2018-12-14 03:48:37.603663,1,0.09,approved
8,2018-12-14 03:36:04.271276,,,,,,f,,{},participant,undefined,mturk,8,39KFRKBFIOOG5R9YW5B7LWJGO6ZYO8,8:39KFRKBFIOOG5R9YW5B7LWJGO6ZYO8,3R868ACW4S5PVK4BE6VG6ANTMZAZGI,undefined,2018-12-14 03:48:37.48089,1,0.09,approved
15,2018-12-14 03:37:56.575589,,,,,,f,,{},participant,undefined,mturk,15,3180JW2OT5542S8H5QE52341U7LJ5U,15:3180JW2OT5542S8H5QE52341U7LJ5U,3R868ACW4S5PVK4BE6VG6ANTMZAZGI,undefined,2018-12-14 03:49:40.302407,1,0.09,approved
12,2018-12-14 03:36:42.025042,,,,,,f,,{},participant,undefined,mturk,12,3A1PQ49WVIA9N4C8G398N0B55ZD1HQ,12:3A1PQ49WVIA9N4C8G398N0B55ZD1HQ,3R868ACW4S5PVK4BE6VG6ANTMZAZGI,undefined,2018-12-14 03:49:10.195029,1,0.09,approved
7,2018-12-14 03:36:01.023218,,,,,,f,,{},participant,undefined,mturk,7,3EICBYG645PP1DHWK01DG9ABMO7JC2,7:3EICBYG645PP1DHWK01DG9ABMO7JC2,3R868ACW4S5PVK4BE6VG6ANTMZAZGI,undefined,2018-12-14 03:49:10.138826,1,0.09,approved
29,2018-12-14 03:51:15.963678,,,,,,f,,{},participant,undefined,mturk,29,3HFNH7HEMI7J4C1EHCH5317CYCTQGE,29:3HFNH7HEMI7J4C1EHCH5317CYCTQGE,3R868ACW4S5PVK4BE6VG6ANTMZAZGI,undefined,2018-12-14 03:51:21.888607,,,overrecruited
30,2018-12-14 03:51:54.89403,,,,,,f,,{},participant,undefined,mturk,30,3L4PIM1GQU9J241EOXSBFROLZTJYRH,30:3L4PIM1GQU9J241EOXSBFROLZTJYRH,3R868ACW4S5PVK4BE6VG6ANTMZAZGI,undefined,2018-12-14 03:52:08.486121,,,overrecruited
11,2018-12-14 03:36:39.53134,,,,,,f,,{},participant,undefined,mturk,11,3LPW2N6LKUVDG8JBHPIJ95DCBNJU51,11:3LPW2N6LKUVDG8JBHPIJ95DCBNJU51,3R868ACW4S5PVK4BE6VG6ANTMZAZGI,undefined,2018-12-14 03:52:14.095053,,,returned
31,2018-12-14 03:53:10.512858,,,,,,f,,{},participant,undefined,mturk,31,3VHHR074H4APKMA0W45FG2VPP2LL7D,31:3VHHR074H4APKMA0W45FG2VPP2LL7D,3R868ACW4S5PVK4BE6VG6ANTMZAZGI,undefined,2018-12-14 03:53:11.760184,,,overrecruited
13,2018-12-14 03:36:46.843218,,,,,,f,,{},participant,undefined,mturk,13,3RXPCZQMQQ4VN8HXWXRQ20Z4QZ01GR,13:3RXPCZQMQQ4VN8HXWXRQ20Z4QZ01GR,3R868ACW4S5PVK4BE6VG6ANTMZAZGI,undefined,2018-12-14 03:55:30.537097,,,returned
10,2018-12-14 03:36:21.555065,,,,,,f,,{},participant,undefined,mturk,10,3IGI0VL648DMTS5KP32W4GL9KMVON8,10:3IGI0VL648DMTS5KP32W4GL9KMVON8,3R868ACW4S5PVK4BE6VG6ANTMZAZGI,undefined,2018-12-14 03:57:41.486181,,,returned
32,2018-12-14 03:56:04.050526,,,,,,f,,{},participant,undefined,mturk,32,3H7XDTSHKDKOO9X0TLGBVQPYMC8WGK,32:3H7XDTSHKDKOO9X0TLGBVQPYMC8WGK,3R868ACW4S5PVK4BE6VG6ANTMZAZGI,undefined,2018-12-14 03:56:26.36222,,,overrecruited
33,2018-12-14 03:58:56.8385,,,,,,f,,{},participant,undefined,mturk,33,30LB5CDZND3V70RKQ6BF92W0WYT0ZJ,33:30LB5CDZND3V70RKQ6BF92W0WYT0ZJ,3R868ACW4S5PVK4BE6VG6ANTMZAZGI,undefined,2018-12-14 03:58:58.223477,,,overrecruited
37,2018-12-14 04:20:45.95177,,,,,,f,,{},participant,undefined,mturk,37,3FTOP5WARGH57LMG8K8TL88AD0EJ0F,37:3FTOP5WARGH57LMG8K8TL88AD0EJ0F,3R868ACW4S5PVK4BE6VG6ANTMZAZGI,undefined,2018-12-14 04:20:56.584914,,,overrecruited
34,2018-12-14 03:59:15.541648,,,,,,f,,{},participant,undefined,mturk,34,3AWETUDC93L6EV80UW0LF6WWIS9IZV,34:3AWETUDC93L6EV80UW0LF6WWIS9IZV,3R868ACW4S5PVK4BE6VG6ANTMZAZGI,undefined,2018-12-14 03:59:20.957614,,,overrecruited
35,2018-12-14 03:59:57.028826,,,,,,f,,{},participant,undefined,mturk,35,3HVVDCPGTFLWIJE6SMX6F6P3NEGYTU,35:3HVVDCPGTFLWIJE6SMX6F6P3NEGYTU,3R868ACW4S5PVK4BE6VG6ANTMZAZGI,undefined,2018-12-14 04:00:00.700927,,,overrecruited
36,2018-12-14 04:00:01.255177,,,,,,f,,{},participant,undefined,mturk,36,3WAKVUDHUX9S3CXU5IXG7PR82UJ7U0,36:3WAKVUDHUX9S3CXU5IXG7PR82UJ7U0,3R868ACW4S5PVK4BE6VG6ANTMZAZGI,undefined,2018-12-14 04:00:03.978514,,,overrecruited
