id,creation_time,property1,property2,property3,property4,property5,failed,time_of_death,details,type,participant_id,number,question,response
1,2018-12-14 03:39:58.741708,,,,,,f,,{},question,16,1,questionnaire,"{""engagement"":""3"",""difficulty"":""7""}"
2,2018-12-14 03:41:48.650862,,,,,,f,,{},question,9,1,questionnaire,"{""engagement"":""7"",""difficulty"":""7""}"
3,2018-12-14 03:41:51.611386,,,,,,f,,{},question,14,1,questionnaire,"{""engagement"":""7"",""difficulty"":""7""}"
4,2018-12-14 03:48:30.044017,,,,,,f,,{},question,3,1,questionnaire,"{""engagement"":""6"",""difficulty"":""5""}"
5,2018-12-14 03:48:30.902,,,,,,f,,{},question,8,1,questionnaire,"{""engagement"":""1"",""difficulty"":""4""}"
6,2018-12-14 03:48:31.501765,,,,,,f,,{},question,1,1,questionnaire,"{""engagement"":""5"",""difficulty"":""7""}"
7,2018-12-14 03:48:48.297334,,,,,,f,,{},question,7,1,questionnaire,"{""engagement"":""7"",""difficulty"":""7""}"
8,2018-12-14 03:48:51.937278,,,,,,f,,{},question,12,1,questionnaire,"{""engagement"":""7"",""difficulty"":""5""}"
9,2018-12-14 03:48:52.932017,,,,,,f,,{},question,13,1,questionnaire,"{""engagement"":""3"",""difficulty"":""3""}"
10,2018-12-14 03:49:19.031885,,,,,,f,,{},question,6,1,questionnaire,"{""engagement"":""7"",""difficulty"":""6""}"
11,2018-12-14 03:49:29.111929,,,,,,f,,{},question,15,1,questionnaire,"{""engagement"":""2"",""difficulty"":""6""}"
12,2018-12-14 03:50:59.124475,,,,,,f,,{},question,4,1,questionnaire,"{""engagement"":""7"",""difficulty"":""1""}"
