id,creation_time,property1,property2,property3,property4,property5,failed,time_of_death,details,assignment_id,event_type
1,2018-12-17 01:38:44.162099,,,,,,f,,{},3RXCAC0YISIDY81IVI05HAMC4MXG8F,AssignmentAccepted
2,2018-12-17 01:38:46.989745,,,,,,f,,{},3KMS4QQVK3JRF97OTNRQPUVRY7RKF3,AssignmentAccepted
3,2018-12-17 01:56:18.923695,,,,,,f,,{},3RXCAC0YISIDY81IVI05HAMC4MXG8F,AssignmentSubmitted
4,2018-12-17 02:06:18.736671,,,,,,f,,{},3NLZY2D53QIZQ4FFS3ELGTCKU93QL4,AssignmentSubmitted
5,2018-12-17 02:08:49.031007,,,,,,f,,{},3KMS4QQVK3JRF97OTNRQPUVRY7RKF3,AssignmentAbandoned
6,2018-12-17 02:09:44.975295,,,,,,f,,{},3H8DHMCCWA4UHPTS2HW01US6MUFKDW,AssignmentAccepted
7,2018-12-17 02:36:45.062971,,,,,,f,,{},3H8DHMCCWA4UHPTS2HW01US6MUFKDW,AssignmentReturned
8,2018-12-17 02:37:21.870681,,,,,,f,,{},3KV0LJBBH3EJ8NC05U40LW1EQ18MRI,AssignmentAccepted
9,2018-12-17 02:38:14.689948,,,,,,f,,{},3KV0LJBBH3EJ8NC05U40LW1EQ18MRI,AssignmentSubmitted
