id,creation_time,property1,property2,property3,property4,property5,failed,time_of_death,details,assignment_id,event_type
1,2018-12-14 18:19:58.139322,,,,,,f,,{},3E7TUJ2EGDFA0TA1YK5BBLEQBQC9DG,AssignmentAccepted
2,2018-12-14 18:19:58.165525,,,,,,f,,{},3ATTHHXXWBHH908LTEC0ILGLAYBIXA,AssignmentAccepted
3,2018-12-14 18:19:58.185304,,,,,,f,,{},3SBEHTYCWOW695YVYAY21ZNUC45IYG,AssignmentAccepted
4,2018-12-14 18:19:59.379143,,,,,,f,,{},39GAF6DQWSTE557SLSQC212EDLS1VY,AssignmentAccepted
5,2018-12-14 18:19:59.410329,,,,,,f,,{},3M81GAB8A1CNDVT31QPR2QGFI54BQX,AssignmentAccepted
6,2018-12-14 18:20:03.128558,,,,,,f,,{},3ZPPDN2SLWPFSZO1UFGVH3WBB2D9E9,AssignmentAccepted
7,2018-12-14 18:20:03.163879,,,,,,f,,{},3II4UPYCOK0GSSRNFMGXXG4FLQGDQ6,AssignmentAccepted
8,2018-12-14 18:20:04.689654,,,,,,f,,{},3HFNH7HEMI7J4C1EHCH5317CYIWGQJ,AssignmentAccepted
9,2018-12-14 18:21:38.200404,,,,,,f,,{},39GAF6DQWSTE557SLSQC212EDLS1VY,AssignmentSubmitted
10,2018-12-14 18:22:17.341889,,,,,,f,,{},3E7TUJ2EGDFA0TA1YK5BBLEQBQC9DG,AssignmentSubmitted
11,2018-12-14 18:22:55.745906,,,,,,f,,{},304SM51WA4XZQB8GTUEWXQVG0TNSB1,AssignmentSubmitted
12,2018-12-14 18:22:58.140641,,,,,,f,,{},39DD6S19JQ4UYQ6EYDAUURY4Q50ZED,AssignmentSubmitted
13,2018-12-14 18:23:06.356595,,,,,,f,,{},39DD6S19JQ4UYQ6EYDAUURY4Q50EZS,AssignmentSubmitted
14,2018-12-14 18:23:38.28387,,,,,,f,,{},30X31N5D64JU713ONGE02FBAIB2SA6,AssignmentSubmitted
15,2018-12-14 18:25:09.831319,,,,,,f,,{},3K2755HG5TWJ131E1653LH01EO4FDB,AssignmentSubmitted
16,2018-12-14 18:27:11.502619,,,,,,f,,{},3HHRAGRYX9Y14Q1QOTJRMFQPF3FO9M,AssignmentSubmitted
17,2018-12-14 18:31:35.168052,,,,,,f,,{},3II4UPYCOK0GSSRNFMGXXG4FLQGDQ6,AssignmentSubmitted
18,2018-12-14 18:31:35.276699,,,,,,f,,{},3ZPPDN2SLWPFSZO1UFGVH3WBB2D9E9,AssignmentSubmitted
19,2018-12-14 18:31:35.357014,,,,,,f,,{},3M81GAB8A1CNDVT31QPR2QGFI54BQX,AssignmentSubmitted
20,2018-12-14 18:34:58.452305,,,,,,f,,{},3HFNH7HEMI7J4C1EHCH5317CYIWGQJ,AssignmentSubmitted
21,2018-12-14 18:35:55.242342,,,,,,f,,{},3ATTHHXXWBHH908LTEC0ILGLAYBIXA,AssignmentReturned
22,2018-12-14 18:36:03.090171,,,,,,f,,{},3ATTHHXXWBHH908LTEC0ILGLAYBIXA,AssignmentAccepted
23,2018-12-14 18:38:20.602263,,,,,,f,,{},3VHHR074H4APKMA0W45FG2VPP9OL7U,AssignmentSubmitted
