id,creation_time,property1,property2,property3,property4,property5,failed,time_of_death,details,type,fingerprint_hash,recruiter_id,worker_id,assignment_id,unique_id,hit_id,mode,end_time,base_pay,bonus,status
5,2018-12-14 18:21:21.878624,,,,,,f,,{},participant,undefined,mturk,5,39GAF6DQWSTE557SLSQC212EDLS1VY,5:39GAF6DQWSTE557SLSQC212EDLS1VY,3K2CEDRACBUT1IRYJH4TXR69XSRTM1,undefined,2018-12-14 18:21:38.206451,1,0,approved
8,2018-12-14 18:46:10.730427,,,,,,f,,{},participant,undefined,mturk,8,3ATTHHXXWBHH908LTEC0ILGLAYBIXA,8:3ATTHHXXWBHH908LTEC0ILGLAYBIXA,3K2CEDRACBUT1IRYJH4TXR69XSRTM1,undefined,2018-12-14 18:46:13.288638,,,overrecruited
2,2018-12-14 18:20:21.886953,,,,,,f,,{},participant,undefined,mturk,2,3SBEHTYCWOW695YVYAY21ZNUC45IYG,2:3SBEHTYCWOW695YVYAY21ZNUC45IYG,3K2CEDRACBUT1IRYJH4TXR69XSRTM1,undefined,2018-12-14 18:44:45.098701,,,approved
6,2018-12-14 18:22:03.536521,,,,,,f,,{},participant,undefined,mturk,6,3E7TUJ2EGDFA0TA1YK5BBLEQBQC9DG,6:3E7TUJ2EGDFA0TA1YK5BBLEQBQC9DG,3K2CEDRACBUT1IRYJH4TXR69XSRTM1,undefined,2018-12-14 18:22:17.347983,1,0,approved
4,2018-12-14 18:21:05.237984,,,,,,f,,{},participant,undefined,mturk,4,3ZPPDN2SLWPFSZO1UFGVH3WBB2D9E9,4:3ZPPDN2SLWPFSZO1UFGVH3WBB2D9E9,3K2CEDRACBUT1IRYJH4TXR69XSRTM1,undefined,2018-12-14 18:31:35.283974,1,1.32,approved
3,2018-12-14 18:20:48.88625,,,,,,f,,{},participant,undefined,mturk,3,3II4UPYCOK0GSSRNFMGXXG4FLQGDQ6,3:3II4UPYCOK0GSSRNFMGXXG4FLQGDQ6,3K2CEDRACBUT1IRYJH4TXR69XSRTM1,undefined,2018-12-14 18:31:35.17462,1,1.32,approved
1,2018-12-14 18:20:20.392542,,,,,,f,,{},participant,undefined,mturk,1,3M81GAB8A1CNDVT31QPR2QGFI54BQX,1:3M81GAB8A1CNDVT31QPR2QGFI54BQX,3K2CEDRACBUT1IRYJH4TXR69XSRTM1,undefined,2018-12-14 18:31:35.364213,1,1.32,approved
7,2018-12-14 18:34:37.570556,,,,,,f,,{},participant,undefined,mturk,7,3HFNH7HEMI7J4C1EHCH5317CYIWGQJ,7:3HFNH7HEMI7J4C1EHCH5317CYIWGQJ,3K2CEDRACBUT1IRYJH4TXR69XSRTM1,undefined,2018-12-14 18:34:58.458571,1,0,approved
