id,creation_time,property1,property2,property3,property4,property5,failed,time_of_death,details,type,participant_id,number,question,response
1,2018-12-14 18:31:13.260631,,,,,,f,,{},question,1,1,questionnaire,"{""engagement"":""7"",""difficulty"":""1""}"
2,2018-12-14 18:31:13.923619,,,,,,f,,{},question,3,1,questionnaire,"{""engagement"":""7"",""difficulty"":""3""}"
3,2018-12-14 18:31:15.380987,,,,,,f,,{},question,4,1,questionnaire,"{""engagement"":""7"",""difficulty"":""5""}"
4,2018-12-14 18:44:44.929619,,,,,,f,,{},question,2,1,questionnaire,"{""engagement"":""5"",""difficulty"":""6""}"
