id,creation_time,property1,property2,property3,property4,property5,failed,time_of_death,details,assignment_id,event_type
1,2018-12-16 23:49:40.189179,,,,,,f,,{},3DH6GAKTYZIS4VN5YEMO1UQK8RJZYQ,AssignmentAccepted
2,2018-12-16 23:49:40.213095,,,,,,f,,{},32EYX73OY122LVH9EWVMC6I83MPURU,AssignmentAccepted
3,2018-12-16 23:49:46.304316,,,,,,f,,{},3FIJLY1B6VXSQ0446FWYLBHQSHMPFY,AssignmentAccepted
4,2018-12-16 23:49:46.330405,,,,,,f,,{},3KMS4QQVK3JRF97OTNRQPUVRY7GKFS,AssignmentAccepted
5,2018-12-16 23:51:23.941856,,,,,,f,,{},3KMS4QQVK3JRF97OTNRQPUVRY7GKFS,AssignmentReturned
6,2018-12-16 23:51:35.13967,,,,,,f,,{},3KMS4QQVK3JRF97OTNRQPUVRY7GKFS,AssignmentAccepted
7,2018-12-16 23:58:07.53516,,,,,,f,,{},3WMINLGALCWE0KESQUO0NA7SWIQACO,AssignmentSubmitted
