id,creation_time,property1,property2,property3,property4,property5,failed,time_of_death,details,type,fingerprint_hash,recruiter_id,worker_id,assignment_id,unique_id,hit_id,mode,end_time,base_pay,bonus,status
3,2018-12-17 00:00:10.182757,,,,,,f,,{},participant,undefined,mturk,3,3DH6GAKTYZIS4VN5YEMO1UQK8RJZYQ,3:3DH6GAKTYZIS4VN5YEMO1UQK8RJZYQ,31GN6YMHLPLORU8XYJ5QWKCEUK5SWZ,undefined,2018-12-17 00:00:11.889339,,,overrecruited
4,2018-12-17 00:12:59.300698,,,,,,f,,{},participant,undefined,mturk,4,3KMS4QQVK3JRF97OTNRQPUVRY7GKFS,4:3KMS4QQVK3JRF97OTNRQPUVRY7GKFS,31GN6YMHLPLORU8XYJ5QWKCEUK5SWZ,undefined,2018-12-17 00:13:04.173336,,,overrecruited
1,2018-12-16 23:54:46.220293,,,,,,f,,{},participant,undefined,mturk,1,32EYX73OY122LVH9EWVMC6I83MPURU,1:32EYX73OY122LVH9EWVMC6I83MPURU,31GN6YMHLPLORU8XYJ5QWKCEUK5SWZ,undefined,2018-12-17 00:08:55.149311,,,approved
2,2018-12-16 23:58:45.97426,,,,,,f,,{},participant,undefined,mturk,2,3FIJLY1B6VXSQ0446FWYLBHQSHMPFY,2:3FIJLY1B6VXSQ0446FWYLBHQSHMPFY,31GN6YMHLPLORU8XYJ5QWKCEUK5SWZ,undefined,2018-12-17 00:09:03.00507,,,approved
