id,creation_time,property1,property2,property3,property4,property5,failed,time_of_death,details,assignment_id,event_type
1,2018-12-16 22:27:39.494173,,,,,,f,,{},3LQ8PUHQFMLKNA86OAUEFZSRMIWIH5,AssignmentAccepted
2,2018-12-16 22:27:40.456427,,,,,,f,,{},3BV8HQ2ZZXUPK35RG3BX1AFI0WBA6S,AssignmentAccepted
3,2018-12-16 22:27:41.585599,,,,,,f,,{},3PQMUDRV7SZKJ5JQUSCZFBT6MVBIIY,AssignmentAccepted
4,2018-12-16 22:27:41.625601,,,,,,f,,{},3P529IW9KZE2ZFP6EN3R4U86N7DFLI,AssignmentAccepted
5,2018-12-16 22:29:40.555993,,,,,,f,,{},3PQMUDRV7SZKJ5JQUSCZFBT6MVBIIY,AssignmentSubmitted
