id,creation_time,property1,property2,property3,property4,property5,failed,time_of_death,details,type,fingerprint_hash,recruiter_id,worker_id,assignment_id,unique_id,hit_id,mode,end_time,base_pay,bonus,status
3,2018-12-16 22:29:18.037227,,,,,,f,,{},participant,undefined,mturk,3,3PQMUDRV7SZKJ5JQUSCZFBT6MVBIIY,3:3PQMUDRV7SZKJ5JQUSCZFBT6MVBIIY,32PT7WK7DM8LY7NRR9ZZWOFHVNU3D1,undefined,2018-12-16 22:29:40.563364,1,0,approved
4,2018-12-16 22:52:50.446592,,,,,,f,,{},participant,undefined,mturk,4,3LQ8PUHQFMLKNA86OAUEFZSRMIWIH5,4:3LQ8PUHQFMLKNA86OAUEFZSRMIWIH5,32PT7WK7DM8LY7NRR9ZZWOFHVNU3D1,undefined,2018-12-16 22:52:56.578202,,,overrecruited
2,2018-12-16 22:28:33.028982,,,,,,f,,{},participant,undefined,mturk,2,3P529IW9KZE2ZFP6EN3R4U86N7DFLI,2:3P529IW9KZE2ZFP6EN3R4U86N7DFLI,32PT7WK7DM8LY7NRR9ZZWOFHVNU3D1,undefined,2018-12-16 22:38:45.448538,,,approved
1,2018-12-16 22:28:31.860774,,,,,,f,,{},participant,undefined,mturk,1,3BV8HQ2ZZXUPK35RG3BX1AFI0WBA6S,1:3BV8HQ2ZZXUPK35RG3BX1AFI0WBA6S,32PT7WK7DM8LY7NRR9ZZWOFHVNU3D1,undefined,2018-12-16 22:38:41.581095,,,approved
