id,creation_time,property1,property2,property3,property4,property5,failed,time_of_death,details,assignment_id,event_type
1,2018-12-14 19:06:30.4244,,,,,,f,,{},3WEV0KO0ONLS58607Q52SGJG3E7SDG,AssignmentAccepted
2,2018-12-14 19:06:30.450515,,,,,,f,,{},3ZSANO2JCG0P3SKWYW0SGGM1FRNSFR,AssignmentAccepted
3,2018-12-14 19:06:30.697014,,,,,,f,,{},3TVRFO09GL8JZ1GREH9DA18DR2BXL9,AssignmentAccepted
4,2018-12-14 19:06:30.723726,,,,,,f,,{},3HWRJOOET6VXXEK03LGMYY113Q8SE9,AssignmentAccepted
5,2018-12-14 19:06:30.776803,,,,,,f,,{},3TXMY6UCAFH6N0L9FQLMDAMX0QAQCP,AssignmentAccepted
6,2018-12-14 19:06:35.175985,,,,,,f,,{},3OVHNO1VE7UP6KSE2IZAO9GJQT7DZ6,AssignmentAccepted
7,2018-12-14 19:06:40.937983,,,,,,f,,{},3A7Y0R2P2PHD4BSRBWX0UMVLND6XJ7,AssignmentAccepted
8,2018-12-14 19:07:01.072119,,,,,,f,,{},3G5F9DBFOQQP9GS6NHTXUOILUAUHVJ,AssignmentAccepted
9,2018-12-14 19:10:12.137695,,,,,,f,,{},3B837J3LDPPM6IP5PR0MX50KIFVSRJ,AssignmentSubmitted
10,2018-12-14 19:10:58.944957,,,,,,f,,{},3ZSANO2JCG0P3SKWYW0SGGM1FRNSFR,AssignmentSubmitted
11,2018-12-14 19:19:47.773186,,,,,,f,,{},3G5F9DBFOQQP9GS6NHTXUOILUAUHVJ,AssignmentSubmitted
12,2018-12-14 19:19:54.022129,,,,,,f,,{},3OVHNO1VE7UP6KSE2IZAO9GJQT7DZ6,AssignmentSubmitted
13,2018-12-14 19:20:00.487971,,,,,,f,,{},3WEV0KO0ONLS58607Q52SGJG3E7SDG,AssignmentSubmitted
14,2018-12-14 19:36:40.990395,,,,,,f,,{},3TXMY6UCAFH6N0L9FQLMDAMX0QAQCP,AssignmentAbandoned
15,2018-12-14 19:36:45.149929,,,,,,f,,{},3TXMY6UCAFH6N0L9FQLMDAMX0QAQCP,AssignmentAccepted
