id,creation_time,property1,property2,property3,property4,property5,failed,time_of_death,details,type,fingerprint_hash,recruiter_id,worker_id,assignment_id,unique_id,hit_id,mode,end_time,base_pay,bonus,status
5,2018-12-14 19:10:50.008482,,,,,,f,,{},participant,undefined,mturk,5,3ZSANO2JCG0P3SKWYW0SGGM1FRNSFR,5:3ZSANO2JCG0P3SKWYW0SGGM1FRNSFR,3ZFRE2BDQ970H6Z13GVKUWNOPS1ZXB,undefined,2018-12-14 19:10:58.951144,1,0,approved
6,2018-12-14 19:14:51.939213,,,,,,f,,{},participant,undefined,mturk,6,3TXMY6UCAFH6N0L9FQLMDAMX0QAQCP,6:3TXMY6UCAFH6N0L9FQLMDAMX0QAQCP,3ZFRE2BDQ970H6Z13GVKUWNOPS1ZXB,undefined,,,,overrecruited
4,2018-12-14 19:09:33.796617,,,,,,f,,{},participant,undefined,mturk,4,3G5F9DBFOQQP9GS6NHTXUOILUAUHVJ,4:3G5F9DBFOQQP9GS6NHTXUOILUAUHVJ,3ZFRE2BDQ970H6Z13GVKUWNOPS1ZXB,undefined,2018-12-14 19:19:47.779431,1,3.77,approved
2,2018-12-14 19:07:43.83786,,,,,,f,,{},participant,undefined,mturk,2,3OVHNO1VE7UP6KSE2IZAO9GJQT7DZ6,2:3OVHNO1VE7UP6KSE2IZAO9GJQT7DZ6,3ZFRE2BDQ970H6Z13GVKUWNOPS1ZXB,undefined,2018-12-14 19:19:54.030116,1,3.77,approved
3,2018-12-14 19:08:42.318438,,,,,,f,,{},participant,undefined,mturk,3,3WEV0KO0ONLS58607Q52SGJG3E7SDG,3:3WEV0KO0ONLS58607Q52SGJG3E7SDG,3ZFRE2BDQ970H6Z13GVKUWNOPS1ZXB,undefined,2018-12-14 19:20:00.494992,1,3.77,approved
7,2018-12-14 19:22:52.798342,,,,,,f,,{},participant,undefined,mturk,7,3HWRJOOET6VXXEK03LGMYY113Q8SE9,7:3HWRJOOET6VXXEK03LGMYY113Q8SE9,3ZFRE2BDQ970H6Z13GVKUWNOPS1ZXB,undefined,2018-12-14 19:22:54.134328,,,overrecruited
8,2018-12-14 19:33:44.281103,,,,,,f,,{},participant,undefined,mturk,8,3A7Y0R2P2PHD4BSRBWX0UMVLND6XJ7,8:3A7Y0R2P2PHD4BSRBWX0UMVLND6XJ7,3ZFRE2BDQ970H6Z13GVKUWNOPS1ZXB,undefined,2018-12-14 19:33:45.682813,,,overrecruited
9,2018-12-14 19:39:04.780053,,,,,,f,,{},participant,undefined,mturk,9,3TXMY6UCAFH6N0L9FQLMDAMX0QAQCP,9:3TXMY6UCAFH6N0L9FQLMDAMX0QAQCP,3ZFRE2BDQ970H6Z13GVKUWNOPS1ZXB,undefined,2018-12-14 19:39:13.436853,,,overrecruited
1,2018-12-14 19:06:44.151602,,,,,,f,,{},participant,undefined,mturk,1,3TVRFO09GL8JZ1GREH9DA18DR2BXL9,1:3TVRFO09GL8JZ1GREH9DA18DR2BXL9,3ZFRE2BDQ970H6Z13GVKUWNOPS1ZXB,undefined,2018-12-14 19:20:40.285827,,,approved
