id,creation_time,property1,property2,property3,property4,property5,failed,time_of_death,details,type,participant_id,number,question,response
1,2018-12-14 19:19:44.490116,,,,,,f,,{},question,4,1,questionnaire,"{""engagement"":""7"",""difficulty"":""5""}"
2,2018-12-14 19:19:44.854261,,,,,,f,,{},question,2,1,questionnaire,"{""engagement"":""7"",""difficulty"":""3""}"
3,2018-12-14 19:19:48.612622,,,,,,f,,{},question,3,1,questionnaire,"{""engagement"":""7"",""difficulty"":""4""}"
4,2018-12-14 19:20:40.120562,,,,,,f,,{},question,1,1,questionnaire,"{""engagement"":""6"",""difficulty"":""2""}"
