id,creation_time,property1,property2,property3,property4,property5,failed,time_of_death,details,assignment_id,event_type
1,2018-12-14 03:15:25.136839,,,,,,f,,{},3HUTX6F6VVGQ46GR3K4CCSIB9R22OT,AssignmentAccepted
2,2018-12-14 03:15:25.162576,,,,,,f,,{},3C2NJ6JBKBA8MLGF254ZX3I6JHX2NE,AssignmentAccepted
3,2018-12-14 03:15:25.1829,,,,,,f,,{},3O6CYIULEEU7TRYVDQ5SZ5QPVKKUWF,AssignmentAccepted
4,2018-12-14 03:15:25.687855,,,,,,f,,{},3UOUJI6MTE7MIR3LNV1E1O4W4MQUX8,AssignmentAccepted
5,2018-12-14 03:15:25.713124,,,,,,f,,{},354GIDR5ZCZY5FLUMCYN33TEEQ200H,AssignmentAccepted
6,2018-12-14 03:15:25.761592,,,,,,f,,{},3E337GFOLA1Y1FOM1KPOZ7C7T01NGH,AssignmentAccepted
7,2018-12-14 03:15:25.804035,,,,,,f,,{},37Q970SNZF1YDDQORXL7REI7EAQS1Y,AssignmentAccepted
8,2018-12-14 03:15:25.875564,,,,,,f,,{},3F6KKYWMNCUVPVEVZUOGTM9AG8LND7,AssignmentAccepted
9,2018-12-14 03:15:26.522755,,,,,,f,,{},3MB8LZR5BGMDF1HKFYUOK70BVMIKLF,AssignmentAccepted
10,2018-12-14 03:15:26.556547,,,,,,f,,{},3IKZ72A5B59SNFSRQ0J6HMCVSL1NFI,AssignmentAccepted
11,2018-12-14 03:15:26.617548,,,,,,f,,{},3TAYZSBPLM152Y8KA1LLWXSC6G4S2F,AssignmentAccepted
12,2018-12-14 03:15:29.008135,,,,,,f,,{},3ATTHHXXWBHH908LTEC0ILGLAR3XI3,AssignmentAccepted
13,2018-12-14 03:15:29.04098,,,,,,f,,{},3URFVVM166BBNM30ODPZY9K7CMOUZ5,AssignmentAccepted
14,2018-12-14 03:15:29.345719,,,,,,f,,{},35LDD5557BXXLJZ5FAV3KKF0VR8KMH,AssignmentAccepted
15,2018-12-14 03:15:29.379032,,,,,,f,,{},3907X2AHF1Y8P6SSIKHR1SN1JWY2PA,AssignmentAccepted
16,2018-12-14 03:15:29.841924,,,,,,f,,{},3AUQQEL7U6MEYGMAP9MCOWJ48MEV03,AssignmentAccepted
17,2018-12-14 03:15:29.892459,,,,,,f,,{},34Q075JO1Y6YC46CIV2NH8COJI801K,AssignmentAccepted
18,2018-12-14 03:15:33.277266,,,,,,f,,{},30LSNF239VOG8K5O5PR7SVMPXI2I2D,AssignmentAccepted
19,2018-12-14 03:15:33.310387,,,,,,f,,{},36W0OB37HX76I0XGOEI0FUVHIEMHZR,AssignmentAccepted
20,2018-12-14 03:15:33.340802,,,,,,f,,{},3FE7TXL1LJGTPIT7IXWG1XDBOSK2Q1,AssignmentAccepted
21,2018-12-14 03:15:33.367391,,,,,,f,,{},3M23Y66PO30TKZRLX3XOMA9OML6S6W,AssignmentAccepted
22,2018-12-14 03:15:33.395541,,,,,,f,,{},3FFJ6VRIL2H9CA2AQ2NT97TA0KII0T,AssignmentAccepted
23,2018-12-14 03:15:33.425979,,,,,,f,,{},3QAPZX2QN5651PO81Z21MRMTBOM021,AssignmentAccepted
24,2018-12-14 03:15:33.467875,,,,,,f,,{},317HQ483I8LCX6UHR8PRKJPN8DTNI9,AssignmentAccepted
25,2018-12-14 03:15:33.494963,,,,,,f,,{},3RU7GD8VPPM1U59QCZWXSA05HQWPSZ,AssignmentAccepted
26,2018-12-14 03:15:40.484442,,,,,,f,,{},3RJSC4XJ11NX0M7VJI4ZKYP5VYD052,AssignmentAccepted
27,2018-12-14 03:15:40.522218,,,,,,f,,{},39GAF6DQWSTE557SLSQC212EDEKV16,AssignmentAccepted
28,2018-12-14 03:15:48.33759,,,,,,f,,{},3OB0CAO74II6DANBSSGH1NMFCKIHY0,AssignmentAccepted
29,2018-12-14 03:15:48.369569,,,,,,f,,{},3DH6GAKTYZIS4VN5YEMO1UQK8AZZY8,AssignmentAccepted
30,2018-12-14 03:15:48.430501,,,,,,f,,{},3RYC5T2D74MPTQ9DXAWS20V9VODPRB,AssignmentReturned
31,2018-12-14 03:15:48.461878,,,,,,f,,{},3RYC5T2D74MPTQ9DXAWS20V9VODPRB,AssignmentAccepted
32,2018-12-14 03:15:48.488408,,,,,,f,,{},31LM9EDVOML8SHEN9QARWK4NLSINJL,AssignmentAccepted
33,2018-12-14 03:15:58.518059,,,,,,f,,{},31LM9EDVOML8SHEN9QARWK4NLSINJL,AssignmentReturned
34,2018-12-14 03:16:29.603029,,,,,,f,,{},3WOKGM4L729J8WDDOX0YT4PWCTI0O7,AssignmentAccepted
35,2018-12-14 03:16:29.626759,,,,,,f,,{},36AHBNMV1S5P1UI96WXRA27HKSPYD8,AssignmentAccepted
36,2018-12-14 03:16:48.150415,,,,,,f,,{},38SKSKU7R2QM96RWFV9C7RLY3ITLI5,AssignmentAccepted
37,2018-12-14 03:16:53.719443,,,,,,f,,{},3WYP994K18KQGL3UW9PD4WXP3616YN,AssignmentSubmitted
38,2018-12-14 03:17:30.592467,,,,,,f,,{},37U1UTWH9WF4NYAWBTUHGE0J6EB8R8,AssignmentSubmitted
39,2018-12-14 03:17:55.249859,,,,,,f,,{},3VNXK88KKDBWUAANP555H7KXBQ79VS,AssignmentSubmitted
40,2018-12-14 03:17:55.396186,,,,,,f,,{},36DSNE9QZ6RQA2EZA5A4B94SB2MJOV,AssignmentSubmitted
41,2018-12-14 03:19:21.982081,,,,,,f,,{},3EWIJTFFVP0XW50OUJX2OSVI8RAE0F,AssignmentSubmitted
42,2018-12-14 03:19:32.371539,,,,,,f,,{},3NS0A6KXC51SI425480IUUJG3EAGZS,AssignmentAccepted
43,2018-12-14 03:19:40.528619,,,,,,f,,{},3NS0A6KXC51SI425480IUUJG3EAGZS,AssignmentReturned
44,2018-12-14 03:19:49.452023,,,,,,f,,{},3YDGXNSEO0NXMS8Y0HY48LP9E0S48M,AssignmentSubmitted
45,2018-12-14 03:19:54.621177,,,,,,f,,{},3TXWC2NHN0JG2ITJVA006K0QCMD9SN,AssignmentSubmitted
46,2018-12-14 03:20:01.880917,,,,,,f,,{},3NPFYT4IZDX3D92Q3QCXX935VEAGXT,AssignmentSubmitted
47,2018-12-14 03:20:01.915737,,,,,,f,,{},3URFVVM166BBNM30ODPZY9K7CMOUZ5,AssignmentSubmitted
48,2018-12-14 03:20:05.04239,,,,,,f,,{},3NS0A6KXC51SI425480IUUJG3EAGZS,AssignmentAccepted
49,2018-12-14 03:20:10.988469,,,,,,f,,{},37TRT2X24RK6R8PQ605I5P4T433BJJ,AssignmentSubmitted
50,2018-12-14 03:20:44.525502,,,,,,f,,{},3O6CYIULEEU7TRYVDQ5SZ5QPVKKUWF,AssignmentSubmitted
51,2018-12-14 03:20:44.592031,,,,,,f,,{},35LDD5557BXXLJZ5FAV3KKF0VR8KMH,AssignmentSubmitted
52,2018-12-14 03:20:44.672153,,,,,,f,,{},3H7XDTSHKDKOO9X0TLGBVQPYMC4GW0,AssignmentSubmitted
53,2018-12-14 03:20:44.698801,,,,,,f,,{},3ZOTGHDK5J4J95XPXZJI3AVF7LZOSG,AssignmentSubmitted
54,2018-12-14 03:20:44.721668,,,,,,f,,{},3IKZ72A5B59SNFSRQ0J6HMCVSL1NFI,AssignmentSubmitted
55,2018-12-14 03:20:46.862894,,,,,,f,,{},3SUWZRL0MZ6SAGM3W8DJXT59LUWE6G,AssignmentSubmitted
56,2018-12-14 03:20:50.837005,,,,,,f,,{},3YDTZAI2WY9FBSOD1WPPTB210UM412,AssignmentSubmitted
57,2018-12-14 03:21:39.491761,,,,,,f,,{},3RGU30DZTB12AZTNXPVRJ5FNG27JMG,AssignmentSubmitted
58,2018-12-14 03:21:49.02302,,,,,,f,,{},386PBUZZXGQI4HB2XDUCJS0YGXHJLE,AssignmentSubmitted
59,2018-12-14 03:22:28.804801,,,,,,f,,{},3RU7GD8VPPM1U59QCZWXSA05HQWPSZ,AssignmentSubmitted
60,2018-12-14 03:33:32.14082,,,,,,f,,{},3MB8LZR5BGMDF1HKFYUOK70BVMIKLF,AssignmentReturned
61,2018-12-14 03:33:32.226183,,,,,,f,,{},3MB8LZR5BGMDF1HKFYUOK70BVMIKLF,AssignmentAccepted
62,2018-12-14 03:35:39.272078,,,,,,f,,"{""feedback"": ""After I read the instructions for the game, the game started loading.  It took a while and it was on 88%.  I must have accidentally closed the window because it disappeared.  I clicked the link again and it took me through the instructions again but then it stayed on 0% loaded and said it was waiting for other players."", ""error_text"": ""There has been an error and so you are unable to\r\n        continue, sorry!"", ""error_type"": ""already_started_exp_mturk"", ""request_data"": {""hit_id"": null, ""worker_id"": null, ""participant_id"": null}}",unknown,ExperimentError
63,2018-12-14 03:37:01.063754,,,,,,f,,"{""feedback"": """", ""error_text"": ""There has been an error and so you are unable to\r\n        continue, sorry!"", ""error_type"": ""already_started_exp_mturk"", ""request_data"": {""hit_id"": null, ""worker_id"": null, ""participant_id"": null}}",unknown,ExperimentError
64,2018-12-14 03:43:36.422161,,,,,,f,,{},3QAPZX2QN5651PO81Z21MRMTBOM021,AssignmentReturned
65,2018-12-14 03:44:09.534133,,,,,,f,,{},3WOKGM4L729J8WDDOX0YT4PWCTI0O7,AssignmentReturned
66,2018-12-14 03:45:39.931927,,,,,,f,,{},354GIDR5ZCZY5FLUMCYN33TEEQ200H,AssignmentAbandoned
67,2018-12-14 03:45:43.487466,,,,,,f,,{},3OB0CAO74II6DANBSSGH1NMFCKIHY0,AssignmentAbandoned
68,2018-12-14 03:46:29.640824,,,,,,f,,{},36AHBNMV1S5P1UI96WXRA27HKSPYD8,AssignmentAbandoned
69,2018-12-14 03:46:48.982306,,,,,,f,,{},38SKSKU7R2QM96RWFV9C7RLY3ITLI5,AssignmentAbandoned
