id,creation_time,property1,property2,property3,property4,property5,failed,time_of_death,details,type,fingerprint_hash,recruiter_id,worker_id,assignment_id,unique_id,hit_id,mode,end_time,base_pay,bonus,status
23,2018-12-14 03:24:31.043735,,,,,,f,,{},participant,undefined,mturk,23,3DH6GAKTYZIS4VN5YEMO1UQK8AZZY8,23:3DH6GAKTYZIS4VN5YEMO1UQK8AZZY8,3ZICQFRS31BPM1ZG4YJ5RH3ZXP2ZZ5,undefined,2018-12-14 03:24:32.206124,,,overrecruited
19,2018-12-14 03:20:13.836439,,,,,,f,,{},participant,undefined,mturk,19,3O6CYIULEEU7TRYVDQ5SZ5QPVKKUWF,19:3O6CYIULEEU7TRYVDQ5SZ5QPVKKUWF,3ZICQFRS31BPM1ZG4YJ5RH3ZXP2ZZ5,undefined,2018-12-14 03:20:44.531195,1,0,approved
18,2018-12-14 03:19:57.329814,,,,,,f,,{},participant,undefined,mturk,18,3URFVVM166BBNM30ODPZY9K7CMOUZ5,18:3URFVVM166BBNM30ODPZY9K7CMOUZ5,3ZICQFRS31BPM1ZG4YJ5RH3ZXP2ZZ5,undefined,2018-12-14 03:20:01.921697,1,0,approved
20,2018-12-14 03:20:18.124051,,,,,,f,,{},participant,undefined,mturk,20,3IKZ72A5B59SNFSRQ0J6HMCVSL1NFI,20:3IKZ72A5B59SNFSRQ0J6HMCVSL1NFI,3ZICQFRS31BPM1ZG4YJ5RH3ZXP2ZZ5,undefined,2018-12-14 03:20:44.726917,1,0,approved
24,2018-12-14 03:25:03.135106,,,,,,f,,{},participant,undefined,mturk,24,30LSNF239VOG8K5O5PR7SVMPXI2I2D,24:30LSNF239VOG8K5O5PR7SVMPXI2I2D,3ZICQFRS31BPM1ZG4YJ5RH3ZXP2ZZ5,undefined,2018-12-14 03:25:05.685434,,,overrecruited
17,2018-12-14 03:19:54.253329,,,,,,f,,{},participant,undefined,mturk,17,35LDD5557BXXLJZ5FAV3KKF0VR8KMH,17:35LDD5557BXXLJZ5FAV3KKF0VR8KMH,3ZICQFRS31BPM1ZG4YJ5RH3ZXP2ZZ5,undefined,2018-12-14 03:20:44.602014,1,0,approved
21,2018-12-14 03:22:05.46073,,,,,,f,,{},participant,undefined,mturk,21,3RU7GD8VPPM1U59QCZWXSA05HQWPSZ,21:3RU7GD8VPPM1U59QCZWXSA05HQWPSZ,3ZICQFRS31BPM1ZG4YJ5RH3ZXP2ZZ5,undefined,2018-12-14 03:22:28.810846,1,0,approved
22,2018-12-14 03:23:03.925397,,,,,,f,,{},participant,undefined,mturk,22,3TAYZSBPLM152Y8KA1LLWXSC6G4S2F,22:3TAYZSBPLM152Y8KA1LLWXSC6G4S2F,3ZICQFRS31BPM1ZG4YJ5RH3ZXP2ZZ5,undefined,2018-12-14 03:23:23.663622,,,overrecruited
25,2018-12-14 03:26:28.769593,,,,,,f,,{},participant,undefined,mturk,25,3F6KKYWMNCUVPVEVZUOGTM9AG8LND7,25:3F6KKYWMNCUVPVEVZUOGTM9AG8LND7,3ZICQFRS31BPM1ZG4YJ5RH3ZXP2ZZ5,undefined,2018-12-14 03:26:35.198995,,,overrecruited
9,2018-12-14 03:16:45.410583,,,,,,f,,{},participant,undefined,mturk,9,3C2NJ6JBKBA8MLGF254ZX3I6JHX2NE,9:3C2NJ6JBKBA8MLGF254ZX3I6JHX2NE,3ZICQFRS31BPM1ZG4YJ5RH3ZXP2ZZ5,undefined,2018-12-14 03:29:57.154709,,,approved
26,2018-12-14 03:29:05.322093,,,,,,f,,{},participant,undefined,mturk,26,3FE7TXL1LJGTPIT7IXWG1XDBOSK2Q1,26:3FE7TXL1LJGTPIT7IXWG1XDBOSK2Q1,3ZICQFRS31BPM1ZG4YJ5RH3ZXP2ZZ5,undefined,2018-12-14 03:29:10.671757,,,overrecruited
4,2018-12-14 03:15:56.571213,,,,,,f,,{},participant,undefined,mturk,4,36W0OB37HX76I0XGOEI0FUVHIEMHZR,4:36W0OB37HX76I0XGOEI0FUVHIEMHZR,3ZICQFRS31BPM1ZG4YJ5RH3ZXP2ZZ5,undefined,2018-12-14 03:29:54.613716,,,approved
5,2018-12-14 03:16:05.287738,,,,,,f,,{},participant,undefined,mturk,5,3HUTX6F6VVGQ46GR3K4CCSIB9R22OT,5:3HUTX6F6VVGQ46GR3K4CCSIB9R22OT,3ZICQFRS31BPM1ZG4YJ5RH3ZXP2ZZ5,undefined,2018-12-14 03:29:58.801088,,,approved
8,2018-12-14 03:16:44.936466,,,,,,f,,{},participant,undefined,mturk,8,3RJSC4XJ11NX0M7VJI4ZKYP5VYD052,8:3RJSC4XJ11NX0M7VJI4ZKYP5VYD052,3ZICQFRS31BPM1ZG4YJ5RH3ZXP2ZZ5,undefined,2018-12-14 03:29:58.293571,,,approved
33,2018-12-14 03:48:37.823228,,,,,,f,,{},participant,undefined,mturk,33,31T4R4OBOT9WHIGUJRCGDJ52VUAC7T,33:31T4R4OBOT9WHIGUJRCGDJ52VUAC7T,3ZICQFRS31BPM1ZG4YJ5RH3ZXP2ZZ5,undefined,2018-12-14 03:48:41.465681,,,overrecruited
13,2018-12-14 03:17:30.16861,,,,,,f,,{},participant,undefined,mturk,13,3AUQQEL7U6MEYGMAP9MCOWJ48MEV03,13:3AUQQEL7U6MEYGMAP9MCOWJ48MEV03,3ZICQFRS31BPM1ZG4YJ5RH3ZXP2ZZ5,undefined,2018-12-14 03:30:43.545615,,,approved
12,2018-12-14 03:17:12.387192,,,,,,f,,{},participant,undefined,mturk,12,317HQ483I8LCX6UHR8PRKJPN8DTNI9,12:317HQ483I8LCX6UHR8PRKJPN8DTNI9,3ZICQFRS31BPM1ZG4YJ5RH3ZXP2ZZ5,undefined,2018-12-14 03:29:58.191365,,,approved
16,2018-12-14 03:19:44.901995,,,,,,f,,{},participant,undefined,mturk,16,3FFJ6VRIL2H9CA2AQ2NT97TA0KII0T,16:3FFJ6VRIL2H9CA2AQ2NT97TA0KII0T,3ZICQFRS31BPM1ZG4YJ5RH3ZXP2ZZ5,undefined,2018-12-14 03:29:54.85512,,,approved
14,2018-12-14 03:18:16.417291,,,,,,f,,{},participant,undefined,mturk,14,34Q075JO1Y6YC46CIV2NH8COJI801K,14:34Q075JO1Y6YC46CIV2NH8COJI801K,3ZICQFRS31BPM1ZG4YJ5RH3ZXP2ZZ5,undefined,2018-12-14 03:30:00.599554,,,approved
27,2018-12-14 03:30:56.625665,,,,,,f,,{},participant,undefined,mturk,27,3907X2AHF1Y8P6SSIKHR1SN1JWY2PA,27:3907X2AHF1Y8P6SSIKHR1SN1JWY2PA,3ZICQFRS31BPM1ZG4YJ5RH3ZXP2ZZ5,undefined,2018-12-14 03:31:03.842256,,,overrecruited
28,2018-12-14 03:37:41.028858,,,,,,f,,{},participant,undefined,mturk,28,3MB8LZR5BGMDF1HKFYUOK70BVMIKLF,28:3MB8LZR5BGMDF1HKFYUOK70BVMIKLF,3ZICQFRS31BPM1ZG4YJ5RH3ZXP2ZZ5,undefined,2018-12-14 03:38:03.8096,,,overrecruited
29,2018-12-14 03:43:25.853021,,,,,,f,,{},participant,undefined,mturk,29,3M23Y66PO30TKZRLX3XOMA9OML6S6W,29:3M23Y66PO30TKZRLX3XOMA9OML6S6W,3ZICQFRS31BPM1ZG4YJ5RH3ZXP2ZZ5,undefined,2018-12-14 03:43:29.623424,,,overrecruited
11,2018-12-14 03:17:04.608826,,,,,,f,,{},participant,undefined,mturk,11,3QAPZX2QN5651PO81Z21MRMTBOM021,11:3QAPZX2QN5651PO81Z21MRMTBOM021,3ZICQFRS31BPM1ZG4YJ5RH3ZXP2ZZ5,undefined,2018-12-14 03:43:36.42788,,,returned
30,2018-12-14 03:45:23.345545,,,,,,f,,{},participant,undefined,mturk,30,3RYC5T2D74MPTQ9DXAWS20V9VPIPRI,30:3RYC5T2D74MPTQ9DXAWS20V9VPIPRI,3ZICQFRS31BPM1ZG4YJ5RH3ZXP2ZZ5,undefined,2018-12-14 03:45:28.247306,,,overrecruited
2,2018-12-14 03:15:41.201503,,,,,,f,,{},participant,undefined,mturk,2,3OB0CAO74II6DANBSSGH1NMFCKIHY0,2:3OB0CAO74II6DANBSSGH1NMFCKIHY0,3ZICQFRS31BPM1ZG4YJ5RH3ZXP2ZZ5,undefined,2018-12-14 03:45:43.493356,,,abandoned
7,2018-12-14 03:16:40.82325,,,,,,f,,{},participant,undefined,mturk,7,36AHBNMV1S5P1UI96WXRA27HKSPYD8,7:36AHBNMV1S5P1UI96WXRA27HKSPYD8,3ZICQFRS31BPM1ZG4YJ5RH3ZXP2ZZ5,undefined,2018-12-14 03:46:29.697257,,,abandoned
31,2018-12-14 03:46:39.081875,,,,,,f,,{},participant,undefined,mturk,31,31EUONYN2WWZ1XETRUONEXFM6QZVO0,31:31EUONYN2WWZ1XETRUONEXFM6QZVO0,3ZICQFRS31BPM1ZG4YJ5RH3ZXP2ZZ5,undefined,2018-12-14 03:46:40.676628,,,overrecruited
1,2018-12-14 03:15:36.579437,,,,,,f,,{},participant,undefined,mturk,1,3UOUJI6MTE7MIR3LNV1E1O4W4MQUX8,1:3UOUJI6MTE7MIR3LNV1E1O4W4MQUX8,3ZICQFRS31BPM1ZG4YJ5RH3ZXP2ZZ5,undefined,2018-12-14 03:29:52.979654,,,approved
32,2018-12-14 03:48:05.077946,,,,,,f,,{},participant,undefined,mturk,32,3KJYX6QCMA4L0MNWBHWI61Y07WQJV6,32:3KJYX6QCMA4L0MNWBHWI61Y07WQJV6,3ZICQFRS31BPM1ZG4YJ5RH3ZXP2ZZ5,undefined,2018-12-14 03:48:06.507188,,,overrecruited
3,2018-12-14 03:15:47.301294,,,,,,f,,{},participant,undefined,mturk,3,37Q970SNZF1YDDQORXL7REI7EAQS1Y,3:37Q970SNZF1YDDQORXL7REI7EAQS1Y,3ZICQFRS31BPM1ZG4YJ5RH3ZXP2ZZ5,undefined,2018-12-14 03:29:51.824947,,,approved
10,2018-12-14 03:16:47.561799,,,,,,f,,{},participant,undefined,mturk,10,3ATTHHXXWBHH908LTEC0ILGLAR3XI3,10:3ATTHHXXWBHH908LTEC0ILGLAR3XI3,3ZICQFRS31BPM1ZG4YJ5RH3ZXP2ZZ5,undefined,2018-12-14 03:27:19.21638,,,approved
15,2018-12-14 03:19:11.323846,,,,,,f,,{},participant,undefined,mturk,15,3E337GFOLA1Y1FOM1KPOZ7C7T01NGH,15:3E337GFOLA1Y1FOM1KPOZ7C7T01NGH,3ZICQFRS31BPM1ZG4YJ5RH3ZXP2ZZ5,undefined,2018-12-14 03:30:03.295856,,,approved
6,2018-12-14 03:16:08.845946,,,,,,f,,{},participant,undefined,mturk,6,39GAF6DQWSTE557SLSQC212EDEKV16,6:39GAF6DQWSTE557SLSQC212EDEKV16,3ZICQFRS31BPM1ZG4YJ5RH3ZXP2ZZ5,undefined,2018-12-14 03:29:57.867908,,,approved
34,2018-12-14 03:51:17.250008,,,,,,f,,{},participant,undefined,mturk,34,3YZ8UPK3VUFYFTSQWZ5RNBJM357UCD,34:3YZ8UPK3VUFYFTSQWZ5RNBJM357UCD,3ZICQFRS31BPM1ZG4YJ5RH3ZXP2ZZ5,undefined,2018-12-14 03:51:20.977606,,,overrecruited
35,2018-12-14 03:56:51.248746,,,,,,f,,{},participant,undefined,mturk,35,3C8HJ7UOP8NSAEYRFBYD7Z3DZ1QZMP,35:3C8HJ7UOP8NSAEYRFBYD7Z3DZ1QZMP,3ZICQFRS31BPM1ZG4YJ5RH3ZXP2ZZ5,undefined,2018-12-14 03:56:52.841803,,,overrecruited
