id,creation_time,property1,property2,property3,property4,property5,failed,time_of_death,details,type,participant_id,number,question,response
1,2018-12-14 03:27:19.077581,,,,,,f,,{},question,10,1,questionnaire,"{""engagement"":""7"",""difficulty"":""7""}"
2,2018-12-14 03:29:51.562992,,,,,,f,,{},question,3,1,questionnaire,"{""engagement"":""2"",""difficulty"":""7""}"
3,2018-12-14 03:29:52.811711,,,,,,f,,{},question,1,1,questionnaire,"{""engagement"":""5"",""difficulty"":""7""}"
4,2018-12-14 03:29:54.47104,,,,,,f,,{},question,4,1,questionnaire,"{""engagement"":""7"",""difficulty"":""4""}"
5,2018-12-14 03:29:54.74265,,,,,,f,,{},question,16,1,questionnaire,"{""engagement"":""7"",""difficulty"":""1""}"
6,2018-12-14 03:29:57.048302,,,,,,f,,{},question,9,1,questionnaire,"{""engagement"":""2"",""difficulty"":""4""}"
7,2018-12-14 03:29:57.567697,,,,,,f,,{},question,6,1,questionnaire,"{""engagement"":""5"",""difficulty"":""5""}"
8,2018-12-14 03:29:58.072202,,,,,,f,,{},question,12,1,questionnaire,"{""engagement"":""7"",""difficulty"":""2""}"
9,2018-12-14 03:29:58.189557,,,,,,f,,{},question,8,1,questionnaire,"{""engagement"":""7"",""difficulty"":""4""}"
10,2018-12-14 03:29:58.69389,,,,,,f,,{},question,5,1,questionnaire,"{""engagement"":""2"",""difficulty"":""7""}"
11,2018-12-14 03:30:00.498397,,,,,,f,,{},question,14,1,questionnaire,"{""engagement"":""6"",""difficulty"":""5""}"
12,2018-12-14 03:30:02.371078,,,,,,f,,{},question,15,1,questionnaire,"{""engagement"":""7"",""difficulty"":""1""}"
13,2018-12-14 03:30:41.444407,,,,,,f,,{},question,13,1,questionnaire,"{""engagement"":""7"",""difficulty"":""2""}"
