id,creation_time,property1,property2,property3,property4,property5,failed,time_of_death,details,assignment_id,event_type
1,2018-12-14 16:54:12.392877,,,,,,f,,{},3OF2M9AATHHXKQYOUZLXSMB9A1KKZ4,AssignmentAccepted
2,2018-12-14 16:54:13.076202,,,,,,f,,{},3M0NZ3JDP2RU27DLNCHRQXSRDBP5Z4,AssignmentAccepted
3,2018-12-14 16:54:13.109778,,,,,,f,,{},3DPNQGW4LM8AIEPA7216O7TI8BX649,AssignmentAccepted
4,2018-12-14 16:54:13.150941,,,,,,f,,{},3KGTPGBS6YELHB0OZ6GLBYA0RJJ2UB,AssignmentAccepted
5,2018-12-14 16:54:13.189409,,,,,,f,,{},3YOH7BII0A0GB6TET2WU7GYDMQEKV4,AssignmentAccepted
6,2018-12-14 16:54:13.225504,,,,,,f,,{},3E337GFOLA1Y1FOM1KPOZ7C7T6VNGN,AssignmentAccepted
7,2018-12-14 16:54:13.254331,,,,,,f,,{},3F6HPJW4JETY9FPTU6VMTMVXCZU2WA,AssignmentAccepted
8,2018-12-14 16:54:14.880799,,,,,,f,,{},3OCHAWUVGPD8FVY9THXCV1VY21MKX7,AssignmentAccepted
9,2018-12-14 16:54:14.911056,,,,,,f,,{},3XLBSAQ9Z559PBR4B5WOOH6N4HK7ZL,AssignmentAccepted
10,2018-12-14 16:54:14.932894,,,,,,f,,{},3V0Z7YWSIZTLUQPO4WQQ7KCJ5QS2V0,AssignmentAccepted
11,2018-12-14 16:54:14.958364,,,,,,f,,{},3RXCAC0YISIDY81IVI05HAMC4BWG8S,AssignmentAccepted
12,2018-12-14 16:54:14.983719,,,,,,f,,{},3483FV8BEFC0F0AN3OIIVSWKOX162D,AssignmentAccepted
13,2018-12-14 16:54:19.897952,,,,,,f,,{},3XIQGXAUMD1KKGRPAN83RWQCWHM7XO,AssignmentAccepted
14,2018-12-14 16:54:20.141577,,,,,,f,,{},36U2A8VAG2SXF0OJYDJEEF2747GKYD,AssignmentAccepted
15,2018-12-14 16:54:33.476536,,,,,,f,,{},3RWE2M8QWI31QBD1NI0LEFPRMP5N0J,AssignmentSubmitted
16,2018-12-14 16:54:36.552736,,,,,,f,,{},3IUZPWIU1P0TQVTJJC1QTIHRTZGKWE,AssignmentAccepted
17,2018-12-14 16:54:36.585251,,,,,,f,,{},3OXV7EAXLFJP0I667OWNE21CUB163O,AssignmentAccepted
18,2018-12-14 16:55:29.180127,,,,,,f,,{},3XIQGXAUMD1KKGRPAN83RWQCWHM7XO,AssignmentReturned
19,2018-12-14 16:56:01.151882,,,,,,f,,{},36H9ULYP63NW4P16B2REOFVEJ7PFJB,AssignmentSubmitted
20,2018-12-14 16:56:05.62046,,,,,,f,,{},39PAAFCODNTFEPJ1NBAM87L9535VTL,AssignmentAccepted
21,2018-12-14 16:57:30.917757,,,,,,f,,{},3180JW2OT5542S8H5QE52341UD75JE,AssignmentSubmitted
22,2018-12-14 16:58:25.609649,,,,,,f,,{},34HJIJKLP6PVX44B8A9E0Z9HP4O4VY,AssignmentSubmitted
23,2018-12-14 16:58:47.518832,,,,,,f,,{},35BLDD71I7QB01S0T3Z4UVMQQZRZV5,AssignmentAccepted
24,2018-12-14 16:59:14.527205,,,,,,f,,{},3OXV7EAXLFJP0I667OWNE21CUB163O,AssignmentReturned
25,2018-12-14 16:59:21.281518,,,,,,f,,{},3JJVG1YBECQYK9A5HY1O4FLOM8ZB50,AssignmentSubmitted
26,2018-12-14 17:00:03.478642,,,,,,f,,{},3S0TNUHWKUBAMORRTSZXBPJFRJH8DB,AssignmentAccepted
27,2018-12-14 17:00:15.395519,,,,,,f,,{},3RYC5T2D74MPTQ9DXAWS20V9VU6PRG,AssignmentSubmitted
28,2018-12-14 17:00:15.461775,,,,,,f,,{},3GLB5JMZFYOPF3X9CQBL320DF2NDGP,AssignmentSubmitted
29,2018-12-14 17:00:33.398833,,,,,,f,,{},3DYGAII7PM1PHPUDKV7SXAL4Z84PQF,AssignmentSubmitted
30,2018-12-14 17:01:22.535174,,,,,,f,,{},3HPZF4IVNNMFW2CV602GQWPZZY6CYR,AssignmentSubmitted
31,2018-12-14 17:02:02.14158,,,,,,f,,{},3IUZPWIU1P0TQVTJJC1QTIHRTZGKWE,AssignmentSubmitted
32,2018-12-14 17:02:12.802721,,,,,,f,,{},32Z9ZLUT1MDUJWJ9M57JZWODYGCHOU,AssignmentSubmitted
33,2018-12-14 17:02:12.838185,,,,,,f,,{},3QY7M81QH8FE0GSIB4TE12IA086K7B,AssignmentSubmitted
34,2018-12-14 17:02:29.743578,,,,,,f,,{},3TPWUS5F8AUB7XHVRZKS5Z4JOQ6CWS,AssignmentSubmitted
35,2018-12-14 17:02:29.775041,,,,,,f,,{},3YOH7BII0A0GB6TET2WU7GYDMQEKV4,AssignmentSubmitted
36,2018-12-14 17:02:29.853088,,,,,,f,,{},3WQQ9FUS6BNH7RT7FW8RGZVFOY3B85,AssignmentSubmitted
37,2018-12-14 17:02:29.880477,,,,,,f,,{},31QNSG6A5SMU5FQH2FWBBX9J58C87G,AssignmentSubmitted
38,2018-12-14 17:02:45.263522,,,,,,f,,{},3Z7EFSHGNA7QWXML14GE7IIQXSCCXL,AssignmentSubmitted
39,2018-12-14 17:02:45.3009,,,,,,f,,{},3E337GFOLA1Y1FOM1KPOZ7C7T6VNGN,AssignmentSubmitted
40,2018-12-14 17:03:34.437591,,,,,,f,,{},336YQZE83W7U30E28NRXIVWIY765MM,AssignmentSubmitted
41,2018-12-14 17:03:34.473616,,,,,,f,,{},3IO1LGZLKAQB1FCCJ5RJ5J9NAXS86H,AssignmentSubmitted
42,2018-12-14 17:03:51.14687,,,,,,f,,{},3HSYG7LRBKR2VVZ2UYIN57NW6S3KKE,AssignmentSubmitted
43,2018-12-14 17:04:01.87253,,,,,,f,,{},3DPNQGW4LM8AIEPA7216O7TI8BX649,AssignmentSubmitted
44,2018-12-14 17:16:38.564134,,,,,,f,,{},3XLBSAQ9Z559PBR4B5WOOH6N4HK7ZL,AssignmentReturned
45,2018-12-14 17:16:58.830981,,,,,,f,,{},3XLBSAQ9Z559PBR4B5WOOH6N4HK7ZL,AssignmentAccepted
46,2018-12-14 17:24:17.680327,,,,,,f,,{},3M0NZ3JDP2RU27DLNCHRQXSRDBP5Z4,AssignmentAbandoned
47,2018-12-14 17:24:28.924297,,,,,,f,,{},3483FV8BEFC0F0AN3OIIVSWKOX162D,AssignmentAbandoned
48,2018-12-14 17:24:36.189051,,,,,,f,,{},3OF2M9AATHHXKQYOUZLXSMB9A1KKZ4,AssignmentAbandoned
49,2018-12-14 17:24:47.898296,,,,,,f,,{},3OF2M9AATHHXKQYOUZLXSMB9A1KKZ4,AssignmentAccepted
50,2018-12-14 17:24:51.451223,,,,,,f,,{},3M0NZ3JDP2RU27DLNCHRQXSRDBP5Z4,AssignmentAccepted
51,2018-12-14 17:25:13.327317,,,,,,f,,{},3483FV8BEFC0F0AN3OIIVSWKOX162D,AssignmentAccepted
52,2018-12-14 17:28:52.227578,,,,,,f,,{},35BLDD71I7QB01S0T3Z4UVMQQZRZV5,AssignmentAbandoned
53,2018-12-14 17:29:07.175814,,,,,,f,,{},35BLDD71I7QB01S0T3Z4UVMQQZRZV5,AssignmentAccepted
