id,creation_time,property1,property2,property3,property4,property5,failed,time_of_death,details,type,fingerprint_hash,recruiter_id,worker_id,assignment_id,unique_id,hit_id,mode,end_time,base_pay,bonus,status
7,2018-12-14 17:00:41.044976,,,,,,f,,{},participant,undefined,mturk,7,3OCHAWUVGPD8FVY9THXCV1VY21MKX7,7:3OCHAWUVGPD8FVY9THXCV1VY21MKX7,3X4Q1O9UBHFU3NF3JUG5KZ3W3V7O7R,undefined,2018-12-14 17:10:53.874018,,,approved
9,2018-12-14 17:01:53.930171,,,,,,f,,{},participant,undefined,mturk,9,3IUZPWIU1P0TQVTJJC1QTIHRTZGKWE,9:3IUZPWIU1P0TQVTJJC1QTIHRTZGKWE,3X4Q1O9UBHFU3NF3JUG5KZ3W3V7O7R,undefined,2018-12-14 17:02:02.150519,1,0,approved
10,2018-12-14 17:02:14.67786,,,,,,f,,{},participant,undefined,mturk,10,3YOH7BII0A0GB6TET2WU7GYDMQEKV4,10:3YOH7BII0A0GB6TET2WU7GYDMQEKV4,3X4Q1O9UBHFU3NF3JUG5KZ3W3V7O7R,undefined,2018-12-14 17:02:29.783461,1,0,approved
13,2018-12-14 17:17:20.285995,,,,,,f,,{},participant,undefined,mturk,13,3XLBSAQ9Z559PBR4B5WOOH6N4HK7ZL,13:3XLBSAQ9Z559PBR4B5WOOH6N4HK7ZL,3X4Q1O9UBHFU3NF3JUG5KZ3W3V7O7R,undefined,2018-12-14 17:17:26.073497,,,overrecruited
11,2018-12-14 17:02:32.658866,,,,,,f,,{},participant,undefined,mturk,11,3E337GFOLA1Y1FOM1KPOZ7C7T6VNGN,11:3E337GFOLA1Y1FOM1KPOZ7C7T6VNGN,3X4Q1O9UBHFU3NF3JUG5KZ3W3V7O7R,undefined,2018-12-14 17:02:45.308616,1,0,approved
14,2018-12-14 17:26:02.262103,,,,,,f,,{},participant,undefined,mturk,14,3483FV8BEFC0F0AN3OIIVSWKOX162D,14:3483FV8BEFC0F0AN3OIIVSWKOX162D,3X4Q1O9UBHFU3NF3JUG5KZ3W3V7O7R,undefined,2018-12-14 17:26:09.997019,,,overrecruited
12,2018-12-14 17:03:48.110491,,,,,,f,,{},participant,undefined,mturk,12,3DPNQGW4LM8AIEPA7216O7TI8BX649,12:3DPNQGW4LM8AIEPA7216O7TI8BX649,3X4Q1O9UBHFU3NF3JUG5KZ3W3V7O7R,undefined,2018-12-14 17:04:01.88415,1,0,approved
15,2018-12-14 17:26:21.92687,,,,,,f,,{},participant,undefined,mturk,15,3M0NZ3JDP2RU27DLNCHRQXSRDBP5Z4,15:3M0NZ3JDP2RU27DLNCHRQXSRDBP5Z4,3X4Q1O9UBHFU3NF3JUG5KZ3W3V7O7R,undefined,2018-12-14 17:26:28.958528,,,overrecruited
16,2018-12-14 17:26:52.619687,,,,,,f,,{},participant,undefined,mturk,16,3OF2M9AATHHXKQYOUZLXSMB9A1KKZ4,16:3OF2M9AATHHXKQYOUZLXSMB9A1KKZ4,3X4Q1O9UBHFU3NF3JUG5KZ3W3V7O7R,undefined,2018-12-14 17:26:58.295148,,,overrecruited
1,2018-12-14 16:55:09.001238,,,,,,f,,{},participant,undefined,mturk,1,3V0Z7YWSIZTLUQPO4WQQ7KCJ5QS2V0,1:3V0Z7YWSIZTLUQPO4WQQ7KCJ5QS2V0,3X4Q1O9UBHFU3NF3JUG5KZ3W3V7O7R,undefined,2018-12-14 17:10:23.155205,,,approved
2,2018-12-14 16:55:54.639811,,,,,,f,,{},participant,undefined,mturk,2,36U2A8VAG2SXF0OJYDJEEF2747GKYD,2:36U2A8VAG2SXF0OJYDJEEF2747GKYD,3X4Q1O9UBHFU3NF3JUG5KZ3W3V7O7R,undefined,2018-12-14 17:11:10.323267,,,approved
3,2018-12-14 16:56:19.959785,,,,,,f,,{},participant,undefined,mturk,3,39PAAFCODNTFEPJ1NBAM87L9535VTL,3:39PAAFCODNTFEPJ1NBAM87L9535VTL,3X4Q1O9UBHFU3NF3JUG5KZ3W3V7O7R,undefined,2018-12-14 17:10:56.16259,,,approved
4,2018-12-14 16:57:04.006371,,,,,,f,,{},participant,undefined,mturk,4,3F6HPJW4JETY9FPTU6VMTMVXCZU2WA,4:3F6HPJW4JETY9FPTU6VMTMVXCZU2WA,3X4Q1O9UBHFU3NF3JUG5KZ3W3V7O7R,undefined,2018-12-14 17:11:44.802608,,,approved
5,2018-12-14 16:57:38.773338,,,,,,f,,{},participant,undefined,mturk,5,3KGTPGBS6YELHB0OZ6GLBYA0RJJ2UB,5:3KGTPGBS6YELHB0OZ6GLBYA0RJJ2UB,3X4Q1O9UBHFU3NF3JUG5KZ3W3V7O7R,undefined,2018-12-14 17:11:00.367916,,,approved
6,2018-12-14 17:00:30.739148,,,,,,f,,{},participant,undefined,mturk,6,3RXCAC0YISIDY81IVI05HAMC4BWG8S,6:3RXCAC0YISIDY81IVI05HAMC4BWG8S,3X4Q1O9UBHFU3NF3JUG5KZ3W3V7O7R,undefined,2018-12-14 17:11:01.911984,,,approved
8,2018-12-14 17:00:46.006008,,,,,,f,,{},participant,undefined,mturk,8,3S0TNUHWKUBAMORRTSZXBPJFRJH8DB,8:3S0TNUHWKUBAMORRTSZXBPJFRJH8DB,3X4Q1O9UBHFU3NF3JUG5KZ3W3V7O7R,undefined,2018-12-14 17:10:55.350618,,,approved
