id,creation_time,property1,property2,property3,property4,property5,failed,time_of_death,details,type,participant_id,number,question,response
1,2018-12-14 17:10:23.073572,,,,,,f,,{},question,1,1,questionnaire,"{""engagement"":""1"",""difficulty"":""1""}"
2,2018-12-14 17:10:53.638591,,,,,,f,,{},question,7,1,questionnaire,"{""engagement"":""7"",""difficulty"":""2""}"
3,2018-12-14 17:10:55.224537,,,,,,f,,{},question,8,1,questionnaire,"{""engagement"":""7"",""difficulty"":""5""}"
4,2018-12-14 17:10:56.039956,,,,,,f,,{},question,3,1,questionnaire,"{""engagement"":""7"",""difficulty"":""7""}"
5,2018-12-14 17:11:00.189008,,,,,,f,,{},question,5,1,questionnaire,"{""engagement"":""7"",""difficulty"":""5""}"
6,2018-12-14 17:11:01.787582,,,,,,f,,{},question,6,1,questionnaire,"{""engagement"":""2"",""difficulty"":""3""}"
7,2018-12-14 17:11:10.094294,,,,,,f,,{},question,2,1,questionnaire,"{""engagement"":""7"",""difficulty"":""2""}"
8,2018-12-14 17:11:44.632545,,,,,,f,,{},question,4,1,questionnaire,"{""engagement"":""7"",""difficulty"":""7""}"
