id,creation_time,property1,property2,property3,property4,property5,failed,time_of_death,details,assignment_id,event_type
1,2018-12-16 20:43:28.085163,,,,,,f,,{},33SA9F9TRYNQ4V19NQQNVN4M9CQWEW,AssignmentAccepted
2,2018-12-16 20:43:28.115861,,,,,,f,,{},30LB5CDZND3V70RKQ6BF92W0WDL0Z5,AssignmentAccepted
3,2018-12-16 20:43:29.350229,,,,,,f,,{},3OS4RQUCRA8QM63UNAEXQRC1BCOBFE,AssignmentAccepted
4,2018-12-16 20:43:29.382264,,,,,,f,,{},3NPFYT4IZDX3D92Q3QCXX935VUCGXR,AssignmentAccepted
5,2018-12-16 20:43:29.445925,,,,,,f,,{},3X66WABAJXBRXBVCJ159QTE1OZB3GE,AssignmentAccepted
6,2018-12-16 20:43:31.052403,,,,,,f,,{},3TU5ZICBREU4BXVWYE5HBOQEA8C8Q6,AssignmentAccepted
7,2018-12-16 20:43:31.093763,,,,,,f,,{},33CKWXB73KDYJTRUEE6NVDVYOQE11K,AssignmentAccepted
8,2018-12-16 20:43:36.059508,,,,,,f,,{},3BWI6RSP7H2BEG08FIIB3755GLIE7D,AssignmentAccepted
9,2018-12-16 20:45:48.188622,,,,,,f,,{},3GU1KF0O4JU2DJSO1DA22LQ5DIAPBU,AssignmentSubmitted
10,2018-12-16 20:46:20.335553,,,,,,f,,{},3YZ8UPK3VUFYFTSQWZ5RNBJM3K2CUK,AssignmentSubmitted
11,2018-12-16 20:46:20.379043,,,,,,f,,{},3X66WABAJXBRXBVCJ159QTE1OZB3GE,AssignmentSubmitted
12,2018-12-16 20:46:20.461875,,,,,,f,,{},3BWI6RSP7H2BEG08FIIB3755GLIE7D,AssignmentSubmitted
13,2018-12-16 20:46:45.666548,,,,,,f,,{},33TIN5LC053DY45SUGSPO6ORTNA9YY,AssignmentSubmitted
14,2018-12-16 20:52:03.532386,,,,,,f,,{},30JNVC0ORADX48WP1IZNO1JDDR1HQT,AssignmentSubmitted
15,2018-12-16 20:52:20.070557,,,,,,f,,{},3OS4RQUCRA8QM63UNAEXQRC1BCOBFE,AssignmentSubmitted
16,2018-12-16 20:53:51.563286,,,,,,f,,{},3NL0RFNU0GGHHTAZ96V7YQY09GNK4I,AssignmentSubmitted
17,2018-12-16 20:53:51.614124,,,,,,f,,{},3LEIZ60CDKSD3UFXQ2U82DXTZHE9ZP,AssignmentSubmitted
18,2018-12-16 20:53:54.012893,,,,,,f,,{},3TU5ZICBREU4BXVWYE5HBOQEA8C8Q6,AssignmentSubmitted
19,2018-12-16 20:54:30.546594,,,,,,f,,{},32Z9ZLUT1MDUJWJ9M57JZWODYQJHOL,AssignmentSubmitted
20,2018-12-16 20:55:27.1849,,,,,,f,,{},3QECW5O0KIUYGV4MHKS949RASP5T5Y,AssignmentSubmitted
21,2018-12-16 20:55:51.329775,,,,,,f,,{},3NPFYT4IZDX3D92Q3QCXX935VUCGXR,AssignmentSubmitted
22,2018-12-16 20:55:51.395749,,,,,,f,,{},33CKWXB73KDYJTRUEE6NVDVYOQE11K,AssignmentSubmitted
23,2018-12-16 20:56:04.574558,,,,,,f,,{},33SA9F9TRYNQ4V19NQQNVN4M9CQWEW,AssignmentSubmitted
24,2018-12-16 20:56:45.366727,,,,,,f,,{},30LB5CDZND3V70RKQ6BF92W0WDL0Z5,AssignmentSubmitted
25,2018-12-16 20:59:12.442761,,,,,,f,,{},3MD9PLUKKJ7YSWJRRCDDKESD46RNZY,AssignmentSubmitted
26,2018-12-16 21:17:03.436828,,,,,,f,,{},3U5NZHP4LSVC4WVA15KYOWT38VFHP2,AssignmentSubmitted
