id,creation_time,property1,property2,property3,property4,property5,failed,time_of_death,details,type,fingerprint_hash,recruiter_id,worker_id,assignment_id,unique_id,hit_id,mode,end_time,base_pay,bonus,status
2,2018-12-16 20:44:01.567067,,,,,,f,,{},participant,undefined,mturk,2,33CKWXB73KDYJTRUEE6NVDVYOQE11K,2:33CKWXB73KDYJTRUEE6NVDVYOQE11K,3S829FDFT2UXE5U5BY6N344L2ILDX1,undefined,2018-12-16 20:55:51.403723,1,2.13,approved
5,2018-12-16 20:45:53.711192,,,,,,f,,{},participant,undefined,mturk,5,3BWI6RSP7H2BEG08FIIB3755GLIE7D,5:3BWI6RSP7H2BEG08FIIB3755GLIE7D,3S829FDFT2UXE5U5BY6N344L2ILDX1,undefined,2018-12-16 20:46:20.471406,1,0,approved
1,2018-12-16 20:44:01.314946,,,,,,f,,{},participant,undefined,mturk,1,3NPFYT4IZDX3D92Q3QCXX935VUCGXR,1:3NPFYT4IZDX3D92Q3QCXX935VUCGXR,3S829FDFT2UXE5U5BY6N344L2ILDX1,undefined,2018-12-16 20:55:51.338183,1,3.04,approved
6,2018-12-16 20:46:10.87768,,,,,,f,,{},participant,undefined,mturk,6,3X66WABAJXBRXBVCJ159QTE1OZB3GE,6:3X66WABAJXBRXBVCJ159QTE1OZB3GE,3S829FDFT2UXE5U5BY6N344L2ILDX1,undefined,2018-12-16 20:46:20.387538,1,0,approved
4,2018-12-16 20:45:23.234934,,,,,,f,,{},participant,undefined,mturk,4,33SA9F9TRYNQ4V19NQQNVN4M9CQWEW,4:33SA9F9TRYNQ4V19NQQNVN4M9CQWEW,3S829FDFT2UXE5U5BY6N344L2ILDX1,undefined,2018-12-16 20:56:04.586855,1,3.04,approved
7,2018-12-16 20:52:01.166392,,,,,,f,,{},participant,undefined,mturk,7,3OS4RQUCRA8QM63UNAEXQRC1BCOBFE,7:3OS4RQUCRA8QM63UNAEXQRC1BCOBFE,3S829FDFT2UXE5U5BY6N344L2ILDX1,undefined,2018-12-16 20:52:20.07907,1,0,approved
8,2018-12-16 20:53:49.93447,,,,,,f,,{},participant,undefined,mturk,8,3TU5ZICBREU4BXVWYE5HBOQEA8C8Q6,8:3TU5ZICBREU4BXVWYE5HBOQEA8C8Q6,3S829FDFT2UXE5U5BY6N344L2ILDX1,undefined,2018-12-16 20:53:54.021107,1,0,approved
3,2018-12-16 20:44:16.815378,,,,,,f,,{},participant,undefined,mturk,3,30LB5CDZND3V70RKQ6BF92W0WDL0Z5,3:30LB5CDZND3V70RKQ6BF92W0WDL0Z5,3S829FDFT2UXE5U5BY6N344L2ILDX1,undefined,2018-12-16 20:56:45.37676,1,2.13,approved
