id,creation_time,property1,property2,property3,property4,property5,failed,time_of_death,details,type,participant_id,number,question,response
1,2018-12-16 20:55:31.873719,,,,,,f,,{},question,2,1,questionnaire,"{""engagement"":""7"",""difficulty"":""1""}"
2,2018-12-16 20:55:34.092001,,,,,,f,,{},question,1,1,questionnaire,"{""engagement"":""7"",""difficulty"":""4""}"
3,2018-12-16 20:55:37.4414,,,,,,f,,{},question,4,1,questionnaire,"{""engagement"":""7"",""difficulty"":""2""}"
4,2018-12-16 20:56:20.860764,,,,,,f,,{},question,3,1,questionnaire,"{""engagement"":""4"",""difficulty"":""5""}"
