id,creation_time,property1,property2,property3,property4,property5,failed,time_of_death,details,assignment_id,event_type
1,2018-12-16 21:53:26.003137,,,,,,f,,{},3FE2ERCCZY1MWDHX5IFO85Q4KI1PO8,AssignmentAccepted
2,2018-12-16 21:53:26.031065,,,,,,f,,{},3K2755HG5TWJ131E1653LH01EY7FDY,AssignmentAccepted
3,2018-12-16 21:53:26.052485,,,,,,f,,{},3IUZPWIU1P0TQVTJJC1QTIHRTAUKWE,AssignmentAccepted
4,2018-12-16 21:53:26.076025,,,,,,f,,{},37UQDCYH6YOSGRMUA87L3BTRGHS7VL,AssignmentAccepted
5,2018-12-16 21:53:26.244103,,,,,,f,,{},3HPZF4IVNNMFW2CV602GQWPZZ9LCYS,AssignmentAccepted
6,2018-12-16 21:53:27.516041,,,,,,f,,{},3PQ8K71NHYDQ75HU6GS9HFH4WFXAAE,AssignmentAccepted
7,2018-12-16 21:53:40.338436,,,,,,f,,{},3R08VXYT7DO5VGMZ0ICHPDC5NQU7WV,AssignmentAccepted
8,2018-12-16 21:53:40.417923,,,,,,f,,{},3Z7EFSHGNA7QWXML14GE7IIQX3RCXM,AssignmentAccepted
9,2018-12-16 21:54:53.035762,,,,,,f,,{},3PQ8K71NHYDQ75HU6GS9HFH4WFXAAE,AssignmentReturned
10,2018-12-16 21:54:53.075718,,,,,,f,,{},3PQ8K71NHYDQ75HU6GS9HFH4WFXAAE,AssignmentAccepted
11,2018-12-16 21:56:34.956626,,,,,,f,,{},3IUZPWIU1P0TQVTJJC1QTIHRTAUKWE,AssignmentSubmitted
12,2018-12-16 22:07:39.966625,,,,,,f,,{},3R08VXYT7DO5VGMZ0ICHPDC5NQU7WV,AssignmentReturned
13,2018-12-16 22:08:13.679658,,,,,,f,,{},3R08VXYT7DO5VGMZ0ICHPDC5NQU7WV,AssignmentAccepted
