id,creation_time,property1,property2,property3,property4,property5,failed,time_of_death,details,type,fingerprint_hash,recruiter_id,worker_id,assignment_id,unique_id,hit_id,mode,end_time,base_pay,bonus,status
2,2018-12-16 21:54:37.210276,,,,,,f,,{},participant,undefined,mturk,2,3PQ8K71NHYDQ75HU6GS9HFH4WFXAAE,2:3PQ8K71NHYDQ75HU6GS9HFH4WFXAAE,34XASH8KLQFV9QYR20V9SH5C9XAPMD,undefined,2018-12-16 21:54:53.052588,,,returned
6,2018-12-16 21:56:14.536083,,,,,,f,,{},participant,undefined,mturk,6,3IUZPWIU1P0TQVTJJC1QTIHRTAUKWE,6:3IUZPWIU1P0TQVTJJC1QTIHRTAUKWE,34XASH8KLQFV9QYR20V9SH5C9XAPMD,undefined,2018-12-16 21:56:34.964075,1,0,approved
7,2018-12-16 22:04:35.086706,,,,,,f,,{},participant,undefined,mturk,7,37UQDCYH6YOSGRMUA87L3BTRGHS7VL,7:37UQDCYH6YOSGRMUA87L3BTRGHS7VL,34XASH8KLQFV9QYR20V9SH5C9XAPMD,undefined,2018-12-16 22:04:36.221416,,,overrecruited
8,2018-12-16 22:19:01.651413,,,,,,f,,{},participant,undefined,mturk,8,3PQ8K71NHYDQ75HU6GS9HFH4WFXAAE,8:3PQ8K71NHYDQ75HU6GS9HFH4WFXAAE,34XASH8KLQFV9QYR20V9SH5C9XAPMD,undefined,2018-12-16 22:19:04.097019,,,overrecruited
9,2018-12-16 22:23:04.63666,,,,,,f,,{},participant,undefined,mturk,9,3R08VXYT7DO5VGMZ0ICHPDC5NQU7WV,9:3R08VXYT7DO5VGMZ0ICHPDC5NQU7WV,34XASH8KLQFV9QYR20V9SH5C9XAPMD,undefined,2018-12-16 22:23:48.80606,,,overrecruited
1,2018-12-16 21:53:47.866197,,,,,,f,,{},participant,undefined,mturk,1,3K2755HG5TWJ131E1653LH01EY7FDY,1:3K2755HG5TWJ131E1653LH01EY7FDY,34XASH8KLQFV9QYR20V9SH5C9XAPMD,undefined,2018-12-16 22:06:10.898888,,,approved
4,2018-12-16 21:55:28.651057,,,,,,f,,{},participant,undefined,mturk,4,3Z7EFSHGNA7QWXML14GE7IIQX3RCXM,4:3Z7EFSHGNA7QWXML14GE7IIQX3RCXM,34XASH8KLQFV9QYR20V9SH5C9XAPMD,undefined,2018-12-16 22:06:23.86902,,,approved
3,2018-12-16 21:55:09.14779,,,,,,f,,{},participant,undefined,mturk,3,3FE2ERCCZY1MWDHX5IFO85Q4KI1PO8,3:3FE2ERCCZY1MWDHX5IFO85Q4KI1PO8,34XASH8KLQFV9QYR20V9SH5C9XAPMD,undefined,2018-12-16 22:06:14.357244,,,approved
5,2018-12-16 21:56:03.897602,,,,,,f,,{},participant,undefined,mturk,5,3HPZF4IVNNMFW2CV602GQWPZZ9LCYS,5:3HPZF4IVNNMFW2CV602GQWPZZ9LCYS,34XASH8KLQFV9QYR20V9SH5C9XAPMD,undefined,2018-12-16 22:06:20.635152,,,approved
