id,creation_time,property1,property2,property3,property4,property5,failed,time_of_death,details,type,participant_id,number,question,response
1,2018-12-16 22:06:10.78751,,,,,,f,,{},question,1,1,questionnaire,"{""engagement"":""3"",""difficulty"":""5""}"
2,2018-12-16 22:06:14.014274,,,,,,f,,{},question,3,1,questionnaire,"{""engagement"":""7"",""difficulty"":""3""}"
3,2018-12-16 22:06:20.482945,,,,,,f,,{},question,5,1,questionnaire,"{""engagement"":""7"",""difficulty"":""4""}"
4,2018-12-16 22:06:23.287047,,,,,,f,,{},question,4,1,questionnaire,"{""engagement"":""7"",""difficulty"":""4""}"
