id,creation_time,property1,property2,property3,property4,property5,failed,time_of_death,details,assignment_id,event_type
1,2018-12-17 01:17:49.566604,,,,,,f,,{},3MTMREQS4WBNEIKX7LO1Z4EVOYLAWA,AssignmentAccepted
2,2018-12-17 01:17:49.598651,,,,,,f,,{},3AZHRG4CU5DUM7KR5ZG651RLHJE032,AssignmentAccepted
3,2018-12-17 01:20:00.824023,,,,,,f,,{},3NLZY2D53QIZQ4FFS3ELGTCKU93QL4,AssignmentAccepted
4,2018-12-17 01:20:41.902723,,,,,,f,,{},384PI804XTUY6O56VEH7D9ZX9Z8S0H,AssignmentSubmitted
5,2018-12-17 01:26:16.440786,,,,,,f,,{},3CN4LGXD5YHC1YZGDLWY7YDB7WP4YS,AssignmentSubmitted
6,2018-12-17 01:31:30.372605,,,,,,f,,{},3MTMREQS4WBNEIKX7LO1Z4EVOYLAWA,AssignmentSubmitted
7,2018-12-17 01:33:01.556257,,,,,,f,,{},3AZHRG4CU5DUM7KR5ZG651RLHJE032,AssignmentSubmitted
8,2018-12-17 01:33:32.955624,,,,,,f,,{},3ZQIG0FLQF9766NVIGFXVRS898LVWV,AssignmentSubmitted
9,2018-12-17 01:46:45.699461,,,,,,f,,{},3NLZY2D53QIZQ4FFS3ELGTCKU93QL4,AssignmentReturned
10,2018-12-17 01:46:59.83695,,,,,,f,,{},3NLZY2D53QIZQ4FFS3ELGTCKU93QL4,AssignmentAccepted
