id,creation_time,property1,property2,property3,property4,property5,failed,time_of_death,details,assignment_id,event_type
1,2018-12-14 17:47:08.04838,,,,,,f,,{},3IXQG4FA2URHLWCHKOE5GVQQ84VB94,AssignmentAccepted
2,2018-12-14 17:47:08.109099,,,,,,f,,{},3VAR3R6G1QU1QLIGJ1DDMJVEVXW8OG,AssignmentAccepted
3,2018-12-14 17:47:09.682801,,,,,,f,,{},3LQ8PUHQFMLKNA86OAUEFZSRM7MIH9,AssignmentSubmitted
4,2018-12-14 17:47:10.528908,,,,,,f,,{},3GFK2QRXXAAQ8C8GCPXKRTY9W9U5WN,AssignmentAccepted
5,2018-12-14 17:47:10.568361,,,,,,f,,{},3W92K5RLWVADTN8BMFSO5RFVP0S5VD,AssignmentAccepted
6,2018-12-14 17:47:10.616382,,,,,,f,,{},3QILPRALQ6OJ80I4IMD07UV95NR8N1,AssignmentAccepted
7,2018-12-14 17:47:10.649408,,,,,,f,,{},3YT88D1N09RWZXRV9SQOOL6UV6SK3E,AssignmentSubmitted
8,2018-12-14 17:47:10.739518,,,,,,f,,{},35GCEFQ6I6HROSQH9TTYB0U7ZF73ZL,AssignmentAccepted
9,2018-12-14 17:47:10.770982,,,,,,f,,{},3S06PH7KSSXSBO76U7QIWFW7DDJ1DS,AssignmentAccepted
10,2018-12-14 17:47:11.120197,,,,,,f,,{},3DI28L7YXB7X3UL6Q2122XESDPK1EL,AssignmentAccepted
11,2018-12-14 17:47:11.159494,,,,,,f,,{},3Y9N9SS8LZ4OLRLLHB41K8B4BXXD3W,AssignmentAccepted
12,2018-12-14 17:47:11.191186,,,,,,f,,{},3VELCLL3GLCP98L2LDL8KFZSPQZ1F3,AssignmentAccepted
13,2018-12-14 17:47:12.320675,,,,,,f,,{},3IFS6Q0HJJC9DJMMZ46DJDZTVI4ISV,AssignmentAccepted
14,2018-12-14 17:47:12.3505,,,,,,f,,{},3FTYUGLFSVERZ68PVUSUZ59OPTOD5M,AssignmentAccepted
15,2018-12-14 17:47:15.143629,,,,,,f,,{},3EKVH9QMEZXZ09P2DBQW1Y6C5JXD2L,AssignmentAccepted
16,2018-12-14 17:47:15.175031,,,,,,f,,{},34J10VATJGRX037970H8ODKSDUJIQ6,AssignmentAccepted
17,2018-12-14 17:47:15.205944,,,,,,f,,{},3LPW2N6LKUVDG8JBHPIJ95DCBTJ5UO,AssignmentAccepted
18,2018-12-14 17:47:15.240477,,,,,,f,,{},3PXX5PX6LYRVQFMMCUS5CQ1AEMDBAJ,AssignmentAccepted
19,2018-12-14 17:48:01.824048,,,,,,f,,{},33FOTY3KENEI6W1SUBV7C9EPSD7C13,AssignmentAccepted
20,2018-12-14 17:50:14.704318,,,,,,f,,{},33FOTY3KENEI6W1SUBV7C9EPSD7C13,AssignmentSubmitted
21,2018-12-14 17:50:25.717558,,,,,,f,,{},3MTMREQS4WBNEIKX7LO1Z4EVONTWAI,AssignmentSubmitted
22,2018-12-14 17:50:31.682319,,,,,,f,,{},3A9AA95ATXF0O3BF03JPZZQD3CPP5A,AssignmentSubmitted
23,2018-12-14 17:51:14.865611,,,,,,f,,{},3GFK2QRXXAAQ8C8GCPXKRTY9W9U5WN,AssignmentSubmitted
24,2018-12-14 18:00:25.898391,,,,,,f,,{},3Y9N9SS8LZ4OLRLLHB41K8B4BXXD3W,AssignmentReturned
25,2018-12-14 18:00:25.949166,,,,,,f,,{},3Y9N9SS8LZ4OLRLLHB41K8B4BXXD3W,AssignmentAccepted
26,2018-12-14 18:17:12.054996,,,,,,f,,{},3FTYUGLFSVERZ68PVUSUZ59OPTOD5M,AssignmentAbandoned
27,2018-12-14 18:17:18.230495,,,,,,f,,{},3W92K5RLWVADTN8BMFSO5RFVP0S5VD,AssignmentAbandoned
28,2018-12-14 18:17:36.655712,,,,,,f,,{},3W92K5RLWVADTN8BMFSO5RFVP0S5VD,AssignmentAccepted
29,2018-12-14 18:17:38.627989,,,,,,f,,{},3FTYUGLFSVERZ68PVUSUZ59OPTOD5M,AssignmentAccepted
