id,creation_time,property1,property2,property3,property4,property5,failed,time_of_death,details,type,fingerprint_hash,recruiter_id,worker_id,assignment_id,unique_id,hit_id,mode,end_time,base_pay,bonus,status
15,2018-12-14 18:17:52.598526,,,,,,f,,{},participant,undefined,mturk,15,3W92K5RLWVADTN8BMFSO5RFVP0S5VD,15:3W92K5RLWVADTN8BMFSO5RFVP0S5VD,302U8RURJZUEWSGN0DJ8BOJUZ3EVNG,undefined,2018-12-14 18:17:57.686806,,,overrecruited
9,2018-12-14 17:50:55.598454,,,,,,f,,{},participant,undefined,mturk,9,3GFK2QRXXAAQ8C8GCPXKRTY9W9U5WN,9:3GFK2QRXXAAQ8C8GCPXKRTY9W9U5WN,302U8RURJZUEWSGN0DJ8BOJUZ3EVNG,undefined,2018-12-14 17:51:14.873867,1,0,approved
10,2018-12-14 17:55:47.916745,,,,,,f,,{},participant,undefined,mturk,10,34J10VATJGRX037970H8ODKSDUJIQ6,10:34J10VATJGRX037970H8ODKSDUJIQ6,302U8RURJZUEWSGN0DJ8BOJUZ3EVNG,undefined,2018-12-14 17:55:54.656799,,,overrecruited
11,2018-12-14 17:56:55.180585,,,,,,f,,{},participant,undefined,mturk,11,35GCEFQ6I6HROSQH9TTYB0U7ZF73ZL,11:35GCEFQ6I6HROSQH9TTYB0U7ZF73ZL,302U8RURJZUEWSGN0DJ8BOJUZ3EVNG,undefined,2018-12-14 17:56:56.228666,,,overrecruited
12,2018-12-14 18:00:00.549338,,,,,,f,,{},participant,undefined,mturk,12,3EKVH9QMEZXZ09P2DBQW1Y6C5JXD2L,12:3EKVH9QMEZXZ09P2DBQW1Y6C5JXD2L,302U8RURJZUEWSGN0DJ8BOJUZ3EVNG,undefined,2018-12-14 18:00:01.894264,,,overrecruited
13,2018-12-14 18:01:29.465204,,,,,,f,,{},participant,undefined,mturk,13,3Y9N9SS8LZ4OLRLLHB41K8B4BXXD3W,13:3Y9N9SS8LZ4OLRLLHB41K8B4BXXD3W,302U8RURJZUEWSGN0DJ8BOJUZ3EVNG,undefined,2018-12-14 18:01:32.956622,,,overrecruited
14,2018-12-14 18:13:41.32572,,,,,,f,,{},participant,undefined,mturk,14,3VAR3R6G1QU1QLIGJ1DDMJVEVXW8OG,14:3VAR3R6G1QU1QLIGJ1DDMJVEVXW8OG,302U8RURJZUEWSGN0DJ8BOJUZ3EVNG,undefined,2018-12-14 18:13:43.898757,,,overrecruited
16,2018-12-14 18:18:29.927507,,,,,,f,,{},participant,undefined,mturk,16,3FTYUGLFSVERZ68PVUSUZ59OPTOD5M,16:3FTYUGLFSVERZ68PVUSUZ59OPTOD5M,302U8RURJZUEWSGN0DJ8BOJUZ3EVNG,undefined,2018-12-14 18:18:33.316091,,,overrecruited
2,2018-12-14 17:47:20.67394,,,,,,f,,{},participant,undefined,mturk,2,3QILPRALQ6OJ80I4IMD07UV95NR8N1,2:3QILPRALQ6OJ80I4IMD07UV95NR8N1,302U8RURJZUEWSGN0DJ8BOJUZ3EVNG,undefined,2018-12-14 18:00:44.516893,,,approved
1,2018-12-14 17:47:19.907857,,,,,,f,,{},participant,undefined,mturk,1,3S06PH7KSSXSBO76U7QIWFW7DDJ1DS,1:3S06PH7KSSXSBO76U7QIWFW7DDJ1DS,302U8RURJZUEWSGN0DJ8BOJUZ3EVNG,undefined,2018-12-14 18:00:53.278392,,,approved
4,2018-12-14 17:47:48.449482,,,,,,f,,{},participant,undefined,mturk,4,3IXQG4FA2URHLWCHKOE5GVQQ84VB94,4:3IXQG4FA2URHLWCHKOE5GVQQ84VB94,302U8RURJZUEWSGN0DJ8BOJUZ3EVNG,undefined,2018-12-14 18:00:51.160888,,,approved
3,2018-12-14 17:47:24.476099,,,,,,f,,{},participant,undefined,mturk,3,3LPW2N6LKUVDG8JBHPIJ95DCBTJ5UO,3:3LPW2N6LKUVDG8JBHPIJ95DCBTJ5UO,302U8RURJZUEWSGN0DJ8BOJUZ3EVNG,undefined,2018-12-14 18:00:43.098037,,,approved
5,2018-12-14 17:48:19.463975,,,,,,f,,{},participant,undefined,mturk,5,3IFS6Q0HJJC9DJMMZ46DJDZTVI4ISV,5:3IFS6Q0HJJC9DJMMZ46DJDZTVI4ISV,302U8RURJZUEWSGN0DJ8BOJUZ3EVNG,undefined,2018-12-14 18:01:05.169896,,,approved
6,2018-12-14 17:48:47.043635,,,,,,f,,{},participant,undefined,mturk,6,3DI28L7YXB7X3UL6Q2122XESDPK1EL,6:3DI28L7YXB7X3UL6Q2122XESDPK1EL,302U8RURJZUEWSGN0DJ8BOJUZ3EVNG,undefined,2018-12-14 18:00:44.841628,,,approved
7,2018-12-14 17:49:24.201298,,,,,,f,,{},participant,undefined,mturk,7,3VELCLL3GLCP98L2LDL8KFZSPQZ1F3,7:3VELCLL3GLCP98L2LDL8KFZSPQZ1F3,302U8RURJZUEWSGN0DJ8BOJUZ3EVNG,undefined,2018-12-14 18:00:55.304972,,,approved
8,2018-12-14 17:50:35.728867,,,,,,f,,{},participant,undefined,mturk,8,3PXX5PX6LYRVQFMMCUS5CQ1AEMDBAJ,8:3PXX5PX6LYRVQFMMCUS5CQ1AEMDBAJ,302U8RURJZUEWSGN0DJ8BOJUZ3EVNG,undefined,2018-12-14 18:00:54.272783,,,approved
