id,creation_time,property1,property2,property3,property4,property5,failed,time_of_death,details,type,participant_id,number,question,response
1,2018-12-14 18:00:42.973939,,,,,,f,,{},question,3,1,questionnaire,"{""engagement"":""7"",""difficulty"":""5""}"
2,2018-12-14 18:00:44.146504,,,,,,f,,{},question,2,1,questionnaire,"{""engagement"":""6"",""difficulty"":""3""}"
3,2018-12-14 18:00:44.723811,,,,,,f,,{},question,6,1,questionnaire,"{""engagement"":""7"",""difficulty"":""1""}"
4,2018-12-14 18:00:51.042546,,,,,,f,,{},question,4,1,questionnaire,"{""engagement"":""7"",""difficulty"":""6""}"
5,2018-12-14 18:00:53.168266,,,,,,f,,{},question,1,1,questionnaire,"{""engagement"":""5"",""difficulty"":""6""}"
6,2018-12-14 18:00:54.187203,,,,,,f,,{},question,8,1,questionnaire,"{""engagement"":""2"",""difficulty"":""1""}"
7,2018-12-14 18:00:55.150585,,,,,,f,,{},question,7,1,questionnaire,"{""engagement"":""7"",""difficulty"":""3""}"
8,2018-12-14 18:00:55.558234,,,,,,f,,{},question,5,1,questionnaire,"{""engagement"":""7"",""difficulty"":""5""}"
