id,creation_time,property1,property2,property3,property4,property5,failed,time_of_death,details,assignment_id,event_type
1,2018-12-14 16:15:14.503324,,,,,,f,,{},3KXIR214I59M0D69K0P3YUC6S6P24I,AssignmentAccepted
2,2018-12-14 16:15:14.532001,,,,,,f,,{},3D4CH1LGEBMDCDKS0A6JH6HNOH89G4,AssignmentAccepted
3,2018-12-14 16:15:14.557512,,,,,,f,,{},36DSNE9QZ6RQA2EZA5A4B94SB8BJOW,AssignmentAccepted
4,2018-12-14 16:15:14.586587,,,,,,f,,{},3JJVG1YBECQYK9A5HY1O4FLOM8X5BS,AssignmentAccepted
5,2018-12-14 16:15:15.066741,,,,,,f,,{},30MVJZJNHN6N3FAT8GRMEJ93G9P9J8,AssignmentAccepted
6,2018-12-14 16:15:15.098492,,,,,,f,,{},308Q0PEVB96R84QNQY6M2IU33U09IW,AssignmentAccepted
7,2018-12-14 16:15:15.188649,,,,,,f,,{},3A1PQ49WVIA9N4C8G398N0B555XH12,AssignmentAccepted
8,2018-12-14 16:15:15.271858,,,,,,f,,{},3483FV8BEFC0F0AN3OIIVSWKOXV263,AssignmentAccepted
9,2018-12-14 16:15:15.595437,,,,,,f,,{},3TYCR1GOTDC84WG6FZXY7MOOZ1IZLF,AssignmentAccepted
10,2018-12-14 16:15:16.449174,,,,,,f,,{},3YJ6NA41JC98V2Q0P5NJ099ILD7JPD,AssignmentAccepted
11,2018-12-14 16:15:16.484112,,,,,,f,,{},3CP1TO84PUU4WWA9Y58D3MIKS2K25N,AssignmentAccepted
12,2018-12-14 16:15:16.518083,,,,,,f,,{},3XM0HYN6NLS0KM48B4CS3TWQG5BEPN,AssignmentAccepted
13,2018-12-14 16:15:16.55555,,,,,,f,,{},3V5Q80FXIYK1IHN5KMKKOPK0E6T23X,AssignmentAccepted
14,2018-12-14 16:15:22.747545,,,,,,f,,{},3WT783CTPCAJJUJKW8OWILRYEPJCB7,AssignmentAccepted
15,2018-12-14 16:15:22.783286,,,,,,f,,{},31Z0PCVWUL8D3ZI55D762T56JLS7TZ,AssignmentAccepted
16,2018-12-14 16:15:22.822337,,,,,,f,,{},3ERET4BTVN2IEZGBQ1RYFY9GVYP9K7,AssignmentAccepted
17,2018-12-14 16:15:28.133548,,,,,,f,,{},3ZWFC4W1UV0D2DKJJ70NQ6H5TOAFRU,AssignmentSubmitted
18,2018-12-14 16:16:07.705729,,,,,,f,,{},3HWRJOOET6VXXEK03LGMYY113PFSEE,AssignmentSubmitted
19,2018-12-14 16:16:31.285827,,,,,,f,,{},3COPXFW7XC536MWI7QNV1O9V027PKI,AssignmentAccepted
20,2018-12-14 16:16:39.933707,,,,,,f,,{},3BXQMRHWK0RBOF4H9OZ5Q7OYXORMUD,AssignmentSubmitted
21,2018-12-14 16:16:49.298136,,,,,,f,,{},3GLB5JMZFYOPF3X9CQBL320DF2NDGP,AssignmentAccepted
22,2018-12-14 16:16:51.871385,,,,,,f,,{},3TEM0PF1Q6QS4ZMOYOMIIADX8LUD0I,AssignmentSubmitted
23,2018-12-14 16:17:02.868292,,,,,,f,,{},30LSNF239VOG8K5O5PR7SVMPXOMI29,AssignmentSubmitted
24,2018-12-14 16:17:31.200912,,,,,,f,,{},3STRJBFXOXK1YEPPO7WF6YASP5PKTF,AssignmentSubmitted
25,2018-12-14 16:17:31.235459,,,,,,f,,{},3TVRFO09GL8JZ1GREH9DA18DR1IXLE,AssignmentSubmitted
26,2018-12-14 16:17:31.269166,,,,,,f,,{},3H8DHMCCWA4UHPTS2HW01US6MJ1DKP,AssignmentSubmitted
27,2018-12-14 16:17:31.300377,,,,,,f,,{},354GIDR5ZCZY5FLUMCYN33TEEWN00E,AssignmentSubmitted
28,2018-12-14 16:17:31.331928,,,,,,f,,{},3V26SBZTBE7S9LXAU0O7F1ZMEAOZZW,AssignmentSubmitted
29,2018-12-14 16:17:40.385258,,,,,,f,,{},333U7HK6IA8Z65NAKWWO0FST7U1DJQ,AssignmentSubmitted
30,2018-12-14 16:17:40.42451,,,,,,f,,{},3M23Y66PO30TKZRLX3XOMA9OMRRS6T,AssignmentSubmitted
31,2018-12-14 16:17:51.102762,,,,,,f,,{},3OE22WJIGJH29U291H6M7G837POUQ8,AssignmentSubmitted
32,2018-12-14 16:17:56.779854,,,,,,f,,{},3OSWBBLG1FQ01PSZ10BPRO08ISGXDY,AssignmentSubmitted
33,2018-12-14 16:17:56.813487,,,,,,f,,{},3N4BPTXIO9LGYR4EOCMPBUWU8JWKU6,AssignmentSubmitted
34,2018-12-14 16:17:56.85236,,,,,,f,,{},3R2PKQ87NX16FO9HF7AR740N3T4IM1,AssignmentSubmitted
35,2018-12-14 16:18:20.30226,,,,,,f,,{},3RWE2M8QWI31QBD1NI0LEFPRMPXN0B,AssignmentSubmitted
36,2018-12-14 16:18:20.355754,,,,,,f,,{},3EFE17QCRDY9HOB2TMOSJ1YEV57SHU,AssignmentSubmitted
37,2018-12-14 16:18:30.21055,,,,,,f,,{},35L9RVQFCPBPW136IRJSY2G2G2OUH8,AssignmentSubmitted
38,2018-12-14 16:18:41.989316,,,,,,f,,{},3XC1O3LBOTFCIK77978GLYN7E5XTLU,AssignmentAccepted
39,2018-12-14 16:18:43.888097,,,,,,f,,{},3JJVG1YBECQYK9A5HY1O4FLOM8SB5T,AssignmentSubmitted
40,2018-12-14 16:18:49.651281,,,,,,f,,{},3XC1O3LBOTFCIK77978GLYN7E5XTLU,AssignmentSubmitted
41,2018-12-14 16:18:52.496244,,,,,,f,,{},3WRFBPLXRBHX73CY65I4GDNYP1L3NQ,AssignmentAccepted
42,2018-12-14 16:18:53.141315,,,,,,f,,{},3ZOTGHDK5J4J95XPXZJI3AVF7ROOSH,AssignmentAccepted
43,2018-12-14 16:19:02.274137,,,,,,f,,{},3IJXV6UZ1YCXC4M9KF68T3UX9G3IRP,AssignmentSubmitted
44,2018-12-14 16:19:19.362912,,,,,,f,,{},3SKEMFQBZ4YI0UX1L9LKF2E5BS58KF,AssignmentSubmitted
45,2018-12-14 16:19:19.404165,,,,,,f,,{},32RIADZISTXF5CN7EF49PCPAQ0NS4A,AssignmentSubmitted
46,2018-12-14 16:19:35.100121,,,,,,f,,{},3FQ5JJ512MH331K5RBA3XZ400NXKN8,AssignmentSubmitted
47,2018-12-14 16:19:48.373506,,,,,,f,,{},3WRFBPLXRBHX73CY65I4GDNYP1L3NQ,AssignmentSubmitted
48,2018-12-14 16:20:24.317834,,,,,,f,,{},38SKSKU7R2QM96RWFV9C7RLY3OEILZ,AssignmentSubmitted
49,2018-12-14 16:33:01.434723,,,,,,f,,{},3TYCR1GOTDC84WG6FZXY7MOOZ1IZLF,AssignmentReturned
50,2018-12-14 16:33:12.386066,,,,,,f,,{},3WT783CTPCAJJUJKW8OWILRYEPJCB7,AssignmentReturned
51,2018-12-14 16:33:38.094866,,,,,,f,,{},3WT783CTPCAJJUJKW8OWILRYEPJCB7,AssignmentAccepted
52,2018-12-14 16:40:19.148233,,,,,,f,,{},3WT783CTPCAJJUJKW8OWILRYEPJCB7,AssignmentReturned
53,2018-12-14 16:40:31.534954,,,,,,f,,{},3WT783CTPCAJJUJKW8OWILRYEPJCB7,AssignmentAccepted
54,2018-12-14 16:42:48.114852,,,,,,f,,{},3GLB5JMZFYOPF3X9CQBL320DF2NDGP,AssignmentReturned
55,2018-12-14 16:42:48.151524,,,,,,f,,{},3GLB5JMZFYOPF3X9CQBL320DF2NDGP,AssignmentAccepted
