id,creation_time,property1,property2,property3,property4,property5,failed,time_of_death,details,type,fingerprint_hash,recruiter_id,worker_id,assignment_id,unique_id,hit_id,mode,end_time,base_pay,bonus,status
9,2018-12-14 16:22:57.921597,,,,,,f,,{},participant,undefined,mturk,9,3483FV8BEFC0F0AN3OIIVSWKOXV263,9:3483FV8BEFC0F0AN3OIIVSWKOXV263,32K26U12DNH5AGPABJ55FJ70LZ4DV8,undefined,2018-12-14 16:23:26.267215,,,overrecruited
10,2018-12-14 16:26:19.235645,,,,,,f,,{},participant,undefined,mturk,10,30MVJZJNHN6N3FAT8GRMEJ93G9P9J8,10:30MVJZJNHN6N3FAT8GRMEJ93G9P9J8,32K26U12DNH5AGPABJ55FJ70LZ4DV8,undefined,2018-12-14 16:26:21.230675,,,overrecruited
11,2018-12-14 16:26:28.783961,,,,,,f,,{},participant,undefined,mturk,11,31Z0PCVWUL8D3ZI55D762T56JLS7TZ,11:31Z0PCVWUL8D3ZI55D762T56JLS7TZ,32K26U12DNH5AGPABJ55FJ70LZ4DV8,undefined,2018-12-14 16:26:30.802461,,,overrecruited
12,2018-12-14 16:28:22.341715,,,,,,f,,{},participant,undefined,mturk,12,3D4CH1LGEBMDCDKS0A6JH6HNOH89G4,12:3D4CH1LGEBMDCDKS0A6JH6HNOH89G4,32K26U12DNH5AGPABJ55FJ70LZ4DV8,undefined,2018-12-14 16:28:31.53664,,,overrecruited
13,2018-12-14 16:28:51.766913,,,,,,f,,{},participant,undefined,mturk,13,3V5Q80FXIYK1IHN5KMKKOPK0E6T23X,13:3V5Q80FXIYK1IHN5KMKKOPK0E6T23X,32K26U12DNH5AGPABJ55FJ70LZ4DV8,undefined,2018-12-14 16:28:57.026607,,,overrecruited
14,2018-12-14 16:35:41.646331,,,,,,f,,{},participant,undefined,mturk,14,3ERET4BTVN2IEZGBQ1RYFY9GVYP9K7,14:3ERET4BTVN2IEZGBQ1RYFY9GVYP9K7,32K26U12DNH5AGPABJ55FJ70LZ4DV8,undefined,2018-12-14 16:35:43.117337,,,overrecruited
15,2018-12-14 16:39:59.526588,,,,,,f,,{},participant,undefined,mturk,15,3WT783CTPCAJJUJKW8OWILRYEPJCB7,15:3WT783CTPCAJJUJKW8OWILRYEPJCB7,32K26U12DNH5AGPABJ55FJ70LZ4DV8,undefined,2018-12-14 16:40:05.809241,,,overrecruited
16,2018-12-14 16:42:22.731881,,,,,,f,,{},participant,undefined,mturk,16,3SEPORI8WOSR8DP2I888Y88D5PNAZC,16:3SEPORI8WOSR8DP2I888Y88D5PNAZC,32K26U12DNH5AGPABJ55FJ70LZ4DV8,undefined,2018-12-14 16:42:28.0222,,,overrecruited
2,2018-12-14 16:15:42.738127,,,,,,f,,{},participant,undefined,mturk,2,3CP1TO84PUU4WWA9Y58D3MIKS2K25N,2:3CP1TO84PUU4WWA9Y58D3MIKS2K25N,32K26U12DNH5AGPABJ55FJ70LZ4DV8,undefined,2018-12-14 16:29:14.421243,,,approved
1,2018-12-14 16:15:35.734415,,,,,,f,,{},participant,undefined,mturk,1,3A1PQ49WVIA9N4C8G398N0B555XH12,1:3A1PQ49WVIA9N4C8G398N0B555XH12,32K26U12DNH5AGPABJ55FJ70LZ4DV8,undefined,2018-12-14 16:29:14.790552,,,approved
3,2018-12-14 16:16:09.985017,,,,,,f,,{},participant,undefined,mturk,3,3JJVG1YBECQYK9A5HY1O4FLOM8X5BS,3:3JJVG1YBECQYK9A5HY1O4FLOM8X5BS,32K26U12DNH5AGPABJ55FJ70LZ4DV8,undefined,2018-12-14 16:29:16.736736,,,approved
4,2018-12-14 16:17:02.764129,,,,,,f,,{},participant,undefined,mturk,4,36DSNE9QZ6RQA2EZA5A4B94SB8BJOW,4:36DSNE9QZ6RQA2EZA5A4B94SB8BJOW,32K26U12DNH5AGPABJ55FJ70LZ4DV8,undefined,2018-12-14 16:29:18.081363,,,approved
6,2018-12-14 16:17:59.830414,,,,,,f,,{},participant,undefined,mturk,6,3YJ6NA41JC98V2Q0P5NJ099ILD7JPD,6:3YJ6NA41JC98V2Q0P5NJ099ILD7JPD,32K26U12DNH5AGPABJ55FJ70LZ4DV8,undefined,2018-12-14 16:29:23.323812,,,approved
5,2018-12-14 16:17:46.353992,,,,,,f,,{},participant,undefined,mturk,5,3KXIR214I59M0D69K0P3YUC6S6P24I,5:3KXIR214I59M0D69K0P3YUC6S6P24I,32K26U12DNH5AGPABJ55FJ70LZ4DV8,undefined,2018-12-14 16:29:17.308982,,,approved
17,2018-12-14 16:50:14.231663,,,,,,f,,{},participant,undefined,mturk,17,3WT783CTPCAJJUJKW8OWILRYEPJCB7,17:3WT783CTPCAJJUJKW8OWILRYEPJCB7,32K26U12DNH5AGPABJ55FJ70LZ4DV8,undefined,2018-12-14 16:50:29.987488,,,overrecruited
7,2018-12-14 16:18:23.850444,,,,,,f,,{},participant,undefined,mturk,7,3XM0HYN6NLS0KM48B4CS3TWQG5BEPN,7:3XM0HYN6NLS0KM48B4CS3TWQG5BEPN,32K26U12DNH5AGPABJ55FJ70LZ4DV8,undefined,2018-12-14 16:29:42.712711,,,approved
8,2018-12-14 16:19:07.780925,,,,,,f,,{},participant,undefined,mturk,8,308Q0PEVB96R84QNQY6M2IU33U09IW,8:308Q0PEVB96R84QNQY6M2IU33U09IW,32K26U12DNH5AGPABJ55FJ70LZ4DV8,undefined,2018-12-14 16:29:59.637373,,,approved
