id,creation_time,property1,property2,property3,property4,property5,failed,time_of_death,details,type,participant_id,number,question,response
1,2018-12-14 16:29:14.287514,,,,,,f,,{},question,2,1,questionnaire,"{""engagement"":""7"",""difficulty"":""4""}"
2,2018-12-14 16:29:14.661419,,,,,,f,,{},question,1,1,questionnaire,"{""engagement"":""7"",""difficulty"":""5""}"
3,2018-12-14 16:29:16.679097,,,,,,f,,{},question,3,1,questionnaire,"{""engagement"":""7"",""difficulty"":""4""}"
4,2018-12-14 16:29:17.230206,,,,,,f,,{},question,5,1,questionnaire,"{""engagement"":""2"",""difficulty"":""1""}"
5,2018-12-14 16:29:17.962823,,,,,,f,,{},question,4,1,questionnaire,"{""engagement"":""6"",""difficulty"":""3""}"
6,2018-12-14 16:29:23.093605,,,,,,f,,{},question,6,1,questionnaire,"{""engagement"":""7"",""difficulty"":""5""}"
7,2018-12-14 16:29:42.394882,,,,,,f,,{},question,7,1,questionnaire,"{""engagement"":""7"",""difficulty"":""5""}"
8,2018-12-14 16:29:58.980665,,,,,,f,,{},question,8,1,questionnaire,"{""engagement"":""5"",""difficulty"":""5""}"
