id,creation_time,property1,property2,property3,property4,property5,failed,time_of_death,details,assignment_id,event_type
1,2018-12-16 22:38:35.369727,,,,,,f,,{},3137ONMDKHYU79B98LM59KIYFPDEGU,AssignmentAccepted
2,2018-12-16 22:38:35.394998,,,,,,f,,{},3PW9OPU9PRD58E9QXI610W53GX412F,AssignmentAccepted
3,2018-12-16 22:38:41.520735,,,,,,f,,{},3BV8HQ2ZZXUPK35RG3BX1AFI0WC6AP,AssignmentAccepted
4,2018-12-16 22:38:41.555794,,,,,,f,,{},3HL8HNGX46U7YDOXPQ01ZLHBNDX9FG,AssignmentAccepted
5,2018-12-16 22:38:51.470942,,,,,,f,,{},3BV8HQ2ZZXUPK35RG3BX1AFI0WBA6S,AssignmentSubmitted
6,2018-12-16 22:38:52.916702,,,,,,f,,{},3P529IW9KZE2ZFP6EN3R4U86N7DFLI,AssignmentSubmitted
7,2018-12-16 22:42:10.310667,,,,,,f,,{},3137ONMDKHYU79B98LM59KIYFPDEGU,AssignmentReturned
8,2018-12-16 22:42:23.357061,,,,,,f,,{},3137ONMDKHYU79B98LM59KIYFPDEGU,AssignmentAccepted
9,2018-12-16 22:44:11.857019,,,,,,f,,{},369J354OFE3QUUIU2337XWQLYRM6GY,AssignmentSubmitted
10,2018-12-16 22:48:03.686767,,,,,,f,,{},3HL8HNGX46U7YDOXPQ01ZLHBNDX9FG,AssignmentSubmitted
11,2018-12-16 22:54:42.479556,,,,,,f,,"{""feedback"": """", ""error_text"": ""There has been an error and so you are unable to\r\n        continue, sorry!"", ""error_type"": ""already_started_exp_mturk"", ""request_data"": {""hit_id"": null, ""worker_id"": null, ""participant_id"": null}}",unknown,ExperimentError
12,2018-12-16 22:55:51.619703,,,,,,f,,{},3137ONMDKHYU79B98LM59KIYFPDEGU,AssignmentReturned
13,2018-12-16 23:08:47.549123,,,,,,f,,{},3PW9OPU9PRD58E9QXI610W53GX412F,AssignmentAbandoned
14,2018-12-16 23:09:11.14429,,,,,,f,,{},3PW9OPU9PRD58E9QXI610W53GX412F,AssignmentAccepted
