id,creation_time,property1,property2,property3,property4,property5,failed,time_of_death,details,type,fingerprint_hash,recruiter_id,worker_id,assignment_id,unique_id,hit_id,mode,end_time,base_pay,bonus,status
1,2018-12-16 22:42:37.831929,,,,,,f,,{},participant,undefined,mturk,1,3HL8HNGX46U7YDOXPQ01ZLHBNDX9FG,1:3HL8HNGX46U7YDOXPQ01ZLHBNDX9FG,3UUIU9GZC5YVTB6SRIN7GPVNC59T50,undefined,2018-12-16 22:48:03.69523,1,0,approved
3,2018-12-16 22:48:39.47554,,,,,,f,,{},participant,undefined,mturk,3,3BV8HQ2ZZXUPK35RG3BX1AFI0WC6AP,3:3BV8HQ2ZZXUPK35RG3BX1AFI0WC6AP,3UUIU9GZC5YVTB6SRIN7GPVNC59T50,undefined,2018-12-16 22:48:44.416143,,,overrecruited
2,2018-12-16 22:47:33.139899,,,,,,f,,{},participant,undefined,mturk,2,3137ONMDKHYU79B98LM59KIYFPDEGU,2:3137ONMDKHYU79B98LM59KIYFPDEGU,3UUIU9GZC5YVTB6SRIN7GPVNC59T50,undefined,2018-12-16 22:55:51.630805,,,returned
4,2018-12-16 22:57:01.869738,,,,,,f,,{},participant,undefined,mturk,4,3E337GFOLA1Y1FOM1KPOZ7C7THGGNN,4:3E337GFOLA1Y1FOM1KPOZ7C7THGGNN,3UUIU9GZC5YVTB6SRIN7GPVNC59T50,undefined,2018-12-16 22:57:15.721488,,,overrecruited
5,2018-12-16 23:32:08.139144,,,,,,f,,{},participant,undefined,mturk,5,3PW9OPU9PRD58E9QXI610W53GX412F,5:3PW9OPU9PRD58E9QXI610W53GX412F,3UUIU9GZC5YVTB6SRIN7GPVNC59T50,undefined,2018-12-16 23:32:10.229456,,,overrecruited
