id,creation_time,property1,property2,property3,property4,property5,failed,time_of_death,details,assignment_id,event_type
1,2018-12-14 04:17:10.672775,,,,,,f,,{},3DIP6YHAPDLFEU5RPNAHH710RQ08EC,AssignmentAccepted
2,2018-12-14 04:17:10.70325,,,,,,f,,{},3180JW2OT5542S8H5QE52341U8V5JS,AssignmentAccepted
3,2018-12-14 04:17:10.726731,,,,,,f,,{},3WMINLGALCWE0KESQUO0NA7SW2NACP,AssignmentAccepted
4,2018-12-14 04:17:12.136597,,,,,,f,,{},3SNVL38CI5LKCXNE2L1PHOAO1EHCK6,AssignmentAccepted
5,2018-12-14 04:17:12.804707,,,,,,f,,{},3VHP9MDGROD9WBV01AAS1BIJTI0FC7,AssignmentAccepted
6,2018-12-14 04:17:12.836921,,,,,,f,,{},3NVC2EB65RSRJ2GCD7RFXTL5TGCY3O,AssignmentAccepted
7,2018-12-14 04:17:12.865608,,,,,,f,,{},3F0BG9B9MQG9KLHZFJU5AAXLYIYY7T,AssignmentAccepted
8,2018-12-14 04:17:12.941018,,,,,,f,,{},34FNN24DCN2UXH3GRQF8CQJP7C3Y5E,AssignmentAccepted
9,2018-12-14 04:17:12.970935,,,,,,f,,{},3G5F9DBFOQQP9GS6NHTXUOILU4THV6,AssignmentAccepted
10,2018-12-14 04:17:12.99887,,,,,,f,,{},35K3O9HUAC6OT9FEX1GNRZIMEUDFE0,AssignmentAccepted
11,2018-12-14 04:17:13.391424,,,,,,f,,{},36PW28KO40PTXIY6MLUVDY7VHE0AEI,AssignmentAccepted
12,2018-12-14 04:17:13.613005,,,,,,f,,{},3TS1AR6UQR73KU04AT2HLPQ5S79F7E,AssignmentAccepted
13,2018-12-14 04:17:13.645109,,,,,,f,,{},3KIBXJ1WD6NLLMKHSQAGCO45QS0KOB,AssignmentAccepted
14,2018-12-14 04:17:13.701774,,,,,,f,,{},3FDJT1UU751ZDCEZNBEH3I4E9XV5KR,AssignmentAccepted
15,2018-12-14 04:17:20.819692,,,,,,f,,{},3VE8AYVF8NQ7K85NKYUNZPM03RF8FU,AssignmentAccepted
16,2018-12-14 04:17:21.343541,,,,,,f,,{},3SKEMFQBZ4YI0UX1L9LKF2E5BNW8KW,AssignmentAccepted
17,2018-12-14 04:17:21.372762,,,,,,f,,{},3FFJ6VRIL2H9CA2AQ2NT97TA0LVI08,AssignmentAccepted
18,2018-12-14 04:17:25.622665,,,,,,f,,{},3KMS4QQVK3JRF97OTNRQPUVRYR9FKK,AssignmentAccepted
19,2018-12-14 04:17:25.677106,,,,,,f,,{},3W2LOLRXLC8OIZCXKIRK6J9A1FKKRK,AssignmentAccepted
20,2018-12-14 04:17:25.7079,,,,,,f,,{},35L9RVQFCPBPW136IRJSY2G2GXKHUH,AssignmentAccepted
21,2018-12-14 04:17:25.738396,,,,,,f,,{},3N4BPTXIO9LGYR4EOCMPBUWU8EOKUO,AssignmentAccepted
22,2018-12-14 04:17:25.861889,,,,,,f,,{},3NJM2BJS4XZLNOKUFD6XD5WNVONCP7,AssignmentAccepted
23,2018-12-14 04:17:29.237239,,,,,,f,,{},378XPAWRUD65DN0SI4KMYD5N977AIR,AssignmentAccepted
24,2018-12-14 04:17:29.479385,,,,,,f,,{},3TXMY6UCAFH6N0L9FQLMDAMX0K9CQY,AssignmentAccepted
25,2018-12-14 04:17:35.968722,,,,,,f,,{},3FQ5JJ512MH331K5RBA3XZ400IVNKZ,AssignmentAccepted
26,2018-12-14 04:17:38.134695,,,,,,f,,{},33L7PJKHCHRH3DNOFIZCGT11U0N8T2,AssignmentAccepted
27,2018-12-14 04:17:44.208303,,,,,,f,,{},33PPO7FECW83BU342EBOOEDTUA4ID1,AssignmentAccepted
28,2018-12-14 04:17:45.953429,,,,,,f,,{},3OCHAWUVGPD8FVY9THXCV1VY2W5KXG,AssignmentAccepted
29,2018-12-14 04:17:45.980775,,,,,,f,,{},3HPZF4IVNNMFW2CV602GQWPZZTQCY1,AssignmentAccepted
30,2018-12-14 04:17:54.752446,,,,,,f,,{},378XPAWRUD65DN0SI4KMYD5N977IAZ,AssignmentAccepted
31,2018-12-14 04:17:54.810481,,,,,,f,,{},3GFK2QRXXAAQ8C8GCPXKRTY9W445WN,AssignmentAccepted
32,2018-12-14 04:18:19.16356,,,,,,f,,"{""feedback"": ""did not work"", ""error_text"": ""There has been an error and so you are unable to\r\n        continue, sorry!"", ""error_type"": ""already_started_exp_mturk"", ""request_data"": {""hit_id"": null, ""worker_id"": null, ""participant_id"": null}}",unknown,ExperimentError
33,2018-12-14 04:18:31.014157,,,,,,f,,{},3FK0YFF9P09URHNQS6A19P9U2J4VVA,AssignmentAccepted
34,2018-12-14 04:18:48.72647,,,,,,f,,{},3180JW2OT5542S8H5QE52341U8V5JS,AssignmentAccepted
35,2018-12-14 04:18:48.756534,,,,,,f,,{},3180JW2OT5542S8H5QE52341U8V5JS,AssignmentReturned
36,2018-12-14 04:18:51.041927,,,,,,f,,{},39PAAFCODNTFEPJ1NBAM87L95YLVTR,AssignmentSubmitted
37,2018-12-14 04:18:53.624197,,,,,,f,,{},3GFK2QRXXAAQ8C8GCPXKRTY9W445WN,AssignmentReturned
38,2018-12-14 04:19:29.872713,,,,,,f,,{},3L0KT67Y8F9V3J1R3MSG51THLWCYSH,AssignmentAccepted
39,2018-12-14 04:19:34.150701,,,,,,f,,{},378XPAWRUD65DN0SI4KMYD5N977AIR,AssignmentReturned
40,2018-12-14 04:20:06.484923,,,,,,f,,{},3I02618YA1ZH9I1U14RX7BIT2OUUPZ,AssignmentAccepted
41,2018-12-14 04:20:09.657442,,,,,,f,,{},3FK0YFF9P09URHNQS6A19P9U2J4VVA,AssignmentReturned
42,2018-12-14 04:20:11.272869,,,,,,f,,{},37UEWGM5HU1MCYQBC8L214DBS9L1RZ,AssignmentAccepted
43,2018-12-14 04:20:14.113776,,,,,,f,,{},3KYQYYSHYW0D7GE709OT8B9F6J0ODZ,AssignmentSubmitted
44,2018-12-14 04:20:14.143927,,,,,,f,,{},3CTOC39K38JJPWM0TJT20NIXLENJ7I,AssignmentSubmitted
45,2018-12-14 04:20:14.176487,,,,,,f,,{},3P4RDNWND6ZGEG3WCAXZRC86ZUYJID,AssignmentSubmitted
46,2018-12-14 04:20:14.211382,,,,,,f,,{},3E13VNJ1NOO9JZNSMLRTNCCK5DZ1IS,AssignmentSubmitted
47,2018-12-14 04:20:14.244604,,,,,,f,,{},3L0KT67Y8F9V3J1R3MSG51THLW9YSE,AssignmentSubmitted
48,2018-12-14 04:20:14.275771,,,,,,f,,{},3TPZPLC3M15XAOOBMKVWK2STPB83PY,AssignmentSubmitted
49,2018-12-14 04:20:14.313362,,,,,,f,,{},3ND9UOO81LV4A1B14CDR8IU6IU1LWO,AssignmentSubmitted
50,2018-12-14 04:20:14.345489,,,,,,f,,{},3H7Z272LX80EQSE0SQZWGOMAPXYLPT,AssignmentSubmitted
51,2018-12-14 04:20:14.381932,,,,,,f,,{},3DY4FPOOA2H2YA69JM5R8SKRHDOVRE,AssignmentSubmitted
52,2018-12-14 04:20:33.841841,,,,,,f,,{},3UWN2HHPUZY1RKXDWKJ5OLVAHC8SNL,AssignmentAccepted
53,2018-12-14 04:20:52.322862,,,,,,f,,"{""feedback"": ""It just said it was waiting for other players to join. "", ""error_text"": ""There has been an error and so you are unable to\r\n        continue, sorry!"", ""error_type"": ""already_started_exp_mturk"", ""request_data"": {""hit_id"": null, ""worker_id"": null, ""participant_id"": null}}",unknown,ExperimentError
54,2018-12-14 04:21:07.198663,,,,,,f,,{},39GHHAVOMGKM694HRLVVXBYNUCXJ4Y,AssignmentSubmitted
55,2018-12-14 04:21:11.399836,,,,,,f,,{},3TXMY6UCAFH6N0L9FQLMDAMX0K9CQY,AssignmentReturned
56,2018-12-14 04:21:15.645528,,,,,,f,,{},3FTOP5WARGH57LMG8K8TL88AD0EJ0F,AssignmentSubmitted
57,2018-12-14 04:21:47.69948,,,,,,f,,{},320DUZ38G8F2IPX1MMXW60VQKHAGJM,AssignmentAccepted
58,2018-12-14 04:21:50.162707,,,,,,f,,{},3TR2532VIQN0LW8VA9OAU9I1Q33J6J,AssignmentSubmitted
59,2018-12-14 04:21:56.794427,,,,,,f,,{},3QECW5O0KIUYGV4MHKS949RASAN5TY,AssignmentAccepted
60,2018-12-14 04:22:19.195406,,,,,,f,,{},31QTRG6Q2U6YQRLZB5OMAWO6YC2YPY,AssignmentSubmitted
61,2018-12-14 04:22:47.667505,,,,,,f,,{},320DUZ38G8F2IPX1MMXW60VQKHAGJM,AssignmentSubmitted
62,2018-12-14 04:22:56.102728,,,,,,f,,{},3VE8AYVF8NQ7K85NKYUNZPM03RF8FU,AssignmentSubmitted
63,2018-12-14 04:23:01.183259,,,,,,f,,{},3SNVL38CI5LKCXNE2L1PHOAO1EHCK6,AssignmentSubmitted
64,2018-12-14 04:23:31.209028,,,,,,f,,{},3WMINLGALCWE0KESQUO0NA7SW2NACP,AssignmentSubmitted
65,2018-12-14 04:23:45.120739,,,,,,f,,{},3W2LOLRXLC8OIZCXKIRK6J9A1FKKRK,AssignmentSubmitted
66,2018-12-14 04:24:55.672023,,,,,,f,,{},3F0BG9B9MQG9KLHZFJU5AAXLYIYY7T,AssignmentSubmitted
67,2018-12-14 04:25:00.351384,,,,,,f,,{},39ASUFLU6Y05TV6ZXVM9X6ITIZAXEA,AssignmentAccepted
68,2018-12-14 04:25:41.247739,,,,,,f,,{},35L9RVQFCPBPW136IRJSY2G2GXKHUH,AssignmentSubmitted
69,2018-12-14 04:25:46.900161,,,,,,f,,{},3KIBXJ1WD6NLLMKHSQAGCO45QS0KOB,AssignmentSubmitted
70,2018-12-14 04:26:45.552451,,,,,,f,,{},3FFJ6VRIL2H9CA2AQ2NT97TA0LVI08,AssignmentReturned
71,2018-12-14 04:26:45.700698,,,,,,f,,{},3UWN2HHPUZY1RKXDWKJ5OLVAHC8SNL,AssignmentSubmitted
72,2018-12-14 04:27:15.779625,,,,,,f,,{},3R5F3LQFV3DGAHJ3SRDQZ3SIU1FOZ3,AssignmentAccepted
73,2018-12-14 04:27:53.436648,,,,,,f,,{},3N4BPTXIO9LGYR4EOCMPBUWU8EOKUO,AssignmentReturned
74,2018-12-14 04:28:36.809677,,,,,,f,,{},3HL8HNGX46U7YDOXPQ01ZLHBNX0F9T,AssignmentAccepted
75,2018-12-14 04:28:48.446624,,,,,,f,,{},39ASUFLU6Y05TV6ZXVM9X6ITIZAXEA,AssignmentSubmitted
76,2018-12-14 04:28:56.286748,,,,,,f,,{},3HL8HNGX46U7YDOXPQ01ZLHBNX0F9T,AssignmentSubmitted
77,2018-12-14 04:30:08.927069,,,,,,f,,{},3X1FV8S5JYKB9KXV3BBF9O6KF4JGV9,AssignmentAccepted
78,2018-12-14 04:30:36.78238,,,,,,f,,{},3R5F3LQFV3DGAHJ3SRDQZ3SIU1FOZ3,AssignmentSubmitted
79,2018-12-14 04:31:01.291321,,,,,,f,,{},3NJM2BJS4XZLNOKUFD6XD5WNVONCP7,AssignmentSubmitted
80,2018-12-14 04:31:15.192958,,,,,,f,,{},3X1FV8S5JYKB9KXV3BBF9O6KF4JGV9,AssignmentSubmitted
81,2018-12-14 04:31:20.795036,,,,,,f,,{},30IQTZXKALZ625R5PONUCHGPOYT0XK,AssignmentSubmitted
82,2018-12-14 04:31:20.826805,,,,,,f,,{},3NVC2EB65RSRJ2GCD7RFXTL5TGCY3O,AssignmentSubmitted
83,2018-12-14 04:31:43.7979,,,,,,f,,{},3DIP6YHAPDLFEU5RPNAHH710RQ08EC,AssignmentSubmitted
84,2018-12-14 04:32:02.292056,,,,,,f,,{},3G5F9DBFOQQP9GS6NHTXUOILU4THV6,AssignmentSubmitted
85,2018-12-14 04:32:16.837861,,,,,,f,,{},3FQ5JJ512MH331K5RBA3XZ400IVNKZ,AssignmentSubmitted
86,2018-12-14 04:32:16.917944,,,,,,f,,{},37UEWGM5HU1MCYQBC8L214DBS9L1RZ,AssignmentSubmitted
87,2018-12-14 04:32:17.005104,,,,,,f,,{},3FDJT1UU751ZDCEZNBEH3I4E9XV5KR,AssignmentSubmitted
88,2018-12-14 04:32:31.520386,,,,,,f,,{},3TS1AR6UQR73KU04AT2HLPQ5S79F7E,AssignmentSubmitted
89,2018-12-14 04:32:46.635311,,,,,,f,,{},3HPZF4IVNNMFW2CV602GQWPZZTQCY1,AssignmentSubmitted
90,2018-12-14 04:33:16.009329,,,,,,f,,{},3OCHAWUVGPD8FVY9THXCV1VY2W5KXG,AssignmentSubmitted
91,2018-12-14 04:33:16.09395,,,,,,f,,{},3180JW2OT5542S8H5QE52341U8V5JS,AssignmentSubmitted
92,2018-12-14 04:33:30.205097,,,,,,f,,{},36PW28KO40PTXIY6MLUVDY7VHE0AEI,AssignmentSubmitted
93,2018-12-14 04:33:44.887281,,,,,,f,,{},3L0KT67Y8F9V3J1R3MSG51THLWCYSH,AssignmentSubmitted
94,2018-12-14 04:33:59.633542,,,,,,f,,{},33PPO7FECW83BU342EBOOEDTUA4ID1,AssignmentSubmitted
95,2018-12-14 04:34:14.412548,,,,,,f,,{},33L7PJKHCHRH3DNOFIZCGT11U0N8T2,AssignmentSubmitted
96,2018-12-14 04:34:29.200313,,,,,,f,,{},34FNN24DCN2UXH3GRQF8CQJP7C3Y5E,AssignmentSubmitted
97,2018-12-14 04:34:43.245864,,,,,,f,,{},33L7PJKHCHRH3DNOFIZCGT11U0KT8K,AssignmentSubmitted
98,2018-12-14 04:35:12.062931,,,,,,f,,{},3FK0YFF9P09URHNQS6A19P9U2J1VV7,AssignmentSubmitted
99,2018-12-14 04:35:12.10293,,,,,,f,,{},35K3O9HUAC6OT9FEX1GNRZIMEUDFE0,AssignmentSubmitted
100,2018-12-14 04:36:09.668905,,,,,,f,,{},3KMS4QQVK3JRF97OTNRQPUVRYR9FKK,AssignmentSubmitted
101,2018-12-14 04:36:23.938237,,,,,,f,,{},39L1G8WVWRKUTW591IK6J6AVMV913Z,AssignmentAccepted
102,2018-12-14 04:37:18.867149,,,,,,f,,{},39L1G8WVWRKUTW591IK6J6AVMV913Z,AssignmentSubmitted
103,2018-12-14 04:38:53.72808,,,,,,f,,{},3SKEMFQBZ4YI0UX1L9LKF2E5BNW8KW,AssignmentReturned
104,2018-12-14 04:39:13.812212,,,,,,f,,{},31T4R4OBOT9WHIGUJRCGDJ52VUN7C1,AssignmentAccepted
105,2018-12-14 04:42:26.199793,,,,,,f,,{},378XPAWRUD65DN0SI4KMYD5N977IAZ,AssignmentReturned
106,2018-12-14 04:44:46.249316,,,,,,f,,{},3VJ40NV2QJGKO5A4MZO8DFR195YTOX,AssignmentAccepted
107,2018-12-14 04:44:49.904,,,,,,f,,{},3QECW5O0KIUYGV4MHKS949RASAN5TY,AssignmentSubmitted
108,2018-12-14 04:45:30.541484,,,,,,f,,{},3VHP9MDGROD9WBV01AAS1BIJTI0FC7,AssignmentSubmitted
109,2018-12-14 04:45:44.767611,,,,,,f,,{},3I02618YA1ZH9I1U14RX7BIT2OUUPZ,AssignmentSubmitted
110,2018-12-14 04:47:01.427088,,,,,,f,,{},31T4R4OBOT9WHIGUJRCGDJ52VUN7C1,AssignmentSubmitted
111,2018-12-14 04:54:40.126066,,,,,,f,,{},39GXDJN2OU7WG5RDKDZRHBPMRLX8VC,AssignmentSubmitted
