id,creation_time,property1,property2,property3,property4,property5,failed,time_of_death,details,type,fingerprint_hash,recruiter_id,worker_id,assignment_id,unique_id,hit_id,mode,end_time,base_pay,bonus,status
6,2018-12-14 04:18:19.3269,,,,,,f,,{},participant,undefined,mturk,6,3OCHAWUVGPD8FVY9THXCV1VY2W5KXG,6:3OCHAWUVGPD8FVY9THXCV1VY2W5KXG,3MJ9GGZYO3ZYFIOW3ZUSND2J3W32A8,undefined,2018-12-14 04:33:16.018272,1,0.27,approved
3,2018-12-14 04:17:48.796031,,,,,,f,,{},participant,undefined,mturk,3,36PW28KO40PTXIY6MLUVDY7VHE0AEI,3:36PW28KO40PTXIY6MLUVDY7VHE0AEI,3MJ9GGZYO3ZYFIOW3ZUSND2J3W32A8,undefined,2018-12-14 04:33:30.21158,1,0.26,approved
13,2018-12-14 04:20:29.273198,,,,,,f,,{},participant,undefined,mturk,13,3180JW2OT5542S8H5QE52341U8V5JS,13:3180JW2OT5542S8H5QE52341U8V5JS,3MJ9GGZYO3ZYFIOW3ZUSND2J3W32A8,undefined,2018-12-14 04:33:16.101709,1,0.27,approved
11,2018-12-14 04:20:06.504985,,,,,,f,,{},participant,undefined,mturk,11,3L0KT67Y8F9V3J1R3MSG51THLWCYSH,11:3L0KT67Y8F9V3J1R3MSG51THLWCYSH,3MJ9GGZYO3ZYFIOW3ZUSND2J3W32A8,undefined,2018-12-14 04:33:44.893609,1,0.26,approved
2,2018-12-14 04:17:30.535418,,,,,,f,,{},participant,undefined,mturk,2,3180JW2OT5542S8H5QE52341U8V5JS,2:3180JW2OT5542S8H5QE52341U8V5JS,3MJ9GGZYO3ZYFIOW3ZUSND2J3W32A8,undefined,2018-12-14 04:18:48.76276,,,returned
17,2018-12-14 04:21:45.089495,,,,,,f,,{},participant,undefined,mturk,17,34FNN24DCN2UXH3GRQF8CQJP7C3Y5E,17:34FNN24DCN2UXH3GRQF8CQJP7C3Y5E,3MJ9GGZYO3ZYFIOW3ZUSND2J3W32A8,undefined,2018-12-14 04:34:29.206707,1,0.26,approved
18,2018-12-14 04:21:47.560142,,,,,,f,,{},participant,undefined,mturk,18,35K3O9HUAC6OT9FEX1GNRZIMEUDFE0,18:35K3O9HUAC6OT9FEX1GNRZIMEUDFE0,3MJ9GGZYO3ZYFIOW3ZUSND2J3W32A8,undefined,2018-12-14 04:35:12.109313,1,0.27,approved
32,2018-12-14 04:35:27.756799,,,,,,f,,{},participant,undefined,mturk,32,378XPAWRUD65DN0SI4KMYD5N977IAZ,32:378XPAWRUD65DN0SI4KMYD5N977IAZ,3MJ9GGZYO3ZYFIOW3ZUSND2J3W32A8,undefined,,,,overrecruited
4,2018-12-14 04:18:08.258579,,,,,,f,,{},participant,undefined,mturk,4,3TXMY6UCAFH6N0L9FQLMDAMX0K9CQY,4:3TXMY6UCAFH6N0L9FQLMDAMX0K9CQY,3MJ9GGZYO3ZYFIOW3ZUSND2J3W32A8,undefined,2018-12-14 04:21:11.408214,,,returned
35,2018-12-14 04:44:59.784137,,,,,,f,,{},participant,undefined,mturk,35,3VHP9MDGROD9WBV01AAS1BIJTI0FC7,35:3VHP9MDGROD9WBV01AAS1BIJTI0FC7,3MJ9GGZYO3ZYFIOW3ZUSND2J3W32A8,undefined,2018-12-14 04:45:30.548242,1,0,approved
34,2018-12-14 04:35:54.450105,,,,,,f,,{},participant,undefined,mturk,34,3KMS4QQVK3JRF97OTNRQPUVRYR9FKK,34:3KMS4QQVK3JRF97OTNRQPUVRYR9FKK,3MJ9GGZYO3ZYFIOW3ZUSND2J3W32A8,undefined,2018-12-14 04:36:09.67514,1,0,approved
36,2018-12-14 04:46:40.402142,,,,,,f,,{},participant,undefined,mturk,36,31T4R4OBOT9WHIGUJRCGDJ52VUN7C1,36:31T4R4OBOT9WHIGUJRCGDJ52VUN7C1,3MJ9GGZYO3ZYFIOW3ZUSND2J3W32A8,undefined,2018-12-14 04:47:01.434251,1,0,approved
23,2018-12-14 04:23:23.05283,,,,,,f,,{},participant,undefined,mturk,23,3W2LOLRXLC8OIZCXKIRK6J9A1FKKRK,23:3W2LOLRXLC8OIZCXKIRK6J9A1FKKRK,3MJ9GGZYO3ZYFIOW3ZUSND2J3W32A8,undefined,2018-12-14 04:23:45.128172,1,0,approved
21,2018-12-14 04:22:38.014054,,,,,,f,,{},participant,undefined,mturk,21,3SNVL38CI5LKCXNE2L1PHOAO1EHCK6,21:3SNVL38CI5LKCXNE2L1PHOAO1EHCK6,3MJ9GGZYO3ZYFIOW3ZUSND2J3W32A8,undefined,2018-12-14 04:23:01.189485,1,0,approved
19,2018-12-14 04:22:21.040526,,,,,,f,,{},participant,undefined,mturk,19,320DUZ38G8F2IPX1MMXW60VQKHAGJM,19:320DUZ38G8F2IPX1MMXW60VQKHAGJM,3MJ9GGZYO3ZYFIOW3ZUSND2J3W32A8,undefined,2018-12-14 04:22:47.673562,1,0,approved
20,2018-12-14 04:22:35.083725,,,,,,f,,{},participant,undefined,mturk,20,3VE8AYVF8NQ7K85NKYUNZPM03RF8FU,20:3VE8AYVF8NQ7K85NKYUNZPM03RF8FU,3MJ9GGZYO3ZYFIOW3ZUSND2J3W32A8,undefined,2018-12-14 04:22:56.10866,1,0,approved
22,2018-12-14 04:23:17.886717,,,,,,f,,{},participant,undefined,mturk,22,3WMINLGALCWE0KESQUO0NA7SW2NACP,22:3WMINLGALCWE0KESQUO0NA7SW2NACP,3MJ9GGZYO3ZYFIOW3ZUSND2J3W32A8,undefined,2018-12-14 04:23:31.215316,1,0,approved
24,2018-12-14 04:24:14.905451,,,,,,f,,{},participant,undefined,mturk,24,3F0BG9B9MQG9KLHZFJU5AAXLYIYY7T,24:3F0BG9B9MQG9KLHZFJU5AAXLYIYY7T,3MJ9GGZYO3ZYFIOW3ZUSND2J3W32A8,undefined,2018-12-14 04:24:55.678877,1,0,approved
27,2018-12-14 04:26:08.389706,,,,,,f,,{},participant,undefined,mturk,27,3UWN2HHPUZY1RKXDWKJ5OLVAHC8SNL,27:3UWN2HHPUZY1RKXDWKJ5OLVAHC8SNL,3MJ9GGZYO3ZYFIOW3ZUSND2J3W32A8,undefined,2018-12-14 04:26:45.70652,1,0,approved
8,2018-12-14 04:19:15.306998,,,,,,f,,{},participant,undefined,mturk,8,3FFJ6VRIL2H9CA2AQ2NT97TA0LVI08,8:3FFJ6VRIL2H9CA2AQ2NT97TA0LVI08,3MJ9GGZYO3ZYFIOW3ZUSND2J3W32A8,undefined,2018-12-14 04:26:45.560108,,,returned
25,2018-12-14 04:25:29.898839,,,,,,f,,{},participant,undefined,mturk,25,35L9RVQFCPBPW136IRJSY2G2GXKHUH,25:35L9RVQFCPBPW136IRJSY2G2GXKHUH,3MJ9GGZYO3ZYFIOW3ZUSND2J3W32A8,undefined,2018-12-14 04:25:41.254061,1,0,approved
26,2018-12-14 04:25:37.109426,,,,,,f,,{},participant,undefined,mturk,26,3KIBXJ1WD6NLLMKHSQAGCO45QS0KOB,26:3KIBXJ1WD6NLLMKHSQAGCO45QS0KOB,3MJ9GGZYO3ZYFIOW3ZUSND2J3W32A8,undefined,2018-12-14 04:25:46.90624,1,0,approved
28,2018-12-14 04:28:46.727772,,,,,,f,,{},participant,undefined,mturk,28,3HL8HNGX46U7YDOXPQ01ZLHBNX0F9T,28:3HL8HNGX46U7YDOXPQ01ZLHBNX0F9T,3MJ9GGZYO3ZYFIOW3ZUSND2J3W32A8,undefined,2018-12-14 04:28:56.293418,1,0,approved
29,2018-12-14 04:30:30.569147,,,,,,f,,{},participant,undefined,mturk,29,3R5F3LQFV3DGAHJ3SRDQZ3SIU1FOZ3,29:3R5F3LQFV3DGAHJ3SRDQZ3SIU1FOZ3,3MJ9GGZYO3ZYFIOW3ZUSND2J3W32A8,undefined,2018-12-14 04:30:36.788364,1,0,approved
30,2018-12-14 04:30:50.995888,,,,,,f,,{},participant,undefined,mturk,30,3NJM2BJS4XZLNOKUFD6XD5WNVONCP7,30:3NJM2BJS4XZLNOKUFD6XD5WNVONCP7,3MJ9GGZYO3ZYFIOW3ZUSND2J3W32A8,undefined,2018-12-14 04:31:01.297513,1,0,approved
9,2018-12-14 04:19:29.616614,,,,,,f,,{},participant,undefined,mturk,9,3HPZF4IVNNMFW2CV602GQWPZZTQCY1,9:3HPZF4IVNNMFW2CV602GQWPZZTQCY1,3MJ9GGZYO3ZYFIOW3ZUSND2J3W32A8,undefined,2018-12-14 04:32:46.641267,1,0.26,approved
15,2018-12-14 04:21:29.172163,,,,,,f,,{},participant,undefined,mturk,15,3TS1AR6UQR73KU04AT2HLPQ5S79F7E,15:3TS1AR6UQR73KU04AT2HLPQ5S79F7E,3MJ9GGZYO3ZYFIOW3ZUSND2J3W32A8,undefined,2018-12-14 04:32:31.526466,1,0.27,approved
10,2018-12-14 04:19:56.60063,,,,,,f,,{},participant,undefined,mturk,10,33L7PJKHCHRH3DNOFIZCGT11U0N8T2,10:33L7PJKHCHRH3DNOFIZCGT11U0N8T2,3MJ9GGZYO3ZYFIOW3ZUSND2J3W32A8,undefined,2018-12-14 04:34:14.419016,1,0.27,approved
1,2018-12-14 04:17:27.613322,,,,,,f,,{},participant,undefined,mturk,1,3NVC2EB65RSRJ2GCD7RFXTL5TGCY3O,1:3NVC2EB65RSRJ2GCD7RFXTL5TGCY3O,3MJ9GGZYO3ZYFIOW3ZUSND2J3W32A8,undefined,2018-12-14 04:31:20.832949,1,0.26,approved
7,2018-12-14 04:18:27.427807,,,,,,f,,{},participant,undefined,mturk,7,33PPO7FECW83BU342EBOOEDTUA4ID1,7:33PPO7FECW83BU342EBOOEDTUA4ID1,3MJ9GGZYO3ZYFIOW3ZUSND2J3W32A8,undefined,2018-12-14 04:33:59.639396,1,0.26,approved
33,2018-12-14 04:35:28.258519,,,,,,f,,{},participant,undefined,mturk,33,3SKEMFQBZ4YI0UX1L9LKF2E5BNW8KW,33:3SKEMFQBZ4YI0UX1L9LKF2E5BNW8KW,3MJ9GGZYO3ZYFIOW3ZUSND2J3W32A8,undefined,,,,overrecruited
31,2018-12-14 04:31:16.8328,,,,,,f,,{},participant,undefined,mturk,31,3DIP6YHAPDLFEU5RPNAHH710RQ08EC,31:3DIP6YHAPDLFEU5RPNAHH710RQ08EC,3MJ9GGZYO3ZYFIOW3ZUSND2J3W32A8,undefined,2018-12-14 04:31:43.803747,1,0,approved
16,2018-12-14 04:21:35.356291,,,,,,f,,{},participant,undefined,mturk,16,3G5F9DBFOQQP9GS6NHTXUOILU4THV6,16:3G5F9DBFOQQP9GS6NHTXUOILU4THV6,3MJ9GGZYO3ZYFIOW3ZUSND2J3W32A8,undefined,2018-12-14 04:32:02.298279,1,0.26,approved
5,2018-12-14 04:18:17.724518,,,,,,f,,{},participant,undefined,mturk,5,3FQ5JJ512MH331K5RBA3XZ400IVNKZ,5:3FQ5JJ512MH331K5RBA3XZ400IVNKZ,3MJ9GGZYO3ZYFIOW3ZUSND2J3W32A8,undefined,2018-12-14 04:32:16.845184,1,0.26,approved
14,2018-12-14 04:21:24.662185,,,,,,f,,{},participant,undefined,mturk,14,37UEWGM5HU1MCYQBC8L214DBS9L1RZ,14:37UEWGM5HU1MCYQBC8L214DBS9L1RZ,3MJ9GGZYO3ZYFIOW3ZUSND2J3W32A8,undefined,2018-12-14 04:32:16.925014,1,0.27,approved
12,2018-12-14 04:20:11.833263,,,,,,f,,{},participant,undefined,mturk,12,3FDJT1UU751ZDCEZNBEH3I4E9XV5KR,12:3FDJT1UU751ZDCEZNBEH3I4E9XV5KR,3MJ9GGZYO3ZYFIOW3ZUSND2J3W32A8,undefined,2018-12-14 04:32:17.01219,1,0.26,approved
