id,creation_time,property1,property2,property3,property4,property5,failed,time_of_death,details,type,participant_id,number,question,response
1,2018-12-14 04:31:10.576354,,,,,,f,,{},question,1,1,questionnaire,"{""engagement"":""1"",""difficulty"":""4""}"
2,2018-12-14 04:31:53.641076,,,,,,f,,{},question,16,1,questionnaire,"{""engagement"":""2"",""difficulty"":""5""}"
3,2018-12-14 04:31:55.492839,,,,,,f,,{},question,14,1,questionnaire,"{""engagement"":""7"",""difficulty"":""7""}"
4,2018-12-14 04:31:56.09653,,,,,,f,,{},question,5,1,questionnaire,"{""engagement"":""6"",""difficulty"":""2""}"
5,2018-12-14 04:31:59.319612,,,,,,f,,{},question,6,1,questionnaire,"{""engagement"":""7"",""difficulty"":""7""}"
6,2018-12-14 04:31:59.358385,,,,,,f,,{},question,12,1,questionnaire,"{""engagement"":""7"",""difficulty"":""6""}"
7,2018-12-14 04:31:59.68325,,,,,,f,,{},question,13,1,questionnaire,"{""engagement"":""7"",""difficulty"":""1""}"
8,2018-12-14 04:31:59.816544,,,,,,f,,{},question,3,1,questionnaire,"{""engagement"":""6"",""difficulty"":""4""}"
9,2018-12-14 04:32:02.920026,,,,,,f,,{},question,15,1,questionnaire,"{""engagement"":""7"",""difficulty"":""5""}"
10,2018-12-14 04:32:04.118632,,,,,,f,,{},question,11,1,questionnaire,"{""engagement"":""7"",""difficulty"":""5""}"
11,2018-12-14 04:32:04.408069,,,,,,f,,{},question,9,1,questionnaire,"{""engagement"":""7"",""difficulty"":""6""}"
12,2018-12-14 04:32:07.576839,,,,,,f,,{},question,7,1,questionnaire,"{""engagement"":""7"",""difficulty"":""6""}"
13,2018-12-14 04:32:15.054452,,,,,,f,,{},question,10,1,questionnaire,"{""engagement"":""7"",""difficulty"":""4""}"
14,2018-12-14 04:32:20.881241,,,,,,f,,{},question,17,1,questionnaire,"{""engagement"":""4"",""difficulty"":""5""}"
15,2018-12-14 04:32:33.503432,,,,,,f,,{},question,18,1,questionnaire,"{""engagement"":""7"",""difficulty"":""6""}"
