id,creation_time,property1,property2,property3,property4,property5,failed,time_of_death,details,assignment_id,event_type
1,2018-12-16 20:12:57.278224,,,,,,f,,{},3QHK8ZVMINBCMYDQ9LHVL4HL885LBO,AssignmentAccepted
2,2018-12-16 20:12:57.443801,,,,,,f,,{},3X65QVEQI1GVW35WNLDQWON3QT5LCV,AssignmentAccepted
3,2018-12-16 20:12:58.543395,,,,,,f,,{},3WOKGM4L729J8WDDOX0YT4PWC9DO0M,AssignmentAccepted
4,2018-12-16 20:12:58.579723,,,,,,f,,{},3MD9PLUKKJ7YSWJRRCDDKESD46RNZY,AssignmentAccepted
5,2018-12-16 20:12:58.632171,,,,,,f,,{},3QECW5O0KIUYGV4MHKS949RASP5T5Y,AssignmentAccepted
6,2018-12-16 20:12:58.670923,,,,,,f,,{},3M0NZ3JDP2RU27DLNCHRQXSRDLS5ZR,AssignmentAccepted
7,2018-12-16 20:13:05.10925,,,,,,f,,{},31JLPPHS2VNFPOCA7KIHV2N3FLXO3H,AssignmentAccepted
8,2018-12-16 20:13:10.634208,,,,,,f,,{},3J2UYBXQQM5TJQ79O1E4C435R9K60G,AssignmentAccepted
9,2018-12-16 20:16:15.830332,,,,,,f,,{},3X65QVEQI1GVW35WNLDQWON3QT5LCV,AssignmentReturned
10,2018-12-16 20:16:57.089293,,,,,,f,,{},320DUZ38G8F2IPX1MMXW60VQKWTJG2,AssignmentAccepted
11,2018-12-16 20:20:25.836961,,,,,,f,,{},3M0NZ3JDP2RU27DLNCHRQXSRDLS5ZR,AssignmentReturned
12,2018-12-16 20:20:42.930503,,,,,,f,,{},3M0NZ3JDP2RU27DLNCHRQXSRDLS5ZR,AssignmentAccepted
13,2018-12-16 20:22:12.421142,,,,,,f,,{},3M0NZ3JDP2RU27DLNCHRQXSRDLS5ZR,AssignmentSubmitted
14,2018-12-16 20:29:11.309043,,,,,,f,,{},3J2UYBXQQM5TJQ79O1E4C435R9K60G,AssignmentSubmitted
15,2018-12-16 20:30:56.157331,,,,,,f,,{},320DUZ38G8F2IPX1MMXW60VQKWTJG2,AssignmentSubmitted
16,2018-12-16 20:31:02.844684,,,,,,f,,{},3QHK8ZVMINBCMYDQ9LHVL4HL885LBO,AssignmentSubmitted
17,2018-12-16 20:31:13.785099,,,,,,f,,{},31JLPPHS2VNFPOCA7KIHV2N3FLXO3H,AssignmentSubmitted
18,2018-12-16 20:31:13.849589,,,,,,f,,{},3WOKGM4L729J8WDDOX0YT4PWC9DO0M,AssignmentSubmitted
19,2018-12-16 20:43:02.905918,,,,,,f,,{},3MD9PLUKKJ7YSWJRRCDDKESD46RNZY,AssignmentAbandoned
20,2018-12-16 20:43:03.003954,,,,,,f,,{},3QECW5O0KIUYGV4MHKS949RASP5T5Y,AssignmentAbandoned
21,2018-12-16 20:43:06.99916,,,,,,f,,{},3MD9PLUKKJ7YSWJRRCDDKESD46RNZY,AssignmentAccepted
22,2018-12-16 20:43:07.026787,,,,,,f,,{},3QECW5O0KIUYGV4MHKS949RASP5T5Y,AssignmentAccepted
23,2018-12-16 20:58:13.157111,,,,,,f,,{},3MD9PLUKKJ7YSWJRRCDDKESD46RNZY,AssignmentReturned
24,2018-12-16 20:58:22.952308,,,,,,f,,{},3MD9PLUKKJ7YSWJRRCDDKESD46RNZY,AssignmentAccepted
