id,creation_time,property1,property2,property3,property4,property5,failed,time_of_death,details,type,fingerprint_hash,recruiter_id,worker_id,assignment_id,unique_id,hit_id,mode,end_time,base_pay,bonus,status
1,2018-12-16 20:13:43.633408,,,,,,f,,{},participant,undefined,mturk,1,3X65QVEQI1GVW35WNLDQWON3QT5LCV,1:3X65QVEQI1GVW35WNLDQWON3QT5LCV,337F8MIIMZ6CHJ51FBGNRMN4FY440H,undefined,2018-12-16 20:16:15.904835,,,returned
4,2018-12-16 20:20:34.669478,,,,,,f,,{},participant,undefined,mturk,4,3WOKGM4L729J8WDDOX0YT4PWC9DO0M,4:3WOKGM4L729J8WDDOX0YT4PWC9DO0M,337F8MIIMZ6CHJ51FBGNRMN4FY440H,undefined,2018-12-16 20:31:13.855768,1,1.32,approved
8,2018-12-16 20:45:15.149122,,,,,,f,,{},participant,undefined,mturk,8,3MD9PLUKKJ7YSWJRRCDDKESD46RNZY,8:3MD9PLUKKJ7YSWJRRCDDKESD46RNZY,337F8MIIMZ6CHJ51FBGNRMN4FY440H,undefined,,,,overrecruited
6,2018-12-16 20:21:51.678738,,,,,,f,,{},participant,undefined,mturk,6,3M0NZ3JDP2RU27DLNCHRQXSRDLS5ZR,6:3M0NZ3JDP2RU27DLNCHRQXSRDLS5ZR,337F8MIIMZ6CHJ51FBGNRMN4FY440H,undefined,2018-12-16 20:22:12.427326,1,0,approved
9,2018-12-16 20:55:19.746825,,,,,,f,,{},participant,undefined,mturk,9,3QECW5O0KIUYGV4MHKS949RASP5T5Y,9:3QECW5O0KIUYGV4MHKS949RASP5T5Y,337F8MIIMZ6CHJ51FBGNRMN4FY440H,undefined,2018-12-16 20:55:20.719888,,,overrecruited
7,2018-12-16 20:27:49.917607,,,,,,f,,{},participant,undefined,mturk,7,3J2UYBXQQM5TJQ79O1E4C435R9K60G,7:3J2UYBXQQM5TJQ79O1E4C435R9K60G,337F8MIIMZ6CHJ51FBGNRMN4FY440H,undefined,2018-12-16 20:29:11.315497,1,0,approved
10,2018-12-16 20:58:57.213737,,,,,,f,,{},participant,undefined,mturk,10,3MD9PLUKKJ7YSWJRRCDDKESD46RNZY,10:3MD9PLUKKJ7YSWJRRCDDKESD46RNZY,337F8MIIMZ6CHJ51FBGNRMN4FY440H,undefined,2018-12-16 20:59:02.081497,,,overrecruited
3,2018-12-16 20:17:20.457995,,,,,,f,,{},participant,undefined,mturk,3,320DUZ38G8F2IPX1MMXW60VQKWTJG2,3:320DUZ38G8F2IPX1MMXW60VQKWTJG2,337F8MIIMZ6CHJ51FBGNRMN4FY440H,undefined,2018-12-16 20:30:56.163556,1,1.31,approved
2,2018-12-16 20:13:49.235912,,,,,,f,,{},participant,undefined,mturk,2,3QHK8ZVMINBCMYDQ9LHVL4HL885LBO,2:3QHK8ZVMINBCMYDQ9LHVL4HL885LBO,337F8MIIMZ6CHJ51FBGNRMN4FY440H,undefined,2018-12-16 20:31:02.853697,1,1.31,approved
5,2018-12-16 20:20:39.921103,,,,,,f,,{},participant,undefined,mturk,5,31JLPPHS2VNFPOCA7KIHV2N3FLXO3H,5:31JLPPHS2VNFPOCA7KIHV2N3FLXO3H,337F8MIIMZ6CHJ51FBGNRMN4FY440H,undefined,2018-12-16 20:31:13.791631,1,1.32,approved
