id,creation_time,property1,property2,property3,property4,property5,failed,time_of_death,details,type,participant_id,number,question,response
1,2018-12-16 20:30:49.017591,,,,,,f,,{},question,3,1,questionnaire,"{""engagement"":""6"",""difficulty"":""5""}"
2,2018-12-16 20:30:50.909776,,,,,,f,,{},question,2,1,questionnaire,"{""engagement"":""7"",""difficulty"":""5""}"
3,2018-12-16 20:30:51.084911,,,,,,f,,{},question,5,1,questionnaire,"{""engagement"":""7"",""difficulty"":""4""}"
4,2018-12-16 20:31:01.262718,,,,,,f,,{},question,4,1,questionnaire,"{""engagement"":""7"",""difficulty"":""1""}"
