id,creation_time,property1,property2,property3,property4,property5,failed,time_of_death,details,assignment_id,event_type
1,2018-12-14 18:09:23.505573,,,,,,f,,{},39DD6S19JQ4UYQ6EYDAUURY4Q50ZED,AssignmentAccepted
2,2018-12-14 18:09:23.526025,,,,,,f,,{},3Z4XG4ZF49KOKUW8KS095WM7724X8F,AssignmentAccepted
3,2018-12-14 18:09:23.552556,,,,,,f,,{},3VHHR074H4APKMA0W45FG2VPP9OL7U,AssignmentAccepted
4,2018-12-14 18:09:23.698287,,,,,,f,,{},39DD6S19JQ4UYQ6EYDAUURY4Q50EZS,AssignmentAccepted
5,2018-12-14 18:09:23.73145,,,,,,f,,{},3GS6S824SRQUY1EMGPT6LAYVNVXNW0,AssignmentAccepted
6,2018-12-14 18:09:23.75512,,,,,,f,,{},30X31N5D64JU713ONGE02FBAIB2SA6,AssignmentAccepted
7,2018-12-14 18:09:23.814819,,,,,,f,,{},3WMINLGALCWE0KESQUO0NA7SW8GACU,AssignmentAccepted
8,2018-12-14 18:09:24.544155,,,,,,f,,{},304SM51WA4XZQB8GTUEWXQVG0TNSB1,AssignmentAccepted
9,2018-12-14 18:09:45.077643,,,,,,f,,{},3NLZY2D53QIZQ4FFS3ELGTCKUYELQO,AssignmentSubmitted
10,2018-12-14 18:10:00.671504,,,,,,f,,{},34X6J5FLPURTVERFPI280EZSQABQJV,AssignmentAccepted
11,2018-12-14 18:10:00.744228,,,,,,f,,{},3WOKGM4L729J8WDDOX0YT4PWC0NO0E,AssignmentAccepted
12,2018-12-14 18:10:24.114702,,,,,,f,,{},34T446B1C17IZ7GAYSR7Y4VFNL2C01,AssignmentSubmitted
13,2018-12-14 18:10:24.151478,,,,,,f,,{},34X6J5FLPURTVERFPI280EZSQABQJV,AssignmentSubmitted
14,2018-12-14 18:10:24.191321,,,,,,f,,{},3ZSY5X72NY478QXCIAJDD0QJLQMORC,AssignmentSubmitted
15,2018-12-14 18:11:54.830751,,,,,,f,,{},3WOKGM4L729J8WDDOX0YT4PWC0NO0E,AssignmentSubmitted
16,2018-12-14 18:12:51.104807,,,,,,f,,{},3Z4XG4ZF49KOKUW8KS095WM7724X8F,AssignmentSubmitted
17,2018-12-14 18:13:18.168947,,,,,,f,,{},3NGMS9VZTMBGZNFASC0T9H3MQ1KFFM,AssignmentSubmitted
18,2018-12-14 18:13:47.785653,,,,,,f,,{},30X31N5D64JU713ONGE02FBAIB2SA6,AssignmentReturned
19,2018-12-14 18:13:51.300248,,,,,,f,,{},30X31N5D64JU713ONGE02FBAIB2SA6,AssignmentAccepted
20,2018-12-14 18:13:52.856782,,,,,,f,,{},3VAR3R6G1QU1QLIGJ1DDMJVEVXW8OG,AssignmentSubmitted
21,2018-12-14 18:15:06.662841,,,,,,f,,{},3R6BYFZZP85XZ96VS66FFO3TU6GXFV,AssignmentSubmitted
22,2018-12-14 18:15:28.158285,,,,,,f,,{},3W2LOLRXLC8OIZCXKIRK6J9A1LCRKV,AssignmentSubmitted
23,2018-12-14 18:15:29.13996,,,,,,f,,{},3LYA37P8IRG12SV8OL5U6446JZ9KBB,AssignmentSubmitted
24,2018-12-14 18:15:29.169973,,,,,,f,,{},35L9RVQFCPBPW136IRJSY2G2G3CHUL,AssignmentSubmitted
25,2018-12-14 18:15:45.25588,,,,,,f,,{},36V4Q8R5ZLTJWMX0SFF0G6R9U45MQU,AssignmentSubmitted
26,2018-12-14 18:15:45.296852,,,,,,f,,{},3ERET4BTVN2IEZGBQ1RYFY9GVZ6K91,AssignmentSubmitted
27,2018-12-14 18:15:45.32602,,,,,,f,,{},3EJJQNKU9SYXG9BPEXONTRTI948HRH,AssignmentSubmitted
28,2018-12-14 18:15:45.363473,,,,,,f,,{},3OSWBBLG1FQ01PSZ10BPRO08IT0XDK,AssignmentSubmitted
29,2018-12-14 18:15:45.392151,,,,,,f,,{},35K3O9HUAC6OT9FEX1GNRZIME05FE4,AssignmentSubmitted
30,2018-12-14 18:15:50.901949,,,,,,f,,{},3WMINLGALCWE0KESQUO0NA7SW8GACU,AssignmentSubmitted
31,2018-12-14 18:15:50.991012,,,,,,f,,{},32VNZTT0A8X34XNUZQ44Z2KE4YIR4Z,AssignmentSubmitted
32,2018-12-14 18:16:13.709792,,,,,,f,,{},3GS6S824SRQUY1EMGPT6LAYVNVXNW0,AssignmentSubmitted
33,2018-12-14 18:16:13.801392,,,,,,f,,{},3B1NLC6UG0PY400ZHZ2G3WH2TLYGPE,AssignmentSubmitted
34,2018-12-14 18:17:30.252217,,,,,,f,,{},3YT88D1N09RWZXRV9SQOOL6UV6RK3D,AssignmentSubmitted
35,2018-12-14 18:18:12.258248,,,,,,f,,{},3W92K5RLWVADTN8BMFSO5RFVP0S5VD,AssignmentSubmitted
36,2018-12-14 18:18:41.255371,,,,,,f,,{},3FTYUGLFSVERZ68PVUSUZ59OPTOD5M,AssignmentSubmitted
37,2018-12-14 18:37:25.850247,,,,,,f,,{},3VHHR074H4APKMA0W45FG2VPP9OL7U,AssignmentReturned
38,2018-12-14 18:37:44.973603,,,,,,f,,{},3VHHR074H4APKMA0W45FG2VPP9OL7U,AssignmentAccepted
