id,creation_time,property1,property2,property3,property4,property5,failed,time_of_death,details,type,fingerprint_hash,recruiter_id,worker_id,assignment_id,unique_id,hit_id,mode,end_time,base_pay,bonus,status
5,2018-12-14 18:12:36.737868,,,,,,f,,{},participant,undefined,mturk,5,3Z4XG4ZF49KOKUW8KS095WM7724X8F,5:3Z4XG4ZF49KOKUW8KS095WM7724X8F,3EHIMLB7F7SOBKYZPMDLEQ2Q2T6H8Q,undefined,2018-12-14 18:12:51.111076,1,0,approved
6,2018-12-14 18:15:42.289007,,,,,,f,,{},participant,undefined,mturk,6,3WMINLGALCWE0KESQUO0NA7SW8GACU,6:3WMINLGALCWE0KESQUO0NA7SW8GACU,3EHIMLB7F7SOBKYZPMDLEQ2Q2T6H8Q,undefined,2018-12-14 18:15:50.907861,1,0,approved
7,2018-12-14 18:15:45.780504,,,,,,f,,{},participant,undefined,mturk,7,3GS6S824SRQUY1EMGPT6LAYVNVXNW0,7:3GS6S824SRQUY1EMGPT6LAYVNVXNW0,3EHIMLB7F7SOBKYZPMDLEQ2Q2T6H8Q,undefined,2018-12-14 18:16:13.715855,1,0,approved
8,2018-12-14 18:23:15.330492,,,,,,f,,{},participant,undefined,mturk,8,30X31N5D64JU713ONGE02FBAIB2SA6,8:30X31N5D64JU713ONGE02FBAIB2SA6,3EHIMLB7F7SOBKYZPMDLEQ2Q2T6H8Q,undefined,2018-12-14 18:23:18.770778,,,overrecruited
4,2018-12-14 18:12:34.936589,,,,,,f,,{},participant,undefined,mturk,4,3VHHR074H4APKMA0W45FG2VPP9OL7U,4:3VHHR074H4APKMA0W45FG2VPP9OL7U,3EHIMLB7F7SOBKYZPMDLEQ2Q2T6H8Q,undefined,2018-12-14 18:37:25.911956,,,returned
9,2018-12-14 18:37:59.382673,,,,,,f,,{},participant,undefined,mturk,9,3VHHR074H4APKMA0W45FG2VPP9OL7U,9:3VHHR074H4APKMA0W45FG2VPP9OL7U,3EHIMLB7F7SOBKYZPMDLEQ2Q2T6H8Q,undefined,2018-12-14 18:38:01.114954,,,overrecruited
1,2018-12-14 18:10:10.341088,,,,,,f,,{},participant,undefined,mturk,1,304SM51WA4XZQB8GTUEWXQVG0TNSB1,1:304SM51WA4XZQB8GTUEWXQVG0TNSB1,3EHIMLB7F7SOBKYZPMDLEQ2Q2T6H8Q,undefined,2018-12-14 18:22:47.301903,,,approved
2,2018-12-14 18:10:50.227791,,,,,,f,,{},participant,undefined,mturk,2,39DD6S19JQ4UYQ6EYDAUURY4Q50EZS,2:39DD6S19JQ4UYQ6EYDAUURY4Q50EZS,3EHIMLB7F7SOBKYZPMDLEQ2Q2T6H8Q,undefined,2018-12-14 18:22:54.657175,,,approved
3,2018-12-14 18:11:29.032384,,,,,,f,,{},participant,undefined,mturk,3,39DD6S19JQ4UYQ6EYDAUURY4Q50ZED,3:39DD6S19JQ4UYQ6EYDAUURY4Q50ZED,3EHIMLB7F7SOBKYZPMDLEQ2Q2T6H8Q,undefined,2018-12-14 18:22:47.198493,,,approved
