id,creation_time,property1,property2,property3,property4,property5,failed,time_of_death,details,assignment_id,event_type
1,2018-12-14 16:36:12.276151,,,,,,f,,{},3Y9N9SS8LZ4OLRLLHB41K8B4BXM3DB,AssignmentAccepted
2,2018-12-14 16:36:22.110315,,,,,,f,,{},3O6CYIULEEU7TRYVDQ5SZ5QPVQBWUK,AssignmentAccepted
3,2018-12-14 16:36:22.405007,,,,,,f,,{},3YWRV122CTSW3Q2DFNPMLPN3DJ8U83,AssignmentAccepted
4,2018-12-14 16:36:22.493863,,,,,,f,,{},34Q075JO1Y6YC46CIV2NH8COJOZ10O,AssignmentAccepted
5,2018-12-14 16:36:22.557429,,,,,,f,,{},3X66WABAJXBRXBVCJ159QTE1OP23GL,AssignmentAccepted
6,2018-12-14 16:36:22.593619,,,,,,f,,{},30LB5CDZND3V70RKQ6BF92W0W3C0ZC,AssignmentAccepted
7,2018-12-14 16:36:22.626277,,,,,,f,,{},3QJOXOW4XKKUZJ7VJOK0MP2VB03ME2,AssignmentAccepted
8,2018-12-14 16:36:22.801231,,,,,,f,,{},308XBLVESJXNPW83E5ER7GQKEQPRBV,AssignmentAccepted
9,2018-12-14 16:36:22.835281,,,,,,f,,{},3TVSS0C0E2TSTEJ6DLFIU94NCC4WTT,AssignmentAccepted
10,2018-12-14 16:36:22.868099,,,,,,f,,{},3ZQIG0FLQF9766NVIGFXVRS89XKWV9,AssignmentAccepted
11,2018-12-14 16:36:22.901048,,,,,,f,,{},3OB0CAO74II6DANBSSGH1NMFCQ9YHK,AssignmentAccepted
12,2018-12-14 16:36:25.128926,,,,,,f,,{},3WAKVUDHUX9S3CXU5IXG7PR82Z2U7G,AssignmentAccepted
13,2018-12-14 16:36:25.162055,,,,,,f,,{},3GGAI1SQEWRF2LNHNXE5W12SQOQMC9,AssignmentAccepted
14,2018-12-14 16:36:25.201871,,,,,,f,,{},3PIWWX1FJKZC9RN2USIZ3DN6CE4JJG,AssignmentAccepted
15,2018-12-14 16:36:25.234044,,,,,,f,,{},3L4D84MIL0LGILSC6SFER07RZM0JHB,AssignmentAccepted
16,2018-12-14 16:36:25.266242,,,,,,f,,{},3I0BTBYZAYEV2AHFUK9WVVNYQ980YL,AssignmentAccepted
17,2018-12-14 16:39:07.035501,,,,,,f,,{},3V5Q80FXIYK1IHN5KMKKOPK0E6S23W,AssignmentSubmitted
18,2018-12-14 16:39:59.099997,,,,,,f,,{},3CFJTT4SXUJNUL2UB182OM3X84D7IJ,AssignmentSubmitted
19,2018-12-14 16:40:02.153708,,,,,,f,,{},3EQHHY4HQTLUBQIGXKT25QCL2LQ5GA,AssignmentSubmitted
20,2018-12-14 16:40:06.203418,,,,,,f,,{},37M28K1J0R618YKY0M5MAEKNMR8AJP,AssignmentSubmitted
21,2018-12-14 16:40:06.242148,,,,,,f,,{},3TPWUS5F8AUB7XHVRZKS5Z4JOQ2CWO,AssignmentSubmitted
22,2018-12-14 16:40:14.484313,,,,,,f,,{},3KGTPGBS6YELHB0OZ6GLBYA0RJE2U6,AssignmentSubmitted
23,2018-12-14 16:40:14.518861,,,,,,f,,{},3QY7M81QH8FE0GSIB4TE12IA0827KU,AssignmentSubmitted
24,2018-12-14 16:40:14.557078,,,,,,f,,{},378XPAWRUD65DN0SI4KMYD5N9CJAID,AssignmentSubmitted
25,2018-12-14 16:40:21.351526,,,,,,f,,{},3XUHV3NRVLR8BMDRHQBKQQOMHL35H9,AssignmentSubmitted
26,2018-12-14 16:40:37.753012,,,,,,f,,{},3Q5ZZ9ZEVP8FIBCYEMHEDDVNE2E85Y,AssignmentSubmitted
27,2018-12-14 16:40:54.200265,,,,,,f,,{},38BQUHLA9XTGBAKKD2NWR1W9F27MO4,AssignmentSubmitted
28,2018-12-14 16:42:45.81173,,,,,,f,,{},3SEPORI8WOSR8DP2I888Y88D5PNAZC,AssignmentSubmitted
29,2018-12-14 16:42:54.696528,,,,,,f,,{},3B2X28YI3X8U3DAJMHBTWLZOI3AB6G,AssignmentSubmitted
30,2018-12-14 16:43:05.24464,,,,,,f,,{},3RJSC4XJ11NX0M7VJI4ZKYP5V43054,AssignmentSubmitted
31,2018-12-14 16:46:43.304062,,,,,,f,,{},3ZQIG0FLQF9766NVIGFXVRS89XKWV9,AssignmentReturned
32,2018-12-14 17:06:29.01767,,,,,,f,,{},3O6CYIULEEU7TRYVDQ5SZ5QPVQBWUK,AssignmentAbandoned
33,2018-12-14 17:06:35.748535,,,,,,f,,{},3OB0CAO74II6DANBSSGH1NMFCQ9YHK,AssignmentAbandoned
34,2018-12-14 17:07:03.99964,,,,,,f,,{},3OB0CAO74II6DANBSSGH1NMFCQ9YHK,AssignmentAccepted
