id,creation_time,property1,property2,property3,property4,property5,failed,time_of_death,details,type,fingerprint_hash,recruiter_id,worker_id,assignment_id,unique_id,hit_id,mode,end_time,base_pay,bonus,status
9,2018-12-14 16:47:55.620638,,,,,,f,,{},participant,undefined,mturk,9,3YWRV122CTSW3Q2DFNPMLPN3DJ8U83,9:3YWRV122CTSW3Q2DFNPMLPN3DJ8U83,3S4TINXCC0GH5ZITWBSLP1PSMLXBOZ,undefined,2018-12-14 16:47:58.080309,,,overrecruited
10,2018-12-14 16:50:23.770096,,,,,,f,,{},participant,undefined,mturk,10,3I0BTBYZAYEV2AHFUK9WVVNYQ980YL,10:3I0BTBYZAYEV2AHFUK9WVVNYQ980YL,3S4TINXCC0GH5ZITWBSLP1PSMLXBOZ,undefined,2018-12-14 16:50:25.318562,,,overrecruited
11,2018-12-14 16:50:53.18888,,,,,,f,,{},participant,undefined,mturk,11,3PIWWX1FJKZC9RN2USIZ3DN6CE4JJG,11:3PIWWX1FJKZC9RN2USIZ3DN6CE4JJG,3S4TINXCC0GH5ZITWBSLP1PSMLXBOZ,undefined,2018-12-14 16:50:54.472996,,,overrecruited
12,2018-12-14 16:51:08.435827,,,,,,f,,{},participant,undefined,mturk,12,3QJOXOW4XKKUZJ7VJOK0MP2VB03ME2,12:3QJOXOW4XKKUZJ7VJOK0MP2VB03ME2,3S4TINXCC0GH5ZITWBSLP1PSMLXBOZ,undefined,2018-12-14 16:51:11.180597,,,overrecruited
5,2018-12-14 16:38:57.08952,,,,,,f,,{},participant,undefined,mturk,5,3Y9N9SS8LZ4OLRLLHB41K8B4BXM3DB,5:3Y9N9SS8LZ4OLRLLHB41K8B4BXM3DB,3S4TINXCC0GH5ZITWBSLP1PSMLXBOZ,undefined,2018-12-14 16:51:54.402234,,,approved
15,2018-12-14 17:11:08.831408,,,,,,f,,{},participant,undefined,mturk,15,3OB0CAO74II6DANBSSGH1NMFCQ9YHK,15:3OB0CAO74II6DANBSSGH1NMFCQ9YHK,3S4TINXCC0GH5ZITWBSLP1PSMLXBOZ,undefined,2018-12-14 17:11:13.480866,,,overrecruited
6,2018-12-14 16:40:11.452582,,,,,,f,,{},participant,undefined,mturk,6,308XBLVESJXNPW83E5ER7GQKEQPRBV,6:308XBLVESJXNPW83E5ER7GQKEQPRBV,3S4TINXCC0GH5ZITWBSLP1PSMLXBOZ,undefined,2018-12-14 16:51:46.392155,,,approved
13,2018-12-14 16:52:30.582193,,,,,,f,,{},participant,undefined,mturk,13,3WAKVUDHUX9S3CXU5IXG7PR82Z2U7G,13:3WAKVUDHUX9S3CXU5IXG7PR82Z2U7G,3S4TINXCC0GH5ZITWBSLP1PSMLXBOZ,undefined,2018-12-14 16:52:31.845845,,,overrecruited
14,2018-12-14 17:08:08.790662,,,,,,f,,{},participant,undefined,mturk,14,3MB8LZR5BGMDF1HKFYUOK70BVSBKLK,14:3MB8LZR5BGMDF1HKFYUOK70BVSBKLK,3S4TINXCC0GH5ZITWBSLP1PSMLXBOZ,undefined,2018-12-14 17:08:27.847022,,,overrecruited
2,2018-12-14 16:37:09.463662,,,,,,f,,{},participant,undefined,mturk,2,3L4D84MIL0LGILSC6SFER07RZM0JHB,2:3L4D84MIL0LGILSC6SFER07RZM0JHB,3S4TINXCC0GH5ZITWBSLP1PSMLXBOZ,undefined,2018-12-14 16:51:44.013688,,,approved
1,2018-12-14 16:37:06.575846,,,,,,f,,{},participant,undefined,mturk,1,3GGAI1SQEWRF2LNHNXE5W12SQOQMC9,1:3GGAI1SQEWRF2LNHNXE5W12SQOQMC9,3S4TINXCC0GH5ZITWBSLP1PSMLXBOZ,undefined,2018-12-14 16:51:45.139275,,,approved
3,2018-12-14 16:37:40.717629,,,,,,f,,{},participant,undefined,mturk,3,3X66WABAJXBRXBVCJ159QTE1OP23GL,3:3X66WABAJXBRXBVCJ159QTE1OP23GL,3S4TINXCC0GH5ZITWBSLP1PSMLXBOZ,undefined,2018-12-14 16:51:44.101567,,,approved
4,2018-12-14 16:38:10.727094,,,,,,f,,{},participant,undefined,mturk,4,3TVSS0C0E2TSTEJ6DLFIU94NCC4WTT,4:3TVSS0C0E2TSTEJ6DLFIU94NCC4WTT,3S4TINXCC0GH5ZITWBSLP1PSMLXBOZ,undefined,2018-12-14 16:51:44.426882,,,approved
7,2018-12-14 16:40:36.99128,,,,,,f,,{},participant,undefined,mturk,7,30LB5CDZND3V70RKQ6BF92W0W3C0ZC,7:30LB5CDZND3V70RKQ6BF92W0W3C0ZC,3S4TINXCC0GH5ZITWBSLP1PSMLXBOZ,undefined,2018-12-14 16:51:43.188553,,,approved
8,2018-12-14 16:41:31.877748,,,,,,f,,{},participant,undefined,mturk,8,34Q075JO1Y6YC46CIV2NH8COJOZ10O,8:34Q075JO1Y6YC46CIV2NH8COJOZ10O,3S4TINXCC0GH5ZITWBSLP1PSMLXBOZ,undefined,2018-12-14 16:51:44.885221,,,approved
16,2018-12-14 18:15:53.943091,,,,,,f,,{},participant,undefined,mturk,16,3B1NLC6UG0PY400ZHZ2G3WH2TLYGPE,16:3B1NLC6UG0PY400ZHZ2G3WH2TLYGPE,3S4TINXCC0GH5ZITWBSLP1PSMLXBOZ,undefined,2018-12-14 18:15:54.926615,,,overrecruited
