id,creation_time,property1,property2,property3,property4,property5,failed,time_of_death,details,type,participant_id,number,question,response
1,2018-12-14 16:51:43.010472,,,,,,f,,{},question,7,1,questionnaire,"{""engagement"":""4"",""difficulty"":""1""}"
2,2018-12-14 16:51:43.793414,,,,,,f,,{},question,2,1,questionnaire,"{""engagement"":""7"",""difficulty"":""1""}"
3,2018-12-14 16:51:43.965672,,,,,,f,,{},question,3,1,questionnaire,"{""engagement"":""7"",""difficulty"":""3""}"
4,2018-12-14 16:51:44.331073,,,,,,f,,{},question,4,1,questionnaire,"{""engagement"":""7"",""difficulty"":""5""}"
5,2018-12-14 16:51:44.720856,,,,,,f,,{},question,8,1,questionnaire,"{""engagement"":""7"",""difficulty"":""3""}"
6,2018-12-14 16:51:45.082569,,,,,,f,,{},question,1,1,questionnaire,"{""engagement"":""7"",""difficulty"":""5""}"
7,2018-12-14 16:51:46.286895,,,,,,f,,{},question,6,1,questionnaire,"{""engagement"":""7"",""difficulty"":""1""}"
8,2018-12-14 16:51:53.955359,,,,,,f,,{},question,5,1,questionnaire,"{""engagement"":""6"",""difficulty"":""7""}"
