id,creation_time,property1,property2,property3,property4,property5,failed,time_of_death,details,assignment_id,event_type
1,2018-12-14 03:50:43.803748,,,,,,f,,{},33CID57105M7J39DUS2P3LJ9K133LW,AssignmentAccepted
2,2018-12-14 03:50:43.843752,,,,,,f,,{},3ZPPDN2SLWPFSZO1UFGVH3WBBWCE91,AssignmentAccepted
3,2018-12-14 03:50:43.876194,,,,,,f,,{},3K3R2QNK8CWWHVLNKFV0LLIEXK5U9X,AssignmentAccepted
4,2018-12-14 03:50:43.913892,,,,,,f,,{},3AZHRG4CU5DUM7KR5ZG651RLH3S03K,AssignmentAccepted
5,2018-12-14 03:50:43.952169,,,,,,f,,{},3MMN5BL1W0XRPLRYU4343YYYK6T3MY,AssignmentAccepted
6,2018-12-14 03:50:43.989023,,,,,,f,,{},37TRT2X24RK6R8PQ605I5P4T44BBJT,AssignmentAccepted
7,2018-12-14 03:50:44.026081,,,,,,f,,{},3QHK8ZVMINBCMYDQ9LHVL4HL8TGBLV,AssignmentAccepted
8,2018-12-14 03:50:45.629972,,,,,,f,,{},3TMFV4NEP979VURIAN4N3D80YUZ8WM,AssignmentAccepted
9,2018-12-14 03:50:45.808082,,,,,,f,,{},31JLPPHS2VNFPOCA7KIHV2N3F683OD,AssignmentAccepted
10,2018-12-14 03:50:45.844942,,,,,,f,,{},3WRFBPLXRBHX73CY65I4GDNYPW33NY,AssignmentAccepted
11,2018-12-14 03:50:46.263643,,,,,,f,,{},3X08E93BHWBOX1TOQQULL5DW4XG66X,AssignmentAccepted
12,2018-12-14 03:50:46.300875,,,,,,f,,{},30IQTZXKALZ625R5PONUCHGPOYT0XK,AssignmentAccepted
13,2018-12-14 03:50:46.337777,,,,,,f,,{},3RJSC4XJ11NX0M7VJI4ZKYP5VZJ05A,AssignmentAccepted
14,2018-12-14 03:50:46.376435,,,,,,f,,{},3TPZPLC3M15XAOOBMKVWK2STPB43PU,AssignmentAccepted
15,2018-12-14 03:50:46.979984,,,,,,f,,{},36WLNQG7803YGS3YSZUR89R1ZWFEBB,AssignmentAccepted
16,2018-12-14 03:50:47.017839,,,,,,f,,{},3YT88D1N09RWZXRV9SQOOL6UV1Y3KT,AssignmentAccepted
17,2018-12-14 03:50:47.071049,,,,,,f,,{},33CKWXB73KDYJTRUEE6NVDVYOBK11W,AssignmentAccepted
18,2018-12-14 03:50:47.107991,,,,,,f,,{},39GXDJN2OU7WG5RDKDZRHBPMRLX8VC,AssignmentAccepted
19,2018-12-14 03:50:47.36985,,,,,,f,,{},3RANCT1ZVGAF5O0KIZ9WCRD4LK8UB7,AssignmentAccepted
20,2018-12-14 03:50:47.415072,,,,,,f,,{},3YZ8UPK3VUFYFTSQWZ5RNBJM358UCE,AssignmentAccepted
21,2018-12-14 03:50:49.086274,,,,,,f,,{},3D3VGR7TA18IM14QZCZLPXS8QTS3RM,AssignmentAccepted
22,2018-12-14 03:50:50.123932,,,,,,f,,{},3OONKJ5DKDCKSJGNMDXNDLLF3YLBOC,AssignmentAccepted
23,2018-12-14 03:50:50.163649,,,,,,f,,{},34V1S5K3GTUBFKVMOXXX5F4YUYO698,AssignmentAccepted
24,2018-12-14 03:50:51.158088,,,,,,f,,{},3J2UYBXQQM5TJQ79O1E4C435RUU06Q,AssignmentAccepted
25,2018-12-14 03:50:51.79032,,,,,,f,,{},324G5B4FB41CNQLE7BJWII31M5E07P,AssignmentAccepted
26,2018-12-14 03:51:02.930169,,,,,,f,,{},3ZR9AIQJUC2F433V5DLPF6JRV3O409,AssignmentAccepted
27,2018-12-14 03:51:02.967495,,,,,,f,,{},3SUWZRL0MZ6SAGM3W8DJXT59LV46EI,AssignmentAccepted
28,2018-12-14 03:51:03.720508,,,,,,f,,{},3YW4XOSQKREESQISG2G76F0VZ7EU1J,AssignmentSubmitted
29,2018-12-14 03:51:05.176051,,,,,,f,,{},3YDTZAI2WY9FBSOD1WPPTB210VU149,AssignmentAccepted
30,2018-12-14 03:51:08.569898,,,,,,f,,{},3LBXNTKX0SOOYZFIPK6N5SHIR2MX9S,AssignmentAccepted
31,2018-12-14 03:51:08.613757,,,,,,f,,{},3PW9OPU9PRD58E9QXI610W53GHY12D,AssignmentAccepted
32,2018-12-14 03:51:08.650053,,,,,,f,,{},37C0GNLMHGWNIA830D2ZRBNOLJ36DP,AssignmentAccepted
33,2018-12-14 03:51:31.234215,,,,,,f,,{},3HFNH7HEMI7J4C1EHCH5317CYCTQGE,AssignmentSubmitted
34,2018-12-14 03:51:31.271166,,,,,,f,,{},3YZ8UPK3VUFYFTSQWZ5RNBJM357UCD,AssignmentSubmitted
35,2018-12-14 03:51:43.137461,,,,,,f,,{},3C5W7UE9CGJ35JYCETASAEN2R1UMXH,AssignmentAccepted
36,2018-12-14 03:52:18.917637,,,,,,f,,{},3L4PIM1GQU9J241EOXSBFROLZTJYRH,AssignmentSubmitted
37,2018-12-14 03:52:34.645092,,,,,,f,,{},37C0GNLMHGWNIA830D2ZRBNOLJ36DP,AssignmentReturned
38,2018-12-14 03:52:55.857057,,,,,,f,,{},3U0SRXB7CEYPQ5X0HVJ0YBQEVAJNRM,AssignmentAccepted
39,2018-12-14 03:53:13.261107,,,,,,f,,{},3FTOP5WARGH57LMG8K8TL88AD0EJ0F,AssignmentAccepted
40,2018-12-14 03:53:22.413162,,,,,,f,,{},3D3VGR7TA18IM14QZCZLPXS8QTS3RM,AssignmentSubmitted
41,2018-12-14 03:53:22.505974,,,,,,f,,{},3VHHR074H4APKMA0W45FG2VPP2LL7D,AssignmentSubmitted
42,2018-12-14 03:53:33.924527,,,,,,f,,"{""feedback"": """", ""error_text"": ""There has been an error and so you are unable to\r\n        continue, sorry!"", ""error_type"": ""already_started_exp_mturk"", ""request_data"": {""hit_id"": null, ""worker_id"": null, ""participant_id"": null}}",unknown,ExperimentError
43,2018-12-14 03:53:45.090052,,,,,,f,,{},3WRFBPLXRBHX73CY65I4GDNYPW33NY,AssignmentSubmitted
44,2018-12-14 03:53:46.997759,,,,,,f,,{},3PW9OPU9PRD58E9QXI610W53GHY12D,AssignmentReturned
45,2018-12-14 03:53:49.051637,,,,,,f,,{},3SUWZRL0MZ6SAGM3W8DJXT59LV46EI,AssignmentReturned
46,2018-12-14 03:54:13.475646,,,,,,f,,{},31IBVUNM9TS5VK10SR5XR368EPAVFG,AssignmentAccepted
47,2018-12-14 03:54:20.549858,,,,,,f,,{},3XIQGXAUMD1KKGRPAN83RWQCWBT7XJ,AssignmentSubmitted
48,2018-12-14 03:54:20.587706,,,,,,f,,{},3QHK8ZVMINBCMYDQ9LHVL4HL8TGBLV,AssignmentSubmitted
49,2018-12-14 03:54:36.645772,,,,,,f,,{},3TK8OJTYM2EHMXQU6U123XKCGVXVPJ,AssignmentAccepted
50,2018-12-14 03:55:09.923114,,,,,,f,,"{""feedback"": ""I waited on the \""Progress\"" page for a few minutes, then the window automatically closed and brought me to this page in the original task iframe."", ""error_text"": ""There has been an error and so you are unable to\r\n        continue, sorry!"", ""error_type"": ""already_started_exp_mturk"", ""request_data"": {""hit_id"": null, ""worker_id"": null, ""participant_id"": null}}",unknown,ExperimentError
51,2018-12-14 03:55:18.576971,,,,,,f,,{},3J2UYBXQQM5TJQ79O1E4C435RUU06Q,AssignmentReturned
52,2018-12-14 03:56:07.761655,,,,,,f,,{},31IBVUNM9TS5VK10SR5XR368EPAVFG,AssignmentSubmitted
53,2018-12-14 03:56:12.210891,,,,,,f,,{},3XCC1ODXDM4AT2ASXNBH25LJ0L6RQD,AssignmentAccepted
54,2018-12-14 03:56:20.71956,,,,,,f,,{},3TK8OJTYM2EHMXQU6U123XKCGVXVPJ,AssignmentSubmitted
55,2018-12-14 03:56:38.167661,,,,,,f,,{},3WAKVUDHUX9S3CXU5IXG7PR82UJ7U0,AssignmentAccepted
56,2018-12-14 03:56:47.575001,,,,,,f,,{},3H7XDTSHKDKOO9X0TLGBVQPYMC8WGK,AssignmentSubmitted
57,2018-12-14 03:56:58.810505,,,,,,f,,{},3X08E93BHWBOX1TOQQULL5DW4XG66X,AssignmentSubmitted
58,2018-12-14 03:57:06.338777,,,,,,f,,{},3C8HJ7UOP8NSAEYRFBYD7Z3DZ1QZMP,AssignmentSubmitted
59,2018-12-14 03:57:49.343439,,,,,,f,,{},3LBXNTKX0SOOYZFIPK6N5SHIR2MX9S,AssignmentReturned
60,2018-12-14 03:58:09.829803,,,,,,f,,{},3TPZPLC3M15XAOOBMKVWK2STPB43PU,AssignmentSubmitted
61,2018-12-14 03:58:25.589924,,,,,,f,,{},3AWETUDC93L6EV80UW0LF6WWIS9IZV,AssignmentAccepted
62,2018-12-14 03:58:35.341748,,,,,,f,,{},30LB5CDZND3V70RKQ6BF92W0WYT0ZJ,AssignmentAccepted
63,2018-12-14 03:58:49.307573,,,,,,f,,{},3ND9UOO81LV4A1B14CDR8IU6IUZLWM,AssignmentAccepted
64,2018-12-14 03:59:14.627397,,,,,,f,,{},3XCC1ODXDM4AT2ASXNBH25LJ0L6RQD,AssignmentSubmitted
65,2018-12-14 03:59:14.696694,,,,,,f,,{},37TRT2X24RK6R8PQ605I5P4T44BBJT,AssignmentSubmitted
66,2018-12-14 03:59:14.802032,,,,,,f,,{},3YZ8UPK3VUFYFTSQWZ5RNBJM358UCE,AssignmentSubmitted
67,2018-12-14 03:59:14.896867,,,,,,f,,{},30LB5CDZND3V70RKQ6BF92W0WYT0ZJ,AssignmentSubmitted
68,2018-12-14 03:59:41.669458,,,,,,f,,{},3AWETUDC93L6EV80UW0LF6WWIS9IZV,AssignmentSubmitted
69,2018-12-14 03:59:55.620296,,,,,,f,,{},3ND9UOO81LV4A1B14CDR8IU6IUZLWM,AssignmentReturned
73,2018-12-14 04:00:24.436236,,,,,,f,,{},3WAKVUDHUX9S3CXU5IXG7PR82UJ7U0,AssignmentSubmitted
79,2018-12-14 04:02:59.316753,,,,,,f,,{},36WLNQG7803YGS3YSZUR89R1ZWFEBB,AssignmentSubmitted
80,2018-12-14 04:03:28.934938,,,,,,f,,{},3TMFV4NEP979VURIAN4N3D80YUZ8WM,AssignmentSubmitted
81,2018-12-14 04:03:29.016209,,,,,,f,,{},33CID57105M7J39DUS2P3LJ9K133LW,AssignmentSubmitted
83,2018-12-14 04:03:58.039695,,,,,,f,,{},33CKWXB73KDYJTRUEE6NVDVYOBK11W,AssignmentSubmitted
87,2018-12-14 04:04:42.501817,,,,,,f,,{},34V1S5K3GTUBFKVMOXXX5F4YUYO698,AssignmentSubmitted
70,2018-12-14 04:00:03.627792,,,,,,f,,{},3RJSC4XJ11NX0M7VJI4ZKYP5VZJ05A,AssignmentSubmitted
71,2018-12-14 04:00:03.706547,,,,,,f,,{},3HVVDCPGTFLWIJE6SMX6F6P3NEGYTU,AssignmentSubmitted
72,2018-12-14 04:00:03.746889,,,,,,f,,{},3RANCT1ZVGAF5O0KIZ9WCRD4LK8UB7,AssignmentSubmitted
74,2018-12-14 04:00:27.349971,,,,,,f,,{},3K3R2QNK8CWWHVLNKFV0LLIEXK5U9X,AssignmentSubmitted
75,2018-12-14 04:00:38.303032,,,,,,f,,{},37ZHEEHM6XF84IKBQY1FKG18PH073T,AssignmentAccepted
76,2018-12-14 04:01:34.362831,,,,,,f,,{},3OONKJ5DKDCKSJGNMDXNDLLF3YLBOC,AssignmentSubmitted
77,2018-12-14 04:02:30.655588,,,,,,f,,{},37ZHEEHM6XF84IKBQY1FKG18PH073T,AssignmentSubmitted
78,2018-12-14 04:02:30.733894,,,,,,f,,{},3AZHRG4CU5DUM7KR5ZG651RLH3S03K,AssignmentSubmitted
86,2018-12-14 04:04:28.765832,,,,,,f,,{},31JLPPHS2VNFPOCA7KIHV2N3F683OD,AssignmentSubmitted
89,2018-12-14 04:15:37.482012,,,,,,f,,{},3FTOP5WARGH57LMG8K8TL88AD0EJ0F,AssignmentReturned
91,2018-12-14 04:19:07.356159,,,,,,f,,{},39GXDJN2OU7WG5RDKDZRHBPMRLX8VC,AssignmentReturned
93,2018-12-14 04:20:54.77067,,,,,,f,,{},30IQTZXKALZ625R5PONUCHGPOYT0XK,AssignmentAccepted
95,2018-12-14 04:21:05.045796,,,,,,f,,{},3ZPPDN2SLWPFSZO1UFGVH3WBBWCE91,AssignmentAbandoned
97,2018-12-14 04:50:17.418167,,,,,,f,,{},39GXDJN2OU7WG5RDKDZRHBPMRLX8VC,AssignmentAccepted
82,2018-12-14 04:03:29.093822,,,,,,f,,{},3MMN5BL1W0XRPLRYU4343YYYK6T3MY,AssignmentSubmitted
84,2018-12-14 04:04:13.825567,,,,,,f,,{},3C5W7UE9CGJ35JYCETASAEN2R1UMXH,AssignmentSubmitted
85,2018-12-14 04:04:13.955455,,,,,,f,,{},3ZR9AIQJUC2F433V5DLPF6JRV3O409,AssignmentSubmitted
88,2018-12-14 04:06:53.597817,,,,,,f,,{},3YDTZAI2WY9FBSOD1WPPTB210VU149,AssignmentReturned
90,2018-12-14 04:15:57.361239,,,,,,f,,{},3FTOP5WARGH57LMG8K8TL88AD0EJ0F,AssignmentAccepted
92,2018-12-14 04:19:28.217944,,,,,,f,,{},39GXDJN2OU7WG5RDKDZRHBPMRLX8VC,AssignmentAccepted
94,2018-12-14 04:20:54.87242,,,,,,f,,{},30IQTZXKALZ625R5PONUCHGPOYT0XK,AssignmentAbandoned
96,2018-12-14 04:49:48.407199,,,,,,f,,{},39GXDJN2OU7WG5RDKDZRHBPMRLX8VC,AssignmentAbandoned
