id,creation_time,property1,property2,property3,property4,property5,failed,time_of_death,details,type,fingerprint_hash,recruiter_id,worker_id,assignment_id,unique_id,hit_id,mode,end_time,base_pay,bonus,status
33,2018-12-14 04:06:48.278618,,,,,,f,,{},participant,undefined,mturk,33,3YDTZAI2WY9FBSOD1WPPTB210VU149,33:3YDTZAI2WY9FBSOD1WPPTB210VU149,3SD15I2WD2NMDY8CHMRLQI5PDQA36P,undefined,2018-12-14 04:06:49.674343,,,overrecruited
35,2018-12-14 04:13:59.788026,,,,,,f,,{},participant,undefined,mturk,35,3C8HJ7UOP8NSAEYRFBYD7Z3DZ1VZMU,35:3C8HJ7UOP8NSAEYRFBYD7Z3DZ1VZMU,3SD15I2WD2NMDY8CHMRLQI5PDQA36P,undefined,2018-12-14 04:14:03.665367,,,overrecruited
2,2018-12-14 03:50:54.449722,,,,,,f,,{},participant,undefined,mturk,2,3ZPPDN2SLWPFSZO1UFGVH3WBBWCE91,2:3ZPPDN2SLWPFSZO1UFGVH3WBBWCE91,3SD15I2WD2NMDY8CHMRLQI5PDQA36P,undefined,2018-12-14 04:21:05.055984,,,abandoned
5,2018-12-14 03:51:16.385648,,,,,,f,,{},participant,undefined,mturk,5,3YT88D1N09RWZXRV9SQOOL6UV1Y3KT,5:3YT88D1N09RWZXRV9SQOOL6UV1Y3KT,3SD15I2WD2NMDY8CHMRLQI5PDQA36P,undefined,2018-12-14 04:15:39.701036,,,approved
38,2018-12-14 04:32:41.664279,,,,,,f,,{},participant,undefined,mturk,38,39GXDJN2OU7WG5RDKDZRHBPMRLX8VC,38:39GXDJN2OU7WG5RDKDZRHBPMRLX8VC,3SD15I2WD2NMDY8CHMRLQI5PDQA36P,undefined,,,,overrecruited
39,2018-12-14 04:44:29.767034,,,,,,f,,{},participant,undefined,mturk,39,3QECW5O0KIUYGV4MHKS949RASAN5TY,39:3QECW5O0KIUYGV4MHKS949RASAN5TY,3SD15I2WD2NMDY8CHMRLQI5PDQA36P,undefined,2018-12-14 04:44:35.938411,,,overrecruited
19,2018-12-14 03:53:43.056658,,,,,,f,,{},participant,undefined,mturk,19,3QHK8ZVMINBCMYDQ9LHVL4HL8TGBLV,19:3QHK8ZVMINBCMYDQ9LHVL4HL8TGBLV,3SD15I2WD2NMDY8CHMRLQI5PDQA36P,undefined,2018-12-14 03:54:20.59698,1,0,approved
11,2018-12-14 03:52:32.970049,,,,,,f,,{},participant,undefined,mturk,11,3J2UYBXQQM5TJQ79O1E4C435RUU06Q,11:3J2UYBXQQM5TJQ79O1E4C435RUU06Q,3SD15I2WD2NMDY8CHMRLQI5PDQA36P,undefined,2018-12-14 03:55:18.58636,,,returned
17,2018-12-14 03:53:19.080825,,,,,,f,,{},participant,undefined,mturk,17,3D3VGR7TA18IM14QZCZLPXS8QTS3RM,17:3D3VGR7TA18IM14QZCZLPXS8QTS3RM,3SD15I2WD2NMDY8CHMRLQI5PDQA36P,undefined,2018-12-14 03:53:22.422905,1,0,approved
18,2018-12-14 03:53:36.692667,,,,,,f,,{},participant,undefined,mturk,18,3WRFBPLXRBHX73CY65I4GDNYPW33NY,18:3WRFBPLXRBHX73CY65I4GDNYPW33NY,3SD15I2WD2NMDY8CHMRLQI5PDQA36P,undefined,2018-12-14 03:53:45.099815,1,0,approved
8,2018-12-14 03:51:42.116316,,,,,,f,,{},participant,undefined,mturk,8,3PW9OPU9PRD58E9QXI610W53GHY12D,8:3PW9OPU9PRD58E9QXI610W53GHY12D,3SD15I2WD2NMDY8CHMRLQI5PDQA36P,undefined,2018-12-14 03:53:47.007261,,,returned
9,2018-12-14 03:52:12.938502,,,,,,f,,{},participant,undefined,mturk,9,3SUWZRL0MZ6SAGM3W8DJXT59LV46EI,9:3SUWZRL0MZ6SAGM3W8DJXT59LV46EI,3SD15I2WD2NMDY8CHMRLQI5PDQA36P,undefined,2018-12-14 03:53:49.062019,,,returned
20,2018-12-14 03:55:47.128625,,,,,,f,,{},participant,undefined,mturk,20,3TK8OJTYM2EHMXQU6U123XKCGVXVPJ,20:3TK8OJTYM2EHMXQU6U123XKCGVXVPJ,3SD15I2WD2NMDY8CHMRLQI5PDQA36P,undefined,2018-12-14 03:56:20.729552,1,0,approved
26,2018-12-14 03:58:53.413996,,,,,,f,,{},participant,undefined,mturk,26,3XCC1ODXDM4AT2ASXNBH25LJ0L6RQD,26:3XCC1ODXDM4AT2ASXNBH25LJ0L6RQD,3SD15I2WD2NMDY8CHMRLQI5PDQA36P,undefined,2018-12-14 03:59:14.637242,1,0,approved
21,2018-12-14 03:55:58.102938,,,,,,f,,{},participant,undefined,mturk,21,undefined,21:undefined,undefined,undefined,2018-12-14 03:56:10.743429,,,overrecruited
22,2018-12-14 03:55:58.587595,,,,,,f,,{},participant,undefined,mturk,22,31IBVUNM9TS5VK10SR5XR368EPAVFG,22:31IBVUNM9TS5VK10SR5XR368EPAVFG,3SD15I2WD2NMDY8CHMRLQI5PDQA36P,undefined,2018-12-14 03:56:07.771336,1,0,approved
24,2018-12-14 03:57:48.676952,,,,,,f,,{},participant,undefined,mturk,24,3TPZPLC3M15XAOOBMKVWK2STPB43PU,24:3TPZPLC3M15XAOOBMKVWK2STPB43PU,3SD15I2WD2NMDY8CHMRLQI5PDQA36P,undefined,2018-12-14 03:58:09.839601,1,0,approved
23,2018-12-14 03:56:52.25098,,,,,,f,,{},participant,undefined,mturk,23,3X08E93BHWBOX1TOQQULL5DW4XG66X,23:3X08E93BHWBOX1TOQQULL5DW4XG66X,3SD15I2WD2NMDY8CHMRLQI5PDQA36P,undefined,2018-12-14 03:56:58.819864,1,0,approved
15,2018-12-14 03:53:06.184647,,,,,,f,,{},participant,undefined,mturk,15,3OONKJ5DKDCKSJGNMDXNDLLF3YLBOC,15:3OONKJ5DKDCKSJGNMDXNDLLF3YLBOC,3SD15I2WD2NMDY8CHMRLQI5PDQA36P,undefined,2018-12-14 04:01:34.373094,1,0.23,approved
25,2018-12-14 03:58:09.732702,,,,,,f,,{},participant,undefined,mturk,25,3YZ8UPK3VUFYFTSQWZ5RNBJM358UCE,25:3YZ8UPK3VUFYFTSQWZ5RNBJM358UCE,3SD15I2WD2NMDY8CHMRLQI5PDQA36P,undefined,2018-12-14 03:59:14.813918,1,0,approved
27,2018-12-14 03:59:09.469614,,,,,,f,,{},participant,undefined,mturk,27,37TRT2X24RK6R8PQ605I5P4T44BBJT,27:37TRT2X24RK6R8PQ605I5P4T44BBJT,3SD15I2WD2NMDY8CHMRLQI5PDQA36P,undefined,2018-12-14 03:59:14.705975,1,0,approved
29,2018-12-14 03:59:44.431398,,,,,,f,,{},participant,undefined,mturk,29,3ND9UOO81LV4A1B14CDR8IU6IUZLWM,29:3ND9UOO81LV4A1B14CDR8IU6IUZLWM,3SD15I2WD2NMDY8CHMRLQI5PDQA36P,undefined,2018-12-14 03:59:48.918154,,,overrecruited
7,2018-12-14 03:51:23.849461,,,,,,f,,{},participant,undefined,mturk,7,33CID57105M7J39DUS2P3LJ9K133LW,7:33CID57105M7J39DUS2P3LJ9K133LW,3SD15I2WD2NMDY8CHMRLQI5PDQA36P,undefined,2018-12-14 04:03:29.026917,1,0.27,approved
31,2018-12-14 04:02:12.280368,,,,,,f,,{},participant,undefined,mturk,31,3AZHRG4CU5DUM7KR5ZG651RLH3S03K,31:3AZHRG4CU5DUM7KR5ZG651RLH3S03K,3SD15I2WD2NMDY8CHMRLQI5PDQA36P,undefined,2018-12-14 04:02:30.744997,1,0,approved
4,2018-12-14 03:51:15.162418,,,,,,f,,{},participant,undefined,mturk,4,36WLNQG7803YGS3YSZUR89R1ZWFEBB,4:36WLNQG7803YGS3YSZUR89R1ZWFEBB,3SD15I2WD2NMDY8CHMRLQI5PDQA36P,undefined,2018-12-14 04:02:59.327389,1,0.27,approved
16,2018-12-14 03:53:07.962731,,,,,,f,,{},participant,undefined,mturk,16,31JLPPHS2VNFPOCA7KIHV2N3F683OD,16:31JLPPHS2VNFPOCA7KIHV2N3F683OD,3SD15I2WD2NMDY8CHMRLQI5PDQA36P,undefined,2018-12-14 04:04:28.77624,1,0.23,approved
10,2018-12-14 03:52:23.49171,,,,,,f,,{},participant,undefined,mturk,10,34V1S5K3GTUBFKVMOXXX5F4YUYO698,10:34V1S5K3GTUBFKVMOXXX5F4YUYO698,3SD15I2WD2NMDY8CHMRLQI5PDQA36P,undefined,2018-12-14 04:04:42.512195,1,0.23,approved
12,2018-12-14 03:52:36.314538,,,,,,f,,{},participant,undefined,mturk,12,3C5W7UE9CGJ35JYCETASAEN2R1UMXH,12:3C5W7UE9CGJ35JYCETASAEN2R1UMXH,3SD15I2WD2NMDY8CHMRLQI5PDQA36P,undefined,2018-12-14 04:04:13.8352,1,0.27,approved
14,2018-12-14 03:52:54.295391,,,,,,f,,{},participant,undefined,mturk,14,33CKWXB73KDYJTRUEE6NVDVYOBK11W,14:33CKWXB73KDYJTRUEE6NVDVYOBK11W,3SD15I2WD2NMDY8CHMRLQI5PDQA36P,undefined,2018-12-14 04:03:58.051241,1,0.23,approved
1,2018-12-14 03:50:53.017091,,,,,,f,,{},participant,undefined,mturk,1,3MMN5BL1W0XRPLRYU4343YYYK6T3MY,1:3MMN5BL1W0XRPLRYU4343YYYK6T3MY,3SD15I2WD2NMDY8CHMRLQI5PDQA36P,undefined,2018-12-14 04:03:29.107304,1,0.23,approved
28,2018-12-14 03:59:43.66726,,,,,,f,,{},participant,undefined,mturk,28,3RJSC4XJ11NX0M7VJI4ZKYP5VZJ05A,28:3RJSC4XJ11NX0M7VJI4ZKYP5VZJ05A,3SD15I2WD2NMDY8CHMRLQI5PDQA36P,undefined,2018-12-14 04:00:03.638243,1,0,approved
34,2018-12-14 04:09:41.830112,,,,,,f,,{},participant,undefined,mturk,34,3U0SRXB7CEYPQ5X0HVJ0YBQEVAJNRM,34:3U0SRXB7CEYPQ5X0HVJ0YBQEVAJNRM,3SD15I2WD2NMDY8CHMRLQI5PDQA36P,undefined,2018-12-14 04:09:48.403981,,,overrecruited
30,2018-12-14 03:59:51.492812,,,,,,f,,{},participant,d97cffab7e1a9be5f2b6fa8b94418349,mturk,30,3RANCT1ZVGAF5O0KIZ9WCRD4LK8UB7,30:3RANCT1ZVGAF5O0KIZ9WCRD4LK8UB7,3SD15I2WD2NMDY8CHMRLQI5PDQA36P,undefined,2018-12-14 04:00:03.756771,1,0,approved
36,2018-12-14 04:15:01.017668,,,,,,f,,{},participant,undefined,mturk,36,324G5B4FB41CNQLE7BJWII31M5E07P,36:324G5B4FB41CNQLE7BJWII31M5E07P,3SD15I2WD2NMDY8CHMRLQI5PDQA36P,undefined,2018-12-14 04:15:02.776367,,,overrecruited
3,2018-12-14 03:51:01.197004,,,,,,f,,{},participant,undefined,mturk,3,3K3R2QNK8CWWHVLNKFV0LLIEXK5U9X,3:3K3R2QNK8CWWHVLNKFV0LLIEXK5U9X,3SD15I2WD2NMDY8CHMRLQI5PDQA36P,undefined,2018-12-14 04:00:27.360283,1,0.2,approved
37,2018-12-14 04:30:49.444987,,,,,,f,,{},participant,undefined,mturk,37,30IQTZXKALZ625R5PONUCHGPOYT0XK,37:30IQTZXKALZ625R5PONUCHGPOYT0XK,3SD15I2WD2NMDY8CHMRLQI5PDQA36P,undefined,2018-12-14 04:31:13.934106,,,overrecruited
40,2018-12-14 04:54:22.509659,,,,,,f,,{},participant,undefined,mturk,40,39GXDJN2OU7WG5RDKDZRHBPMRLX8VC,40:39GXDJN2OU7WG5RDKDZRHBPMRLX8VC,3SD15I2WD2NMDY8CHMRLQI5PDQA36P,undefined,2018-12-14 04:54:26.303111,,,overrecruited
32,2018-12-14 04:02:12.679945,,,,,,f,,{},participant,undefined,mturk,32,37ZHEEHM6XF84IKBQY1FKG18PH073T,32:37ZHEEHM6XF84IKBQY1FKG18PH073T,3SD15I2WD2NMDY8CHMRLQI5PDQA36P,undefined,2018-12-14 04:02:30.665786,1,0,approved
6,2018-12-14 03:51:23.070306,,,,,,f,,{},participant,undefined,mturk,6,3TMFV4NEP979VURIAN4N3D80YUZ8WM,6:3TMFV4NEP979VURIAN4N3D80YUZ8WM,3SD15I2WD2NMDY8CHMRLQI5PDQA36P,undefined,2018-12-14 04:03:28.946095,1,0.23,approved
13,2018-12-14 03:52:43.686405,,,,,,f,,{},participant,undefined,mturk,13,3ZR9AIQJUC2F433V5DLPF6JRV3O409,13:3ZR9AIQJUC2F433V5DLPF6JRV3O409,3SD15I2WD2NMDY8CHMRLQI5PDQA36P,undefined,2018-12-14 04:04:13.96756,1,0.27,approved
