id,creation_time,property1,property2,property3,property4,property5,failed,time_of_death,details,type,participant_id,number,question,response
1,2018-12-14 04:00:12.888334,,,,,,f,,{},question,3,1,questionnaire,"{""engagement"":""3"",""difficulty"":""5""}"
2,2018-12-14 04:00:49.577517,,,,,,f,,{},question,15,1,questionnaire,"{""engagement"":""7"",""difficulty"":""4""}"
3,2018-12-14 04:02:33.781273,,,,,,f,,{},question,4,1,questionnaire,"{""engagement"":""1"",""difficulty"":""2""}"
4,2018-12-14 04:03:15.229869,,,,,,f,,{},question,1,1,questionnaire,"{""engagement"":""6"",""difficulty"":""7""}"
5,2018-12-14 04:03:16.552475,,,,,,f,,{},question,6,1,questionnaire,"{""engagement"":""7"",""difficulty"":""7""}"
6,2018-12-14 04:03:17.60385,,,,,,f,,{},question,7,1,questionnaire,"{""engagement"":""6"",""difficulty"":""6""}"
7,2018-12-14 04:03:18.302483,,,,,,f,,{},question,16,1,questionnaire,"{""engagement"":""7"",""difficulty"":""5""}"
8,2018-12-14 04:03:18.422189,,,,,,f,,{},question,13,1,questionnaire,"{""engagement"":""7"",""difficulty"":""4""}"
9,2018-12-14 04:03:19.400445,,,,,,f,,{},question,12,1,questionnaire,"{""engagement"":""7"",""difficulty"":""4""}"
10,2018-12-14 04:03:19.962532,,,,,,f,,{},question,14,1,questionnaire,"{""engagement"":""5"",""difficulty"":""2""}"
11,2018-12-14 04:03:25.364278,,,,,,f,,{},question,10,1,questionnaire,"{""engagement"":""7"",""difficulty"":""6""}"
12,2018-12-14 04:15:39.619623,,,,,,f,,{},question,5,1,questionnaire,"{""engagement"":""1"",""difficulty"":""6""}"
