id,creation_time,property1,property2,property3,property4,property5,failed,time_of_death,details,assignment_id,event_type
1,2018-12-14 03:22:49.668395,,,,,,f,,{},3MX2NQ3YCAN5XCD6MUT6TCCG55YX5U,AssignmentAccepted
2,2018-12-14 03:22:49.700496,,,,,,f,,{},3ZGVPD4G6UAWN9OBO8ZPTDY5T8IZTK,AssignmentAccepted
3,2018-12-14 03:22:49.726246,,,,,,f,,{},3X87C8JFV74MUHA5CCBMSFQFMMJQSS,AssignmentAccepted
4,2018-12-14 03:22:49.758749,,,,,,f,,{},3HOSI13XH0HM3JNIA0ADXHXG24KDDG,AssignmentAccepted
5,2018-12-14 03:22:49.791704,,,,,,f,,{},3XLBSAQ9Z559PBR4B5WOOH6N4BR7ZG,AssignmentAccepted
6,2018-12-14 03:22:49.823035,,,,,,f,,{},3K2755HG5TWJ131E1653LH01EH0DFR,AssignmentAccepted
7,2018-12-14 03:22:51.56712,,,,,,f,,{},3S96KQ6I9NXTK8JFWQAS2LF25Q8TDF,AssignmentAccepted
8,2018-12-14 03:22:51.661658,,,,,,f,,{},3AUQQEL7U6MEYGMAP9MCOWJ48MFV04,AssignmentAccepted
9,2018-12-14 03:22:51.697997,,,,,,f,,{},3XIQGXAUMD1KKGRPAN83RWQCWBTX79,AssignmentAccepted
10,2018-12-14 03:22:51.728586,,,,,,f,,{},3Z4XG4ZF49KOKUW8KS095WM77VZX8W,AssignmentAccepted
11,2018-12-14 03:22:52.222248,,,,,,f,,{},337RC3OW06VRVCBWE28VMGBSBKQLV3,AssignmentAccepted
12,2018-12-14 03:22:52.256258,,,,,,f,,{},3SNLUL3WO5GRIXMW9CYQQU99XDHLUE,AssignmentAccepted
13,2018-12-14 03:22:53.992634,,,,,,f,,{},3XC1O3LBOTFCIK77978GLYN7EZALTN,AssignmentAccepted
14,2018-12-14 03:22:54.024527,,,,,,f,,{},3R6P78PK7L4WWST6YGB086IZIIOTGP,AssignmentAccepted
15,2018-12-14 03:22:54.055193,,,,,,f,,{},39GAF6DQWSTE557SLSQC212EDELV17,AssignmentAccepted
16,2018-12-14 03:22:54.08555,,,,,,f,,{},34QN5IT0T0KGN4QXHGB2WIZWXOE80C,AssignmentAccepted
17,2018-12-14 03:22:54.151015,,,,,,f,,{},3NLZY2D53QIZQ4FFS3ELGTCKUSBLQ9,AssignmentAccepted
18,2018-12-14 03:22:54.181805,,,,,,f,,{},3GLB5JMZFYOPF3X9CQBL320DFW0DGQ,AssignmentAccepted
19,2018-12-14 03:22:54.214714,,,,,,f,,{},3IJXV6UZ1YCXC4M9KF68T3UX9AJIRT,AssignmentAccepted
20,2018-12-14 03:22:54.246639,,,,,,f,,{},3V0Z7YWSIZTLUQPO4WQQ7KCJ5KZV2O,AssignmentAccepted
21,2018-12-14 03:22:54.279622,,,,,,f,,{},3AMYWKA6YCFEM7ZSQMGF25ZNPW4O6W,AssignmentAccepted
22,2018-12-14 03:22:54.311555,,,,,,f,,{},31HQ4X3T3T3B3KUSK73QBTRLCGWLSY,AssignmentAccepted
23,2018-12-14 03:22:55.935611,,,,,,f,,{},3Y5140Z9DY9C0R6U7N2JO8UI8SVIP1,AssignmentAccepted
24,2018-12-14 03:22:56.980537,,,,,,f,,{},3OHYZ19UGDYF99BVGZXRIA19LFUOAM,AssignmentAccepted
25,2018-12-14 03:22:57.016409,,,,,,f,,{},3TOK3KHVJUBXQ7DX9WL78JZJK7OO7V,AssignmentAccepted
26,2018-12-14 03:22:57.053396,,,,,,f,,{},3HHRAGRYX9Y14Q1QOTJRMFQPFXCO97,AssignmentAccepted
27,2018-12-14 03:22:57.266822,,,,,,f,,{},3ZY8KE4ISKW2M9R967GR32AMLQDQVX,AssignmentAccepted
28,2018-12-14 03:22:58.163905,,,,,,f,,{},3OONKJ5DKDCKSJGNMDXNDLLF3XFOBH,AssignmentAccepted
29,2018-12-14 03:22:58.194355,,,,,,f,,{},34J10VATJGRX037970H8ODKSDOHIQS,AssignmentAccepted
30,2018-12-14 03:22:58.252834,,,,,,f,,{},3XIQGXAUMD1KKGRPAN83RWQCWBT7XJ,AssignmentAccepted
31,2018-12-14 03:23:00.124237,,,,,,f,,{},3X1FV8S5JYKB9KXV3BBF9O6KF32GVQ,AssignmentSubmitted
32,2018-12-14 03:23:00.180276,,,,,,f,,{},3GGAI1SQEWRF2LNHNXE5W12SQIYMC5,AssignmentSubmitted
33,2018-12-14 03:23:07.438991,,,,,,f,,{},35BLDD71I7QB01S0T3Z4UVMQQTYZV0,AssignmentAccepted
34,2018-12-14 03:23:08.628481,,,,,,f,,{},3PM8NZGV8Z9UQYW46MH9RN7711LQX0,AssignmentAccepted
35,2018-12-14 03:23:30.656568,,,,,,f,,{},3GDTJDAPVV4DQIX46LY0UF690RDM8Z,AssignmentSubmitted
36,2018-12-14 03:23:31.340415,,,,,,f,,{},3HHRAGRYX9Y14Q1QOTJRMFQPFXCO97,AssignmentReturned
37,2018-12-14 03:23:35.823824,,,,,,f,,{},3TAYZSBPLM152Y8KA1LLWXSC6G4S2F,AssignmentSubmitted
38,2018-12-14 03:24:03.777598,,,,,,f,,{},3J2UYBXQQM5TJQ79O1E4C435RTP60P,AssignmentAccepted
39,2018-12-14 03:24:14.629663,,,,,,f,,{},3HHRAGRYX9Y14Q1QOTJRMFQPFXCO97,AssignmentAccepted
40,2018-12-14 03:24:42.669635,,,,,,f,,{},3DH6GAKTYZIS4VN5YEMO1UQK8AZZY8,AssignmentSubmitted
41,2018-12-14 03:24:42.745432,,,,,,f,,{},3NS0A6KXC51SI425480IUUJG3EAGZS,AssignmentSubmitted
42,2018-12-14 03:24:49.350688,,,,,,f,,{},3RWE2M8QWI31QBD1NI0LEFPRMJE0NT,AssignmentAccepted
43,2018-12-14 03:24:57.55777,,,,,,f,,{},3OHYZ19UGDYF99BVGZXRIA19LFUOAM,AssignmentReturned
44,2018-12-14 03:25:05.935975,,,,,,f,,{},3OHYZ19UGDYF99BVGZXRIA19LFUOAM,AssignmentAccepted
45,2018-12-14 03:25:19.563204,,,,,,f,,{},30LSNF239VOG8K5O5PR7SVMPXI2I2D,AssignmentSubmitted
46,2018-12-14 03:25:29.001552,,,,,,f,,{},3S96KQ6I9NXTK8JFWQAS2LF25Q8TDF,AssignmentReturned
47,2018-12-14 03:25:57.892757,,,,,,f,,{},37W3JXSD671OA0I0NR2H2QW2R8WYWI,AssignmentAccepted
48,2018-12-14 03:26:43.143235,,,,,,f,,{},3F6KKYWMNCUVPVEVZUOGTM9AG8LND7,AssignmentSubmitted
49,2018-12-14 03:26:55.537266,,,,,,f,,{},3GLB5JMZFYOPF3X9CQBL320DFW0DGQ,AssignmentReturned
50,2018-12-14 03:26:56.315029,,,,,,f,,{},3GLB5JMZFYOPF3X9CQBL320DFW0DGQ,AssignmentAccepted
51,2018-12-14 03:27:32.157214,,,,,,f,,{},3ATTHHXXWBHH908LTEC0ILGLAR3XI3,AssignmentSubmitted
52,2018-12-14 03:27:35.629593,,,,,,f,,"{""feedback"": """", ""error_text"": ""There has been an error and so you are unable to\r\n        continue, sorry!"", ""error_type"": ""already_started_exp_mturk"", ""request_data"": {""hit_id"": null, ""worker_id"": null, ""participant_id"": null}}",unknown,ExperimentError
53,2018-12-14 03:27:56.79547,,,,,,f,,{},3Y5140Z9DY9C0R6U7N2JO8UI8SVIP1,AssignmentReturned
54,2018-12-14 03:28:31.92754,,,,,,f,,{},3TVRFO09GL8JZ1GREH9DA18DRVZXLJ,AssignmentAccepted
55,2018-12-14 03:29:30.710043,,,,,,f,,{},3FE7TXL1LJGTPIT7IXWG1XDBOSK2Q1,AssignmentSubmitted
56,2018-12-14 03:29:49.979803,,,,,,f,,{},3IJXV6UZ1YCXC4M9KF68T3UX9AJIRT,AssignmentSubmitted
57,2018-12-14 03:30:03.742515,,,,,,f,,{},36W0OB37HX76I0XGOEI0FUVHIEMHZR,AssignmentSubmitted
58,2018-12-14 03:30:03.782578,,,,,,f,,{},3C2NJ6JBKBA8MLGF254ZX3I6JHX2NE,AssignmentSubmitted
59,2018-12-14 03:30:06.347076,,,,,,f,,{},3RWE2M8QWI31QBD1NI0LEFPRMJE0NT,AssignmentReturned
60,2018-12-14 03:30:17.980311,,,,,,f,,{},3HUTX6F6VVGQ46GR3K4CCSIB9R22OT,AssignmentSubmitted
61,2018-12-14 03:30:18.011588,,,,,,f,,{},39GAF6DQWSTE557SLSQC212EDEKV16,AssignmentSubmitted
62,2018-12-14 03:30:18.047544,,,,,,f,,{},3FFJ6VRIL2H9CA2AQ2NT97TA0KII0T,AssignmentSubmitted
63,2018-12-14 03:30:18.079411,,,,,,f,,{},3UOUJI6MTE7MIR3LNV1E1O4W4MQUX8,AssignmentSubmitted
64,2018-12-14 03:30:18.109866,,,,,,f,,{},317HQ483I8LCX6UHR8PRKJPN8DTNI9,AssignmentSubmitted
65,2018-12-14 03:30:18.140546,,,,,,f,,{},37Q970SNZF1YDDQORXL7REI7EAQS1Y,AssignmentSubmitted
66,2018-12-14 03:30:18.171381,,,,,,f,,{},34Q075JO1Y6YC46CIV2NH8COJI801K,AssignmentSubmitted
67,2018-12-14 03:30:18.20276,,,,,,f,,{},3OHYZ19UGDYF99BVGZXRIA19LFUOAM,AssignmentSubmitted
68,2018-12-14 03:30:24.638614,,,,,,f,,{},3E337GFOLA1Y1FOM1KPOZ7C7T01NGH,AssignmentSubmitted
69,2018-12-14 03:30:24.670988,,,,,,f,,{},3RJSC4XJ11NX0M7VJI4ZKYP5VYD052,AssignmentSubmitted
70,2018-12-14 03:30:25.897801,,,,,,f,,{},3RWE2M8QWI31QBD1NI0LEFPRMJE0NT,AssignmentAccepted
71,2018-12-14 03:30:44.994395,,,,,,f,,{},3AUQQEL7U6MEYGMAP9MCOWJ48MFV04,AssignmentReturned
72,2018-12-14 03:31:00.134779,,,,,,f,,{},34J10VATJGRX037970H8ODKSDOHIQS,AssignmentSubmitted
73,2018-12-14 03:31:24.959309,,,,,,f,,{},3K2755HG5TWJ131E1653LH01EH0DFR,AssignmentSubmitted
74,2018-12-14 03:31:25.041966,,,,,,f,,{},3907X2AHF1Y8P6SSIKHR1SN1JWY2PA,AssignmentSubmitted
75,2018-12-14 03:31:25.088615,,,,,,f,,{},3Z4XG4ZF49KOKUW8KS095WM77VZX8W,AssignmentSubmitted
76,2018-12-14 03:31:29.312528,,,,,,f,,{},3AUQQEL7U6MEYGMAP9MCOWJ48MEV03,AssignmentSubmitted
77,2018-12-14 03:31:29.34507,,,,,,f,,{},3OJSZ2ATDTPBIX7F4HP8ZDZS3CL75B,AssignmentAccepted
78,2018-12-14 03:31:54.742847,,,,,,f,,{},39GAF6DQWSTE557SLSQC212EDELV17,AssignmentSubmitted
79,2018-12-14 03:31:54.812864,,,,,,f,,{},3RWE2M8QWI31QBD1NI0LEFPRMJE0NT,AssignmentSubmitted
80,2018-12-14 03:32:01.783112,,,,,,f,,{},3V0Z7YWSIZTLUQPO4WQQ7KCJ5KZV2O,AssignmentSubmitted
81,2018-12-14 03:32:01.849239,,,,,,f,,{},3OJSZ2ATDTPBIX7F4HP8ZDZS3CL75B,AssignmentSubmitted
82,2018-12-14 03:32:12.015879,,,,,,f,,{},3TOK3KHVJUBXQ7DX9WL78JZJK7OO7V,AssignmentReturned
83,2018-12-14 03:32:17.004674,,,,,,f,,{},34QN5IT0T0KGN4QXHGB2WIZWXOE80C,AssignmentSubmitted
84,2018-12-14 03:33:00.809307,,,,,,f,,{},3XC1O3LBOTFCIK77978GLYN7EZALTN,AssignmentSubmitted
85,2018-12-14 03:33:00.878349,,,,,,f,,{},3EG49X351V51GGDKRD3BLIQG1076XH,AssignmentSubmitted
86,2018-12-14 03:33:15.906553,,,,,,f,,{},3YT88D1N09RWZXRV9SQOOL6UV0UK34,AssignmentAccepted
87,2018-12-14 03:34:18.769606,,,,,,f,,{},3SNLUL3WO5GRIXMW9CYQQU99XDHLUE,AssignmentSubmitted
88,2018-12-14 03:36:25.817324,,,,,,f,,{},3OONKJ5DKDCKSJGNMDXNDLLF3XFOBH,AssignmentReturned
89,2018-12-14 03:36:54.963412,,,,,,f,,{},3GLB5JMZFYOPF3X9CQBL320DFW0DGQ,AssignmentReturned
90,2018-12-14 03:42:13.084637,,,,,,f,,"{""feedback"": """", ""error_text"": ""There has been an error and so you are unable to\r\n        continue, sorry!"", ""error_type"": ""browser_type_not_allowed"", ""request_data"": {""hit_id"": null, ""worker_id"": null, ""participant_id"": null}}",unknown,ExperimentError
91,2018-12-14 03:53:06.618389,,,,,,f,,{},3XIQGXAUMD1KKGRPAN83RWQCWBT7XJ,AssignmentAbandoned
92,2018-12-14 03:53:11.508191,,,,,,f,,{},3XIQGXAUMD1KKGRPAN83RWQCWBT7XJ,AssignmentAccepted
