id,creation_time,property1,property2,property3,property4,property5,failed,time_of_death,details,type,fingerprint_hash,recruiter_id,worker_id,assignment_id,unique_id,hit_id,mode,end_time,base_pay,bonus,status
4,2018-12-14 03:23:36.915813,,,,,,f,,{},participant,undefined,mturk,4,3OHYZ19UGDYF99BVGZXRIA19LFUOAM,4:3OHYZ19UGDYF99BVGZXRIA19LFUOAM,3Z56AA6EK4TNZKGMN4W0MHEVDHP6M6,undefined,2018-12-14 03:24:57.563332,,,returned
8,2018-12-14 03:23:55.575622,,,,,,f,,{},participant,undefined,mturk,8,3S96KQ6I9NXTK8JFWQAS2LF25Q8TDF,8:3S96KQ6I9NXTK8JFWQAS2LF25Q8TDF,3Z56AA6EK4TNZKGMN4W0MHEVDHP6M6,undefined,2018-12-14 03:25:29.007221,,,returned
10,2018-12-14 03:24:48.219506,,,,,,f,,{},participant,undefined,mturk,10,3Y5140Z9DY9C0R6U7N2JO8UI8SVIP1,10:3Y5140Z9DY9C0R6U7N2JO8UI8SVIP1,3Z56AA6EK4TNZKGMN4W0MHEVDHP6M6,undefined,2018-12-14 03:27:56.800869,,,returned
14,2018-12-14 03:25:54.589635,,,,,,f,,{},participant,undefined,mturk,14,3AUQQEL7U6MEYGMAP9MCOWJ48MFV04,14:3AUQQEL7U6MEYGMAP9MCOWJ48MFV04,3Z56AA6EK4TNZKGMN4W0MHEVDHP6M6,undefined,2018-12-14 03:30:45.000211,,,returned
20,2018-12-14 03:29:36.748896,,,,,,f,,{},participant,undefined,mturk,20,3IJXV6UZ1YCXC4M9KF68T3UX9AJIRT,20:3IJXV6UZ1YCXC4M9KF68T3UX9AJIRT,3Z56AA6EK4TNZKGMN4W0MHEVDHP6M6,undefined,2018-12-14 03:29:49.986006,1,0,approved
28,2018-12-14 03:32:40.228521,,,,,,f,,{},participant,undefined,mturk,28,3XC1O3LBOTFCIK77978GLYN7EZALTN,28:3XC1O3LBOTFCIK77978GLYN7EZALTN,3Z56AA6EK4TNZKGMN4W0MHEVDHP6M6,undefined,2018-12-14 03:33:00.815076,1,0,approved
21,2018-12-14 03:30:09.11079,,,,,,f,,{},participant,undefined,mturk,21,3OHYZ19UGDYF99BVGZXRIA19LFUOAM,21:3OHYZ19UGDYF99BVGZXRIA19LFUOAM,3Z56AA6EK4TNZKGMN4W0MHEVDHP6M6,undefined,2018-12-14 03:30:18.208518,1,0,approved
26,2018-12-14 03:31:38.648868,,,,,,f,,{},participant,undefined,mturk,26,3OJSZ2ATDTPBIX7F4HP8ZDZS3CL75B,26:3OJSZ2ATDTPBIX7F4HP8ZDZS3CL75B,3Z56AA6EK4TNZKGMN4W0MHEVDHP6M6,undefined,2018-12-14 03:32:01.855478,1,0,approved
24,2018-12-14 03:30:53.130214,,,,,,f,,{},participant,undefined,mturk,24,3K2755HG5TWJ131E1653LH01EH0DFR,24:3K2755HG5TWJ131E1653LH01EH0DFR,3Z56AA6EK4TNZKGMN4W0MHEVDHP6M6,undefined,2018-12-14 03:31:24.965599,1,0,approved
23,2018-12-14 03:30:48.946462,,,,,,f,,{},participant,undefined,mturk,23,34J10VATJGRX037970H8ODKSDOHIQS,23:34J10VATJGRX037970H8ODKSDOHIQS,3Z56AA6EK4TNZKGMN4W0MHEVDHP6M6,undefined,2018-12-14 03:31:00.140788,1,0,approved
22,2018-12-14 03:30:43.754677,,,,,,f,,{},participant,undefined,mturk,22,3Z4XG4ZF49KOKUW8KS095WM77VZX8W,22:3Z4XG4ZF49KOKUW8KS095WM77VZX8W,3Z56AA6EK4TNZKGMN4W0MHEVDHP6M6,undefined,2018-12-14 03:31:25.094182,1,0,approved
25,2018-12-14 03:31:33.927655,,,,,,f,,{},participant,undefined,mturk,25,39GAF6DQWSTE557SLSQC212EDELV17,25:39GAF6DQWSTE557SLSQC212EDELV17,3Z56AA6EK4TNZKGMN4W0MHEVDHP6M6,undefined,2018-12-14 03:31:54.74859,1,0,approved
5,2018-12-14 03:23:38.302312,,,,,,f,,{},participant,undefined,mturk,5,3TOK3KHVJUBXQ7DX9WL78JZJK7OO7V,5:3TOK3KHVJUBXQ7DX9WL78JZJK7OO7V,3Z56AA6EK4TNZKGMN4W0MHEVDHP6M6,undefined,2018-12-14 03:32:12.021558,,,returned
16,2018-12-14 03:26:38.571575,,,,,,f,,{},participant,undefined,mturk,16,3V0Z7YWSIZTLUQPO4WQQ7KCJ5KZV2O,16:3V0Z7YWSIZTLUQPO4WQQ7KCJ5KZV2O,3Z56AA6EK4TNZKGMN4W0MHEVDHP6M6,undefined,2018-12-14 03:32:01.789482,1,0.2,approved
27,2018-12-14 03:31:50.670417,,,,,,f,,{},participant,undefined,mturk,27,34QN5IT0T0KGN4QXHGB2WIZWXOE80C,27:34QN5IT0T0KGN4QXHGB2WIZWXOE80C,3Z56AA6EK4TNZKGMN4W0MHEVDHP6M6,undefined,2018-12-14 03:32:17.010376,1,0,approved
29,2018-12-14 03:33:59.943905,,,,,,f,,{},participant,undefined,mturk,29,3SNLUL3WO5GRIXMW9CYQQU99XDHLUE,29:3SNLUL3WO5GRIXMW9CYQQU99XDHLUE,3Z56AA6EK4TNZKGMN4W0MHEVDHP6M6,undefined,2018-12-14 03:34:18.775139,1,0,approved
30,2018-12-14 03:35:20.36932,,,,,,f,,{},participant,undefined,mturk,30,3HHRAGRYX9Y14Q1QOTJRMFQPFXCO97,30:3HHRAGRYX9Y14Q1QOTJRMFQPFXCO97,3Z56AA6EK4TNZKGMN4W0MHEVDHP6M6,undefined,2018-12-14 03:36:13.448267,,,overrecruited
31,2018-12-14 03:36:14.927793,,,,,,f,,{},participant,undefined,mturk,31,3PM8NZGV8Z9UQYW46MH9RN7711LQX0,31:3PM8NZGV8Z9UQYW46MH9RN7711LQX0,3Z56AA6EK4TNZKGMN4W0MHEVDHP6M6,undefined,2018-12-14 03:36:20.378289,,,overrecruited
32,2018-12-14 03:36:19.951186,,,,,,f,,{},participant,undefined,mturk,32,3NLZY2D53QIZQ4FFS3ELGTCKUSBLQ9,32:3NLZY2D53QIZQ4FFS3ELGTCKUSBLQ9,3Z56AA6EK4TNZKGMN4W0MHEVDHP6M6,undefined,2018-12-14 03:36:21.361484,,,overrecruited
2,2018-12-14 03:23:20.271957,,,,,,f,,{},participant,undefined,mturk,2,3MX2NQ3YCAN5XCD6MUT6TCCG55YX5U,2:3MX2NQ3YCAN5XCD6MUT6TCCG55YX5U,3Z56AA6EK4TNZKGMN4W0MHEVDHP6M6,undefined,2018-12-14 03:37:58.187241,,,approved
7,2018-12-14 03:23:49.227411,,,,,,f,,{},participant,undefined,mturk,7,3ZGVPD4G6UAWN9OBO8ZPTDY5T8IZTK,7:3ZGVPD4G6UAWN9OBO8ZPTDY5T8IZTK,3Z56AA6EK4TNZKGMN4W0MHEVDHP6M6,undefined,2018-12-14 03:38:02.164751,,,approved
9,2018-12-14 03:24:31.864199,,,,,,f,,{},participant,undefined,mturk,9,3R6P78PK7L4WWST6YGB086IZIIOTGP,9:3R6P78PK7L4WWST6YGB086IZIIOTGP,3Z56AA6EK4TNZKGMN4W0MHEVDHP6M6,undefined,2018-12-14 03:37:59.058759,,,approved
12,2018-12-14 03:25:11.991232,,,,,,f,,{},participant,undefined,mturk,12,35BLDD71I7QB01S0T3Z4UVMQQTYZV0,12:35BLDD71I7QB01S0T3Z4UVMQQTYZV0,3Z56AA6EK4TNZKGMN4W0MHEVDHP6M6,undefined,2018-12-14 03:38:44.735064,,,approved
15,2018-12-14 03:26:23.785994,,,,,,f,,{},participant,undefined,mturk,15,37W3JXSD671OA0I0NR2H2QW2R8WYWI,15:37W3JXSD671OA0I0NR2H2QW2R8WYWI,3Z56AA6EK4TNZKGMN4W0MHEVDHP6M6,undefined,2018-12-14 03:38:02.416281,,,approved
17,2018-12-14 03:27:24.082516,,,,,,f,,{},participant,undefined,mturk,17,3ZY8KE4ISKW2M9R967GR32AMLQDQVX,17:3ZY8KE4ISKW2M9R967GR32AMLQDQVX,3Z56AA6EK4TNZKGMN4W0MHEVDHP6M6,undefined,2018-12-14 03:37:58.151297,,,approved
19,2018-12-14 03:28:56.52057,,,,,,f,,{},participant,undefined,mturk,19,3TVRFO09GL8JZ1GREH9DA18DRVZXLJ,19:3TVRFO09GL8JZ1GREH9DA18DRVZXLJ,3Z56AA6EK4TNZKGMN4W0MHEVDHP6M6,undefined,2018-12-14 03:37:09.988696,,,approved
3,2018-12-14 03:23:28.933362,,,,,,f,,{},participant,undefined,mturk,3,3AMYWKA6YCFEM7ZSQMGF25ZNPW4O6W,3:3AMYWKA6YCFEM7ZSQMGF25ZNPW4O6W,3Z56AA6EK4TNZKGMN4W0MHEVDHP6M6,undefined,2018-12-14 03:37:57.655106,,,approved
6,2018-12-14 03:23:39.43215,,,,,,f,,{},participant,undefined,mturk,6,31HQ4X3T3T3B3KUSK73QBTRLCGWLSY,6:31HQ4X3T3T3B3KUSK73QBTRLCGWLSY,3Z56AA6EK4TNZKGMN4W0MHEVDHP6M6,undefined,2018-12-14 03:37:58.80462,,,approved
33,2018-12-14 03:37:31.431204,,,,,,f,,{},participant,undefined,mturk,33,3SKEMFQBZ4YI0UX1L9LKF2E5BMNK8X,33:3SKEMFQBZ4YI0UX1L9LKF2E5BMNK8X,3Z56AA6EK4TNZKGMN4W0MHEVDHP6M6,undefined,2018-12-14 03:37:33.21015,,,overrecruited
34,2018-12-14 03:40:47.038479,,,,,,f,,{},participant,undefined,mturk,34,3HOSI13XH0HM3JNIA0ADXHXG24KDDG,34:3HOSI13XH0HM3JNIA0ADXHXG24KDDG,3Z56AA6EK4TNZKGMN4W0MHEVDHP6M6,undefined,2018-12-14 03:40:50.329731,,,overrecruited
35,2018-12-14 03:43:05.514342,,,,,,f,,{},participant,undefined,mturk,35,3YT88D1N09RWZXRV9SQOOL6UV0UK34,35:3YT88D1N09RWZXRV9SQOOL6UV0UK34,3Z56AA6EK4TNZKGMN4W0MHEVDHP6M6,undefined,2018-12-14 03:43:08.831654,,,overrecruited
36,2018-12-14 03:53:49.382527,,,,,,f,,{},participant,undefined,mturk,36,3XIQGXAUMD1KKGRPAN83RWQCWBT7XJ,36:3XIQGXAUMD1KKGRPAN83RWQCWBT7XJ,3Z56AA6EK4TNZKGMN4W0MHEVDHP6M6,undefined,2018-12-14 03:53:50.805148,,,overrecruited
1,2018-12-14 03:23:06.53238,,,,,,f,,{},participant,undefined,mturk,1,3X87C8JFV74MUHA5CCBMSFQFMMJQSS,1:3X87C8JFV74MUHA5CCBMSFQFMMJQSS,3Z56AA6EK4TNZKGMN4W0MHEVDHP6M6,undefined,2018-12-14 03:38:14.710593,,,approved
11,2018-12-14 03:25:06.784169,,,,,,f,,{},participant,undefined,mturk,11,337RC3OW06VRVCBWE28VMGBSBKQLV3,11:337RC3OW06VRVCBWE28VMGBSBKQLV3,3Z56AA6EK4TNZKGMN4W0MHEVDHP6M6,undefined,2018-12-14 03:38:05.109963,,,approved
13,2018-12-14 03:25:42.306241,,,,,,f,,{},participant,undefined,mturk,13,3XIQGXAUMD1KKGRPAN83RWQCWBTX79,13:3XIQGXAUMD1KKGRPAN83RWQCWBTX79,3Z56AA6EK4TNZKGMN4W0MHEVDHP6M6,undefined,2018-12-14 03:38:17.807844,,,approved
18,2018-12-14 03:27:49.34556,,,,,,f,,{},participant,undefined,mturk,18,3XLBSAQ9Z559PBR4B5WOOH6N4BR7ZG,18:3XLBSAQ9Z559PBR4B5WOOH6N4BR7ZG,3Z56AA6EK4TNZKGMN4W0MHEVDHP6M6,undefined,2018-12-14 03:38:04.355064,,,approved
37,2018-12-14 04:09:14.162508,,,,,,f,,{},participant,undefined,mturk,37,3KIBXJ1WD6NLLMKHSQAGCO45QRRKO0,37:3KIBXJ1WD6NLLMKHSQAGCO45QRRKO0,3Z56AA6EK4TNZKGMN4W0MHEVDHP6M6,undefined,2018-12-14 04:09:16.27228,,,overrecruited
