id,creation_time,property1,property2,property3,property4,property5,failed,time_of_death,details,type,participant_id,number,question,response
1,2018-12-14 03:31:50.181651,,,,,,f,,{},question,16,1,questionnaire,"{""engagement"":""7"",""difficulty"":""4""}"
2,2018-12-14 03:37:09.831809,,,,,,f,,{},question,19,1,questionnaire,"{""engagement"":""7"",""difficulty"":""7""}"
3,2018-12-14 03:37:57.579833,,,,,,f,,{},question,3,1,questionnaire,"{""engagement"":""7"",""difficulty"":""5""}"
4,2018-12-14 03:37:57.908986,,,,,,f,,{},question,17,1,questionnaire,"{""engagement"":""6"",""difficulty"":""7""}"
5,2018-12-14 03:37:57.983419,,,,,,f,,{},question,2,1,questionnaire,"{""engagement"":""7"",""difficulty"":""7""}"
6,2018-12-14 03:37:58.538979,,,,,,f,,{},question,6,1,questionnaire,"{""engagement"":""7"",""difficulty"":""6""}"
7,2018-12-14 03:37:58.889828,,,,,,f,,{},question,9,1,questionnaire,"{""engagement"":""7"",""difficulty"":""7""}"
8,2018-12-14 03:38:02.022086,,,,,,f,,{},question,7,1,questionnaire,"{""engagement"":""7"",""difficulty"":""5""}"
9,2018-12-14 03:38:02.273241,,,,,,f,,{},question,15,1,questionnaire,"{""engagement"":""6"",""difficulty"":""7""}"
10,2018-12-14 03:38:04.174768,,,,,,f,,{},question,18,1,questionnaire,"{""engagement"":""7"",""difficulty"":""1""}"
11,2018-12-14 03:38:04.966611,,,,,,f,,{},question,11,1,questionnaire,"{""engagement"":""7"",""difficulty"":""6""}"
12,2018-12-14 03:38:14.631857,,,,,,f,,{},question,1,1,questionnaire,"{""engagement"":""2"",""difficulty"":""6""}"
13,2018-12-14 03:38:17.571206,,,,,,f,,{},question,13,1,questionnaire,"{""engagement"":""7"",""difficulty"":""4""}"
14,2018-12-14 03:38:44.665731,,,,,,f,,{},question,12,1,questionnaire,"{""engagement"":""2"",""difficulty"":""3""}"
